prediction_id,model_version,model_year,issued_at_utc,anchor_date,ticker,horizon_bars,horizon_label,feature_count,ridge_prediction,ridge_rank_pct,ridge_top_quintile,ridge_top_decile,equal_weight_score,equal_weight_rank_pct,equal_weight_top_quintile,equal_weight_top_decile,avoid_probability,avoid_risk_rank_pct,avoid_top_risk_quintile,avoid_top_risk_decile,anchor_close,anchor_spy_close
09c11efaa64bc62607206680,CLEAN_SHEET_R4_2026_V1,2026,2026-09-03T01:27:39.770127+00:00,2026-08-31,AAXJ,21,1M,2,-0.0002643537680135,0.8383233532934131,True,False,0.0823353293413173,0.6107784431137725,False,False,0.2501474326930161,0.8323353293413174,True,False,116.76000213623048,767.0499877929688
5d10a8a1e255d1557c8ee01b,CLEAN_SHEET_R4_2026_V1,2026,2026-09-03T01:27:39.770127+00:00,2026-08-31,ACWI,21,1M,2,-0.0027501123327868,0.5089820359281437,False,False,0.0134730538922155,0.4491017964071856,False,False,0.1831555756117542,0.437125748502994,False,False,160.67999267578125,767.0499877929688
db92321486f2d83874e772b1,CLEAN_SHEET_R4_2026_V1,2026,2026-09-03T01:27:39.770127+00:00,2026-08-31,ACWX,21,1M,2,-0.0026531137030441,0.5269461077844312,False,False,0.2065868263473053,0.8203592814371258,True,False,0.152979520287384,0.1497005988023952,False,False,77.4000015258789,767.0499877929688
2ea8ccccb5e99cb4ce6e4f32,CLEAN_SHEET_R4_2026_V1,2026,2026-09-03T01:27:39.770127+00:00,2026-08-31,AFK,21,1M,2,-0.0005222334846552,0.7844311377245509,False,False,-0.061377245508982,0.3233532934131736,False,False,0.2743240372703731,0.9461077844311376,True,True,29.1200008392334,767.0499877929688
89b6d9255b93ef84db36046d,CLEAN_SHEET_R4_2026_V1,2026,2026-09-03T01:27:39.770127+00:00,2026-08-31,ARGT,21,1M,2,0.0004306455110535,0.940119760479042,True,True,-0.0419161676646707,0.3592814371257485,False,False,0.3074525673972742,0.9880239520958084,True,True,94.5500030517578,767.0499877929688
4841ede9bb109fb48e5bd95d,CLEAN_SHEET_R4_2026_V1,2026,2026-09-03T01:27:39.770127+00:00,2026-08-31,ASEA,21,1M,2,-0.0015324727148606,0.6646706586826348,False,False,0.2934131736526946,0.934131736526946,True,True,0.1679510823475276,0.2994011976047904,False,False,21.6299991607666,767.0499877929688
6396474962bfc489acd7d368,CLEAN_SHEET_R4_2026_V1,2026,2026-09-03T01:27:39.770127+00:00,2026-08-31,CARZ,21,1M,2,0.0007995784213316,0.9580838323353292,True,True,0.1122754491017964,0.6646706586826348,False,False,0.2832594374848262,0.9700598802395208,True,True,106.43000030517578,767.0499877929688
a4387c4561da9da8aeb71d59,CLEAN_SHEET_R4_2026_V1,2026,2026-09-03T01:27:39.770127+00:00,2026-08-31,CIBR,21,1M,2,0.0003799538755879,0.934131736526946,True,True,0.2559880239520957,0.8862275449101796,True,False,0.2342417032191369,0.7604790419161677,False,False,100.1500015258789,767.0499877929688
660b62b3d99bd6e2b437a601,CLEAN_SHEET_R4_2026_V1,2026,2026-09-03T01:27:39.770127+00:00,2026-08-31,CORO,21,1M,2,-0.0013708742621297,0.6826347305389222,False,False,0.2140718562874251,0.8383233532934131,True,False,0.1865845818395421,0.4610778443113772,False,False,37.060001373291016,767.0499877929688
62959923b168c639639db067,CLEAN_SHEET_R4_2026_V1,2026,2026-09-03T01:27:39.770127+00:00,2026-08-31,CPER,21,1M,2,-0.0001888615972011,0.844311377245509,True,False,0.1631736526946107,0.7485029940119761,False,False,0.234760829120379,0.7664670658682635,False,False,40.0,767.0499877929688
3fc422733bd10e9edc3c76b9,CLEAN_SHEET_R4_2026_V1,2026,2026-09-03T01:27:39.770127+00:00,2026-08-31,CQQQ,21,1M,2,-0.0044665214266017,0.1497005988023952,False,False,-0.4550898203592814,0.0239520958083832,False,False,0.2215031810436845,0.718562874251497,False,False,49.13999938964844,767.0499877929688
57fa50c67f7e69987102a56d,CLEAN_SHEET_R4_2026_V1,2026,2026-09-03T01:27:39.770127+00:00,2026-08-31,DBEF,21,1M,2,-0.0023250416131309,0.5568862275449101,False,False,0.0464071856287424,0.5269461077844312,False,False,0.1895506580257876,0.4790419161676646,False,False,55.7400016784668,767.0499877929688
f0ae597fe8879197084560be,CLEAN_SHEET_R4_2026_V1,2026,2026-09-03T01:27:39.770127+00:00,2026-08-31,DEM,21,1M,2,-0.0011325612134675,0.7065868263473054,False,False,-0.0374251497005987,0.3772455089820359,False,False,0.2459966496785353,0.8143712574850299,True,False,55.63999938964844,767.0499877929688
9a3518a94345acfbc5d7b29c,CLEAN_SHEET_R4_2026_V1,2026,2026-09-03T01:27:39.770127+00:00,2026-08-31,DGS,21,1M,2,-0.0035820413895849,0.3233532934131736,False,False,-0.2065868263473053,0.2065868263473053,False,False,0.1996877602158929,0.5449101796407185,False,False,64.2699966430664,767.0499877929688
05db69fa9588d8bbd241d9ce,CLEAN_SHEET_R4_2026_V1,2026,2026-09-03T01:27:39.770127+00:00,2026-08-31,DIA,21,1M,2,-0.0038985696960156,0.2694610778443114,False,False,-0.124251497005988,0.2754491017964072,False,False,0.1751239281058522,0.3832335329341317,False,False,531.5700073242188,767.0499877929688
2bbdb5a9b7b6d27e85590ffe,CLEAN_SHEET_R4_2026_V1,2026,2026-09-03T01:27:39.770127+00:00,2026-08-31,DXJ,21,1M,2,-0.0001610452221558,0.8622754491017964,True,False,0.2140718562874251,0.8323353293413174,True,False,0.2247499855595177,0.7365269461077845,False,False,179.61000061035156,767.0499877929688
ca4daf163060606e22b5b49b,CLEAN_SHEET_R4_2026_V1,2026,2026-09-03T01:27:39.770127+00:00,2026-08-31,ECH,21,1M,2,-0.0004581387209541,0.7904191616766467,False,False,-0.1107784431137725,0.2874251497005988,False,False,0.2889989466545768,0.9760479041916168,True,True,40.5,767.0499877929688
d298b2ec006c09bc3d88388f,CLEAN_SHEET_R4_2026_V1,2026,2026-09-03T01:27:39.770127+00:00,2026-08-31,EDEN,21,1M,2,-0.0029312774534971,0.4790419161676646,False,False,-0.3023952095808383,0.1437125748502994,False,False,0.2412821576000447,0.7904191616766467,False,False,117.33000183105467,767.0499877929688
149ae26a3a110ad342842c1d,CLEAN_SHEET_R4_2026_V1,2026,2026-09-03T01:27:39.770127+00:00,2026-08-31,EEM,21,1M,2,-0.0004189249387975,0.7964071856287425,False,False,0.0703592814371257,0.5808383233532934,False,False,0.247281419338238,0.8203592814371258,True,False,67.0199966430664,767.0499877929688
7d7a18ec5674f6d65b986484,CLEAN_SHEET_R4_2026_V1,2026,2026-09-03T01:27:39.770127+00:00,2026-08-31,EEMO,21,1M,2,-0.0003802821461015,0.8023952095808383,True,False,0.0733532934131736,0.5868263473053892,False,False,0.2479958508249964,0.8263473053892215,True,False,22.18000030517578,767.0499877929688
9e910f357081e8be104aae8d,CLEAN_SHEET_R4_2026_V1,2026,2026-09-03T01:27:39.770127+00:00,2026-08-31,EEMV,21,1M,2,-0.0023510645735967,0.5508982035928144,False,False,-0.0793413173652694,0.2994011976047904,False,False,0.2133427579017943,0.6706586826347305,False,False,75.69000244140625,767.0499877929688
7d8dd2ff4ff8e232c7412329,CLEAN_SHEET_R4_2026_V1,2026,2026-09-03T01:27:39.770127+00:00,2026-08-31,EFA,21,1M,2,-0.0033486839715718,0.3832335329341317,False,False,0.1526946107784431,0.7305389221556886,False,False,0.1442484463210819,0.0958083832335329,False,False,107.4499969482422,767.0499877929688
4d27cee2f5b0805b343779da,CLEAN_SHEET_R4_2026_V1,2026,2026-09-03T01:27:39.770127+00:00,2026-08-31,EFAV,21,1M,2,-0.0050103240574992,0.0179640718562874,False,False,0.0239520958083832,0.4730538922155688,False,False,0.1250635563580729,0.0239520958083832,False,False,94.12000274658205,767.0499877929688
2969ee10cba6c8e8b9b0c840,CLEAN_SHEET_R4_2026_V1,2026,2026-09-03T01:27:39.770127+00:00,2026-08-31,EFG,21,1M,2,-0.0044503952114101,0.1616766467065868,False,False,-0.1182634730538922,0.281437125748503,False,False,0.1592480639759225,0.1976047904191616,False,False,124.37999725341795,767.0499877929688
04c81fbab46a78d2e8c8b518,CLEAN_SHEET_R4_2026_V1,2026,2026-09-03T01:27:39.770127+00:00,2026-08-31,EFNL,21,1M,2,-0.0005967959830911,0.7664670658682635,False,False,0.0209580838323353,0.4640718562874251,False,False,0.2520980542940566,0.844311377245509,True,False,54.77999877929688,767.0499877929688
0568207a9dbe050259a1bee7,CLEAN_SHEET_R4_2026_V1,2026,2026-09-03T01:27:39.770127+00:00,2026-08-31,EFV,21,1M,2,-0.0019961862272124,0.5988023952095808,False,False,0.2574850299401197,0.8922155688622755,True,False,0.1616186885985971,0.2155688622754491,False,False,81.80999755859375,767.0499877929688
7c377311b23542238772c16e,CLEAN_SHEET_R4_2026_V1,2026,2026-09-03T01:27:39.770127+00:00,2026-08-31,EIDO,21,1M,2,-0.0029793119321801,0.467065868263473,False,False,-0.3173652694610778,0.1377245508982036,False,False,0.2429200453011082,0.7964071856287425,False,False,12.729999542236328,767.0499877929688
36c74de9d6d962d78f90333d,CLEAN_SHEET_R4_2026_V1,2026,2026-09-03T01:27:39.770127+00:00,2026-08-31,EIRL,21,1M,2,-0.0021894001906923,0.5688622754491018,False,False,0.2425149700598802,0.874251497005988,True,False,0.1590376327244287,0.1916167664670658,False,False,82.98999786376953,767.0499877929688
ab7d7c07235571ef3c9924c9,CLEAN_SHEET_R4_2026_V1,2026,2026-09-03T01:27:39.770127+00:00,2026-08-31,EIS,21,1M,2,-0.0003447211232775,0.8203592814371258,True,False,0.0029940119760479,0.4311377245508982,False,False,0.2656517722730822,0.8682634730538922,True,False,122.8000030517578,767.0499877929688
5e0a9a39f9005a65179647f2,CLEAN_SHEET_R4_2026_V1,2026,2026-09-03T01:27:39.770127+00:00,2026-08-31,EMXC,21,1M,2,0.000624430463994,0.9520958083832336,True,True,0.1511976047904191,0.7245508982035929,False,False,0.2670520366204385,0.8802395209580839,True,False,98.23999786376952,767.0499877929688
fa5b1ee83ec697d8b967af2c,CLEAN_SHEET_R4_2026_V1,2026,2026-09-03T01:27:39.770127+00:00,2026-08-31,ENOR,21,1M,2,-0.0009017145758658,0.7365269461077845,False,False,0.4266467065868263,0.994011976047904,True,True,0.1624208869957352,0.2215568862275449,False,False,36.900001525878906,767.0499877929688
4fca9fbff25f6751fbe7ed8d,CLEAN_SHEET_R4_2026_V1,2026,2026-09-03T01:27:39.770127+00:00,2026-08-31,ENZL,21,1M,2,-0.0050489668501952,0.0119760479041916,False,False,0.0209580838323353,0.4640718562874251,False,False,0.1246445711033471,0.0179640718562874,False,False,48.119998931884766,767.0499877929688
b2a1230f54cc3fd0d4ff7c82,CLEAN_SHEET_R4_2026_V1,2026,2026-09-03T01:27:39.770127+00:00,2026-08-31,EPHE,21,1M,2,-0.005009313938925,0.0239520958083832,False,False,-0.4221556886227545,0.0778443113772455,False,False,0.19748688600876,0.5269461077844312,False,False,23.75,767.0499877929688
fe8ca001101308ee16120294,CLEAN_SHEET_R4_2026_V1,2026,2026-09-03T01:27:39.770127+00:00,2026-08-31,EPOL,21,1M,2,-0.0007126584310055,0.7544910179640718,False,False,0.4131736526946108,0.9820359281437124,True,True,0.1697595790463542,0.311377245508982,False,False,44.09999847412109,767.0499877929688
01427623376e8db6809847cb,CLEAN_SHEET_R4_2026_V1,2026,2026-09-03T01:27:39.770127+00:00,2026-08-31,EPP,21,1M,2,-0.0034646123496598,0.3473053892215569,False,False,0.1437125748502994,0.7065868263473054,False,False,0.1428342244301227,0.0838323353293413,False,False,57.790000915527344,767.0499877929688
413488c5e61c9e4f750a4abc,CLEAN_SHEET_R4_2026_V1,2026,2026-09-03T01:27:39.770127+00:00,2026-08-31,EPU,21,1M,2,-2.540379971722453e-05,0.8922155688622755,True,False,0.4101796407185629,0.9760479041916168,True,True,0.189898397275902,0.4850299401197604,False,False,91.55999755859376,767.0499877929688
7c2d5a05fad5a2c4699af247,CLEAN_SHEET_R4_2026_V1,2026,2026-09-03T01:27:39.770127+00:00,2026-08-31,EWA,21,1M,2,-0.003000898837308,0.4550898203592814,False,False,0.1796407185628742,0.7964071856287425,False,False,0.1485610409904239,0.1257485029940119,False,False,30.020000457763672,767.0499877929688
82cb43eaa2d253d5ec6c4d6c,CLEAN_SHEET_R4_2026_V1,2026,2026-09-03T01:27:39.770127+00:00,2026-08-31,EWC,21,1M,2,-0.0024598997395642,0.5449101796407185,False,False,0.2215568862275448,0.844311377245509,True,False,0.1554804352489963,0.1736526946107784,False,False,61.43000030517578,767.0499877929688
9f2aeb5af4ebb9611e44bb1d,CLEAN_SHEET_R4_2026_V1,2026,2026-09-03T01:27:39.770127+00:00,2026-08-31,EWD,21,1M,2,-0.0036191835204437,0.3173652694610778,False,False,0.1317365269461077,0.6826347305389222,False,False,0.1409665900539999,0.0658682634730539,False,False,53.40999984741211,767.0499877929688
5534bf6ffaac4e6ee6e3dc1f,CLEAN_SHEET_R4_2026_V1,2026,2026-09-03T01:27:39.770127+00:00,2026-08-31,EWG,21,1M,2,-0.0048624214857463,0.0538922155688622,False,False,0.1122754491017964,0.6586826347305389,False,False,0.1166832322352642,0.0119760479041916,False,False,44.22999954223633,767.0499877929688
41d548fe3e5dce78a113e210,CLEAN_SHEET_R4_2026_V1,2026,2026-09-03T01:27:39.770127+00:00,2026-08-31,EWH,21,1M,2,-0.0039576428988941,0.2634730538922156,False,False,-0.2844311377245509,0.1497005988023952,False,False,0.203237355758778,0.6107784431137725,False,False,22.90999984741211,767.0499877929688
f190f0189967cb1fd96dafc7,CLEAN_SHEET_R4_2026_V1,2026,2026-09-03T01:27:39.770127+00:00,2026-08-31,EWI,21,1M,2,-0.0019908059834738,0.6047904191616766,False,False,0.0329341317365269,0.5089820359281437,False,False,0.2023226126061544,0.5808383233532934,False,False,62.27999877929688,767.0499877929688
bbcc827a3beaa8b45f1d3d4b,CLEAN_SHEET_R4_2026_V1,2026,2026-09-03T01:27:39.770127+00:00,2026-08-31,EWJ,21,1M,2,-0.0019386136861711,0.6167664670658682,False,False,0.0763473053892215,0.5988023952095808,False,False,0.1955115915350025,0.5209580838323353,False,False,95.87999725341795,767.0499877929688
c0c7fdd210d5b4b98a049f91,CLEAN_SHEET_R4_2026_V1,2026,2026-09-03T01:27:39.770127+00:00,2026-08-31,EWL,21,1M,2,-0.0045852533378433,0.1077844311377245,False,False,0.0568862275449101,0.5449101796407185,False,False,0.1297524857549526,0.029940119760479,False,False,62.79999923706055,767.0499877929688
ecfbb10cf6f5404c1083de86,CLEAN_SHEET_R4_2026_V1,2026,2026-09-03T01:27:39.770127+00:00,2026-08-31,EWM,21,1M,2,-0.0034935707036264,0.3413173652694611,False,False,-0.2634730538922155,0.1616766467065868,False,False,0.2138496786684216,0.6766467065868264,False,False,28.38999938964844,767.0499877929688
d52a25f99eec27cf4ca83b3e,CLEAN_SHEET_R4_2026_V1,2026,2026-09-03T01:27:39.770127+00:00,2026-08-31,EWN,21,1M,2,-0.0007856398214067,0.7425149700598802,False,False,0.2275449101796406,0.8502994011976048,True,False,0.2017347460092151,0.5748502994011976,False,False,68.31999969482422,767.0499877929688
96377d53d0ace754782c28e8,CLEAN_SHEET_R4_2026_V1,2026,2026-09-03T01:27:39.770127+00:00,2026-08-31,EWO,21,1M,2,-0.0006353728456136,0.7604790419161677,False,False,0.4191616766467066,0.9880239520958084,True,True,0.1708432146673541,0.3233532934131736,False,False,44.040000915527344,767.0499877929688
88925e2a2c33a06c27df5164,CLEAN_SHEET_R4_2026_V1,2026,2026-09-03T01:27:39.770127+00:00,2026-08-31,EWP,21,1M,2,-0.0011205928168956,0.7125748502994012,False,False,0.2709580838323353,0.9161676646706588,True,True,0.1834471964077239,0.4431137724550898,False,False,62.400001525878906,767.0499877929688
fecbc51e6aaec436a4dcd33b,CLEAN_SHEET_R4_2026_V1,2026,2026-09-03T01:27:39.770127+00:00,2026-08-31,EWQ,21,1M,2,-0.0047730870575847,0.0778443113772455,False,False,-0.1826347305389221,0.2275449101796407,False,False,0.1613890075902395,0.2095808383233532,False,False,45.86000061035156,767.0499877929688
eb445a65eb02047849c3b328,CLEAN_SHEET_R4_2026_V1,2026,2026-09-03T01:27:39.770127+00:00,2026-08-31,EWS,21,1M,2,-0.0019189006418204,0.6227544910179641,False,False,0.2634730538922155,0.8982035928143712,True,False,0.1626605392336789,0.2275449101796407,False,False,34.16999816894531,767.0499877929688
4e1c97658afd335959ca1a41,CLEAN_SHEET_R4_2026_V1,2026,2026-09-03T01:27:39.770127+00:00,2026-08-31,EWT,21,1M,2,0.0008949300128659,0.9700598802395208,True,True,0.1721556886227545,0.7724550898203593,False,False,0.2723386900914381,0.9101796407185628,True,True,108.02999877929688,767.0499877929688
1d8360d4387078885deef3b3,CLEAN_SHEET_R4_2026_V1,2026,2026-09-03T01:27:39.770127+00:00,2026-08-31,EWU,21,1M,2,-0.0035032551423558,0.3353293413173652,False,False,0.1407185628742515,0.7005988023952096,False,False,0.1423653914935102,0.0778443113772455,False,False,48.369998931884766,767.0499877929688
7b95dd59ea6f0ba8109aa4f2,CLEAN_SHEET_R4_2026_V1,2026,2026-09-03T01:27:39.770127+00:00,2026-08-31,EWW,21,1M,2,-0.0013284982639035,0.688622754491018,False,False,-0.1407185628742515,0.2634730538922156,False,False,0.2626460682683316,0.8622754491017964,True,False,76.72000122070312,767.0499877929688
416aa15b8c93ebd8fc1c4165,CLEAN_SHEET_R4_2026_V1,2026,2026-09-03T01:27:39.770127+00:00,2026-08-31,EWY,21,1M,2,0.0010839861577261,0.994011976047904,True,True,0.1586826347305389,0.7365269461077845,False,False,0.2829659677061493,0.9640718562874252,True,True,180.8600006103516,767.0499877929688
605bf03df7da2344daab6650,CLEAN_SHEET_R4_2026_V1,2026,2026-09-03T01:27:39.770127+00:00,2026-08-31,EWZ,21,1M,2,-0.000725556499954,0.7485029940119761,False,False,-0.0583832335329341,0.3323353293413174,False,False,0.2658480617265902,0.874251497005988,True,False,36.02999877929688,767.0499877929688
d18c66dcf29fce9ad9794a9f,CLEAN_SHEET_R4_2026_V1,2026,2026-09-03T01:27:39.770127+00:00,2026-08-31,EXI,21,1M,2,-0.0038384204443894,0.281437125748503,False,False,-0.0089820359281437,0.4251497005988024,False,False,0.157305097051447,0.1796407185628742,False,False,197.8000030517578,767.0499877929688
42fa62f23d50ff3d40c7dae0,CLEAN_SHEET_R4_2026_V1,2026,2026-09-03T01:27:39.770127+00:00,2026-08-31,EZA,21,1M,2,-0.0002903767284793,0.8263473053892215,True,False,-0.0434131736526945,0.3532934131736527,False,False,0.2789278256567074,0.9580838323353292,True,True,70.5,767.0499877929688
ad0e7cdb06971c05d1d49b19,CLEAN_SHEET_R4_2026_V1,2026,2026-09-03T01:27:39.770127+00:00,2026-08-31,EZU,21,1M,2,-0.0030655645904697,0.4431137724550898,False,False,0.0508982035928143,0.5329341317365269,False,False,0.167740452189563,0.2934131736526946,False,False,70.45999908447266,767.0499877929688
ed4fd6a5a1261fb153f795bd,CLEAN_SHEET_R4_2026_V1,2026,2026-09-03T01:27:39.770127+00:00,2026-08-31,FDN,21,1M,2,-0.0015521857592112,0.6586826347305389,False,False,0.1062874251497006,0.6526946107784432,False,False,0.2016133493773855,0.562874251497006,False,False,292.489990234375,767.0499877929688
17d46afeda7e725026c00c5f,CLEAN_SHEET_R4_2026_V1,2026,2026-09-03T01:27:39.770127+00:00,2026-08-31,FEZ,21,1M,2,-0.0029496362123818,0.4730538922155688,False,False,0.059880239520958,0.5568862275449101,False,False,0.1693525527255883,0.3053892215568862,False,False,70.83999633789062,767.0499877929688
a14a3ca6e9befd25a913c1ea,CLEAN_SHEET_R4_2026_V1,2026,2026-09-03T01:27:39.770127+00:00,2026-08-31,GLD,21,1M,2,-0.0011589428568492,0.7005988023952096,False,False,-0.1482035928143713,0.2574850299401197,False,False,0.2708465518738076,0.8922155688622755,True,False,408.4200134277344,767.0499877929688
70d206b0574b4a91efbe3411,CLEAN_SHEET_R4_2026_V1,2026,2026-09-03T01:27:39.770127+00:00,2026-08-31,GREK,21,1M,2,-0.0010510518792823,0.7305389221556886,False,False,0.3982035928143713,0.9700598802395208,True,True,0.1632006100483424,0.2395209580838323,False,False,85.19000244140625,767.0499877929688
32f7233f3dd08927e4ec81f3,CLEAN_SHEET_R4_2026_V1,2026,2026-09-03T01:27:39.770127+00:00,2026-08-31,HEDJ,21,1M,2,-0.0043794195421332,0.1736526946107784,False,False,-0.0508982035928143,0.3473053892215569,False,False,0.1503189529901331,0.1317365269461078,False,False,57.27000045776367,767.0499877929688
41af2bac6e5987eeed1080da,CLEAN_SHEET_R4_2026_V1,2026,2026-09-03T01:27:39.770127+00:00,2026-08-31,HEEM,21,1M,2,-0.0001484253899256,0.8682634730538922,True,False,0.0913173652694611,0.6317365269461078,False,False,0.2523114183432274,0.8502994011976048,True,False,42.27999877929688,767.0499877929688
4ab2e859df205eed24c4c1af,CLEAN_SHEET_R4_2026_V1,2026,2026-09-03T01:27:39.770127+00:00,2026-08-31,HEFA,21,1M,2,-0.002054542064259,0.5868263473053892,False,False,0.0673652694610778,0.5688622754491018,False,False,0.193708548239191,0.5029940119760479,False,False,47.22999954223633,767.0499877929688
2042e296b255ec66818389a9,CLEAN_SHEET_R4_2026_V1,2026,2026-09-03T01:27:39.770127+00:00,2026-08-31,IBB,21,1M,2,-0.0001684311870186,0.8562874251497006,True,False,0.3203592814371257,0.940119760479042,True,True,0.202779401390032,0.592814371257485,False,False,209.0500030517578,767.0499877929688
eb27b2ab4b22258dde2b13b5,CLEAN_SHEET_R4_2026_V1,2026,2026-09-03T01:27:39.770127+00:00,2026-08-31,IEFA,21,1M,2,-0.0034259695569638,0.3592814371257485,False,False,0.1467065868263473,0.7155688622754491,False,False,0.1433043433299771,0.0898203592814371,False,False,100.26000213623048,767.0499877929688
04a05ffdd795f1f8cd9fc1ed,CLEAN_SHEET_R4_2026_V1,2026,2026-09-03T01:27:39.770127+00:00,2026-08-31,IEMG,21,1M,2,-0.0005734961095814,0.7724550898203593,False,False,0.0583832335329341,0.5508982035928144,False,False,0.244437538593822,0.8083832335329342,True,False,81.7300033569336,767.0499877929688
02a9d9dbb8bc59dd0bb35601,CLEAN_SHEET_R4_2026_V1,2026,2026-09-03T01:27:39.770127+00:00,2026-08-31,IEUR,21,1M,2,-0.0038510402766196,0.2754491017964072,False,False,0.1137724550898203,0.6706586826347305,False,False,0.1382034575247195,0.0479041916167664,False,False,77.5,767.0499877929688
5cb31bac1df349e5e32e2758,CLEAN_SHEET_R4_2026_V1,2026,2026-09-03T01:27:39.770127+00:00,2026-08-31,IGV,21,1M,2,0.000856792279457,0.9640718562874252,True,True,-0.0538922155688622,0.3413173652694611,False,False,0.3284955819744979,1.0,True,True,109.9800033569336,767.0499877929688
a2943b94800d65c9a9882949,CLEAN_SHEET_R4_2026_V1,2026,2026-09-03T01:27:39.770127+00:00,2026-08-31,IHF,21,1M,2,-0.0003670913244107,0.8143712574850299,True,False,0.1287425149700599,0.6766467065868264,False,False,0.236096042640281,0.7784431137724551,False,False,56.709999084472656,767.0499877929688
4be22889824c82adbe16637f,CLEAN_SHEET_R4_2026_V1,2026,2026-09-03T01:27:39.770127+00:00,2026-08-31,IHI,21,1M,2,-0.0037518091031839,0.3053892215568862,False,False,-0.3922155688622755,0.0958083832335329,False,False,0.2323418128383368,0.7544910179640718,False,False,54.970001220703125,767.0499877929688
db382b60d606313fdb73c4f4,CLEAN_SHEET_R4_2026_V1,2026,2026-09-03T01:27:39.770127+00:00,2026-08-31,IJR,21,1M,2,-0.0016357812607183,0.6467065868263473,False,False,0.1616766467065868,0.7425149700598802,False,False,0.1884906291074758,0.4730538922155688,False,False,144.52000427246094,767.0499877929688
0efb1d537996d90b86b79ff3,CLEAN_SHEET_R4_2026_V1,2026,2026-09-03T01:27:39.770127+00:00,2026-08-31,ILF,21,1M,2,-0.0003777713656902,0.8083832335329342,True,False,-0.0314371257485029,0.3952095808383233,False,False,0.2726378801059622,0.9161676646706588,True,True,34.900001525878906,767.0499877929688
2a06cc512556572c0927f804,CLEAN_SHEET_R4_2026_V1,2026,2026-09-03T01:27:39.770127+00:00,2026-08-31,IMTM,21,1M,2,-0.0037667274092808,0.2994011976047904,False,False,0.028443113772455,0.4910179640718562,False,False,0.1531507162693582,0.155688622754491,False,False,53.2599983215332,767.0499877929688
7ba9e9c9f554fff8d94783eb,CLEAN_SHEET_R4_2026_V1,2026,2026-09-03T01:27:39.770127+00:00,2026-08-31,INDA,21,1M,2,-0.0045149145882007,0.1377245508982036,False,False,-0.4550898203592814,0.029940119760479,False,False,0.2198922551833211,0.7005988023952096,False,False,49.70000076293945,767.0499877929688
31caab5a52eeec1d00f16f9c,CLEAN_SHEET_R4_2026_V1,2026,2026-09-03T01:27:39.770127+00:00,2026-08-31,IOO,21,1M,2,-0.0020294487761698,0.592814371257485,False,False,0.029940119760479,0.5029940119760479,False,False,0.2017044657574437,0.5688622754491018,False,False,144.14999389648438,767.0499877929688
cb4eb8aa71c323394066aa0e,CLEAN_SHEET_R4_2026_V1,2026,2026-09-03T01:27:39.770127+00:00,2026-08-31,IQLT,21,1M,2,-0.0031941128007879,0.4311377245508982,False,False,0.1646706586826347,0.7544910179640718,False,False,0.1461521636737716,0.1017964071856287,False,False,51.470001220703125,767.0499877929688
e591bec8af3947f67340a2cb,CLEAN_SHEET_R4_2026_V1,2026,2026-09-03T01:27:39.770127+00:00,2026-08-31,ITA,21,1M,2,-0.0045339907129172,0.1257485029940119,False,False,-0.062874251497006,0.3173652694610778,False,False,0.1483703919401661,0.1197604790419161,False,False,228.3500061035156,767.0499877929688
659a416c27f6c631df4a3176,CLEAN_SHEET_R4_2026_V1,2026,2026-09-03T01:27:39.770127+00:00,2026-08-31,ITB,21,1M,2,-0.0043502343655978,0.1796407185628742,False,False,-0.4610778443113772,0.0179640718562874,False,False,0.2266838869381302,0.7425149700598802,False,False,94.69000244140624,767.0499877929688
6aa9887b54966026c6817983,CLEAN_SHEET_R4_2026_V1,2026,2026-09-03T01:27:39.770127+00:00,2026-08-31,ITOT,21,1M,2,-0.0032911114305305,0.4131736526946107,False,False,-0.028443113772455,0.4071856287425149,False,False,0.1752601428728009,0.3892215568862275,False,False,167.9199981689453,767.0499877929688
84a8227c0b868d8567d73b6d,CLEAN_SHEET_R4_2026_V1,2026,2026-09-03T01:27:39.770127+00:00,2026-08-31,IWB,21,1M,2,-0.0034456826013145,0.3532934131736527,False,False,-0.0404191616766467,0.3652694610778443,False,False,0.1730541212157631,0.3532934131736527,False,False,419.8800048828125,767.0499877929688
aa2ac956a5cf2cbdffb5c4f9,CLEAN_SHEET_R4_2026_V1,2026,2026-09-03T01:27:39.770127+00:00,2026-08-31,IWD,21,1M,2,-0.001636857309466,0.6407185628742516,False,False,0.2065868263473054,0.8263473053892215,True,False,0.1802394347152046,0.4191616766467065,False,False,256.9100036621094,767.0499877929688
7d731ed25b3b9f8070aa8a6f,CLEAN_SHEET_R4_2026_V1,2026,2026-09-03T01:27:39.770127+00:00,2026-08-31,IWF,21,1M,2,-0.0034072521151632,0.3652694610778443,False,False,-0.2305389221556886,0.1736526946107784,False,False,0.2099446001222819,0.6526946107784432,False,False,122.70999908447266,767.0499877929688
c3dcfde76da0d80b06fb6ce2,CLEAN_SHEET_R4_2026_V1,2026,2026-09-03T01:27:39.770127+00:00,2026-08-31,IWM,21,1M,2,-0.0018289952241982,0.6287425149700598,False,False,0.1467065868263473,0.7155688622754491,False,False,0.1855754187177666,0.4550898203592814,False,False,293.92999267578125,767.0499877929688
7413aeb8059d0ec2816d1bc3,CLEAN_SHEET_R4_2026_V1,2026,2026-09-03T01:27:39.770127+00:00,2026-08-31,IXC,21,1M,2,-0.0002749678791195,0.8323353293413174,True,False,0.3233532934131736,0.9461077844311376,True,True,0.1988850529982332,0.5389221556886228,False,False,58.18000030517578,767.0499877929688
c47c6b9a0f12e4ed38b27248,CLEAN_SHEET_R4_2026_V1,2026,2026-09-03T01:27:39.770127+00:00,2026-08-31,IXG,21,1M,2,-0.0027564222489019,0.5029940119760479,False,False,0.0748502994011975,0.592814371257485,False,False,0.1720667598197208,0.3413173652694611,False,False,134.2100067138672,767.0499877929688
f46c16f9dd8d18bd49193dad,CLEAN_SHEET_R4_2026_V1,2026,2026-09-03T01:27:39.770127+00:00,2026-08-31,IXJ,21,1M,2,-0.0031168272153959,0.437125748502994,False,False,0.1706586826347305,0.7634730538922155,False,False,0.1471118066201941,0.1077844311377245,False,False,104.23999786376952,767.0499877929688
10b922cb6892f2755479ba75,CLEAN_SHEET_R4_2026_V1,2026,2026-09-03T01:27:39.770127+00:00,2026-08-31,IXN,21,1M,2,0.0005290788724597,0.9461077844311376,True,True,0.0913173652694611,0.6317365269461078,False,False,0.2778417352501049,0.9520958083832336,True,True,141.1300048828125,767.0499877929688
ac4f3b325e2010d992238de5,CLEAN_SHEET_R4_2026_V1,2026,2026-09-03T01:27:39.770127+00:00,2026-08-31,IXP,21,1M,2,-0.0048686509556637,0.0479041916167664,False,False,-0.4356287425149701,0.0508982035928143,False,False,0.2044923551914572,0.6287425149700598,False,False,116.56999969482422,767.0499877929688
ff2c11fcb2485eb299238840,CLEAN_SHEET_R4_2026_V1,2026,2026-09-03T01:27:39.770127+00:00,2026-08-31,IXUS,21,1M,2,-0.0027303992884361,0.5149700598802395,False,False,0.2005988023952095,0.8143712574850299,True,False,0.1519884219653543,0.1437125748502994,False,False,97.41999816894533,767.0499877929688
d17ad2c89812abc131b57c31,CLEAN_SHEET_R4_2026_V1,2026,2026-09-03T01:27:39.770127+00:00,2026-08-31,IYG,21,1M,2,-0.0032524686378346,0.4191616766467065,False,False,-0.0254491017964071,0.4131736526946107,False,False,0.1758150964840822,0.3952095808383233,False,False,97.3000030517578,767.0499877929688
cecfb31a236936c838e60f83,CLEAN_SHEET_R4_2026_V1,2026,2026-09-03T01:27:39.770127+00:00,2026-08-31,IYJ,21,1M,2,-0.0042654968851695,0.2095808383233532,False,False,-0.1601796407185629,0.2395209580838323,False,False,0.1712177649107506,0.3293413173652694,False,False,161.1999969482422,767.0499877929688
43db3097e90970f088c4f3f2,CLEAN_SHEET_R4_2026_V1,2026,2026-09-03T01:27:39.770127+00:00,2026-08-31,IYK,21,1M,2,-0.004463227350185,0.155688622754491,False,False,-0.1886227544910179,0.2215568862275449,False,False,0.1707010223787952,0.3173652694610778,False,False,74.66000366210938,767.0499877929688
03e98be9aa363f03df64ec22,CLEAN_SHEET_R4_2026_V1,2026,2026-09-03T01:27:39.770127+00:00,2026-08-31,IYT,21,1M,2,-0.0021634431604001,0.5748502994011976,False,False,-0.0329341317365269,0.3832335329341317,False,False,0.2099757920237338,0.6586826347305389,False,False,85.13999938964844,767.0499877929688
c34a685d3d8e849059c30fe7,CLEAN_SHEET_R4_2026_V1,2026,2026-09-03T01:27:39.770127+00:00,2026-08-31,IYW,21,1M,2,0.0001812937381959,0.9041916167664672,True,True,0.0643712574850299,0.562874251497006,False,False,0.2709705993653158,0.8982035928143712,True,False,251.27999877929688,767.0499877929688
eb77e304aa0a547a22208318,CLEAN_SHEET_R4_2026_V1,2026,2026-09-03T01:27:39.770127+00:00,2026-08-31,IYZ,21,1M,2,2.672256741196276e-05,0.8982035928143712,True,False,0.0523952095808383,0.5389221556886228,False,False,0.2679512616523909,0.8862275449101796,True,False,43.119998931884766,767.0499877929688
12cd928cb4e758fe35999202,CLEAN_SHEET_R4_2026_V1,2026,2026-09-03T01:27:39.770127+00:00,2026-08-31,JXI,21,1M,2,-0.0043433534600221,0.18562874251497,False,False,-0.344311377245509,0.1257485029940119,False,False,0.2029525097910429,0.5988023952095808,False,False,80.91000366210938,767.0499877929688
896ba396d5a504836241ca55,CLEAN_SHEET_R4_2026_V1,2026,2026-09-03T01:27:39.770127+00:00,2026-08-31,KBA,21,1M,2,-0.0038194906960441,0.2934131736526946,False,False,-0.1931137724550898,0.2155688622754491,False,False,0.1899083229996383,0.4910179640718562,False,False,32.91999816894531,767.0499877929688
c17413e5346bd981003b15ef,CLEAN_SHEET_R4_2026_V1,2026,2026-09-03T01:27:39.770127+00:00,2026-08-31,KBE,21,1M,2,-0.0026018510781179,0.5329341317365269,False,False,0.0868263473053891,0.6167664670658682,False,False,0.1742628473612982,0.3712574850299401,False,False,67.80999755859375,767.0499877929688
70d9b7215af4b0d1cfbf1bcb,CLEAN_SHEET_R4_2026_V1,2026,2026-09-03T01:27:39.770127+00:00,2026-08-31,KIE,21,1M,2,-0.0040767994232252,0.2455089820359281,False,False,-0.1586826347305389,0.2455089820359281,False,False,0.1761980526265131,0.4011976047904191,False,False,63.150001525878906,767.0499877929688
8fd12453cc2d3c6915178a8d,CLEAN_SHEET_R4_2026_V1,2026,2026-09-03T01:27:39.770127+00:00,2026-08-31,KRE,21,1M,2,-0.0019449236022862,0.6107784431137725,False,False,0.1377245508982035,0.6946107784431138,False,False,0.1838430684344297,0.4491017964071856,False,False,73.55999755859375,767.0499877929688
6b21302b702baaf1758df676,CLEAN_SHEET_R4_2026_V1,2026,2026-09-03T01:27:39.770127+00:00,2026-08-31,KSA,21,1M,2,-0.0047203897009949,0.0898203592814371,False,False,-0.3622754491017964,0.1077844311377245,False,False,0.1948107335702379,0.5089820359281437,False,False,38.79999923706055,767.0499877929688
35a638ee9e2a076b08e0c6d2,CLEAN_SHEET_R4_2026_V1,2026,2026-09-03T01:27:39.770127+00:00,2026-08-31,KWEB,21,1M,2,-0.0045291814586392,0.1317365269461078,False,False,-0.4655688622754491,0.0119760479041916,False,False,0.2216116036300458,0.7245508982035929,False,False,25.809999465942383,767.0499877929688
d9387c6e5a75cd4d82422af0,CLEAN_SHEET_R4_2026_V1,2026,2026-09-03T01:27:39.770127+00:00,2026-08-31,KXI,21,1M,2,-0.0045410839250376,0.1197604790419161,False,False,-0.372754491017964,0.1017964071856287,False,False,0.2023633762238503,0.5868263473053892,False,False,68.3499984741211,767.0499877929688
635109a5886e016a5486697b,CLEAN_SHEET_R4_2026_V1,2026,2026-09-03T01:27:39.770127+00:00,2026-08-31,MCHI,21,1M,2,-0.0046451098367272,0.1017964071856287,False,False,-0.4745508982035928,0.0059880239520958,False,False,0.2196335745993423,0.6946107784431138,False,False,54.720001220703125,767.0499877929688
8fd42c798365c95810d9c855,CLEAN_SHEET_R4_2026_V1,2026,2026-09-03T01:27:39.770127+00:00,2026-08-31,MDY,21,1M,2,-0.0033747069320376,0.3772455089820359,False,False,0.0269461077844311,0.4850299401197604,False,False,0.1635014402700987,0.2455089820359281,False,False,687.1300048828125,767.0499877929688
e88cb8a817dbc6e9df3d70d8,CLEAN_SHEET_R4_2026_V1,2026,2026-09-03T01:27:39.770127+00:00,2026-08-31,MTUM,21,1M,2,-0.0010758524146292,0.7245508982035929,False,False,0.0194610778443113,0.4550898203592814,False,False,0.2353486459729352,0.7724550898203593,False,False,300.3599853515625,767.0499877929688
08946e31edafeb1fda29bb60,CLEAN_SHEET_R4_2026_V1,2026,2026-09-03T01:27:39.770127+00:00,2026-08-31,MXI,21,1M,2,-0.0015711155075566,0.6526946107784432,False,False,0.2904191616766467,0.9281437125748504,True,True,0.1674159090324443,0.281437125748503,False,False,115.4499969482422,767.0499877929688
29841c2f0b700a6e5b9b4a21,CLEAN_SHEET_R4_2026_V1,2026,2026-09-03T01:27:39.770127+00:00,2026-08-31,OIH,21,1M,2,0.0010175269899849,0.9880239520958084,True,True,0.1047904191616766,0.6467065868263473,False,False,0.2937883345311574,0.9820359281437124,True,True,429.1799926757813,767.0499877929688
128a2e9cf7245503dab03b4f,CLEAN_SHEET_R4_2026_V1,2026,2026-09-03T01:27:39.770127+00:00,2026-08-31,PAVE,21,1M,2,-0.0033129765723766,0.4071856287425149,False,False,-0.1257485029940119,0.2694610778443114,False,False,0.1923866301138226,0.497005988023952,False,False,54.70000076293945,767.0499877929688
7cecd78911b1a85adb69b396,CLEAN_SHEET_R4_2026_V1,2026,2026-09-03T01:27:39.770127+00:00,2026-08-31,PBJ,21,1M,2,-0.0041932987907737,0.2155688622754491,False,False,-0.3458083832335329,0.1197604790419161,False,False,0.2079911409805429,0.6347305389221557,False,False,47.70000076293945,767.0499877929688
2cea0f8671b116b1b92352bd,CLEAN_SHEET_R4_2026_V1,2026,2026-09-03T01:27:39.770127+00:00,2026-08-31,PEJ,21,1M,2,-0.0042958240406261,0.1976047904191616,False,False,-0.1062874251497006,0.2934131736526946,False,False,0.1613124229214926,0.2035928143712574,False,False,65.37000274658203,767.0499877929688
6d4e5b56279ac2ecdad21c96,CLEAN_SHEET_R4_2026_V1,2026,2026-09-03T01:27:39.770127+00:00,2026-08-31,QAT,21,1M,2,-0.0050089552560091,0.029940119760479,False,False,-0.437125748502994,0.0419161676646706,False,False,0.2004020916900804,0.5508982035928144,False,False,17.40999984741211,767.0499877929688
53f8eacb512ff3139a160b4e,CLEAN_SHEET_R4_2026_V1,2026,2026-09-03T01:27:39.770127+00:00,2026-08-31,QQQ,21,1M,2,-0.0014030607623394,0.6766467065868264,False,False,-0.0583832335329341,0.3323353293413174,False,False,0.2410519536677617,0.7844311377245509,False,False,716.760009765625,767.0499877929688
ba7111d6f06fb52b0770f5ad,CLEAN_SHEET_R4_2026_V1,2026,2026-09-03T01:27:39.770127+00:00,2026-08-31,QUAL,21,1M,2,-0.0038321105282743,0.2874251497005988,False,False,-0.0703592814371257,0.3053892215568862,False,False,0.167635216228475,0.2874251497005988,False,False,222.6199951171875,767.0499877929688
ba02d59755fb367b823ea606,CLEAN_SHEET_R4_2026_V1,2026,2026-09-03T01:27:39.770127+00:00,2026-08-31,REET,21,1M,2,-0.0045787970453571,0.1137724550898203,False,False,-0.2125748502994012,0.18562874251497,False,False,0.1716642581411855,0.3353293413173652,False,False,27.5,767.0499877929688
1e7136eb996418cd8808a298,CLEAN_SHEET_R4_2026_V1,2026,2026-09-03T01:27:39.770127+00:00,2026-08-31,REM,21,1M,2,-0.0046507023870105,0.0958083832335329,False,False,-0.4431137724550898,0.0359281437125748,False,False,0.212963373572145,0.6646706586826348,False,False,21.700000762939453,767.0499877929688
0ea114fd5c13d9b239732ab8,CLEAN_SHEET_R4_2026_V1,2026,2026-09-03T01:27:39.770127+00:00,2026-08-31,REMX,21,1M,2,-0.0001125056841857,0.874251497005988,True,False,0.0059880239520958,0.437125748502994,False,False,0.2737862299576475,0.9281437125748504,True,True,77.5199966430664,767.0499877929688
d33dc72ee86784d6478e3c63,CLEAN_SHEET_R4_2026_V1,2026,2026-09-03T01:27:39.770127+00:00,2026-08-31,REZ,21,1M,2,-0.0041150835330052,0.2275449101796407,False,False,-0.1766467065868263,0.2335329341317365,False,False,0.1783065382381129,0.4071856287425149,False,False,93.7699966430664,767.0499877929688
1a4f80587fd306df2517459f,CLEAN_SHEET_R4_2026_V1,2026,2026-09-03T01:27:39.770127+00:00,2026-08-31,RSP,21,1M,2,-0.0033360641393416,0.3892215568862275,False,False,0.029940119760479,0.497005988023952,False,False,0.1640265655480715,0.2514970059880239,False,False,219.38999938964844,767.0499877929688
5b83883545612bced17566ae,CLEAN_SHEET_R4_2026_V1,2026,2026-09-03T01:27:39.770127+00:00,2026-08-31,RWO,21,1M,2,-0.0045015114599651,0.1437125748502994,False,False,-0.2065868263473053,0.2065868263473053,False,False,0.1727575221014759,0.3473053892215569,False,False,49.470001220703125,767.0499877929688
3d4e6105a387da8fd5e44d0c,CLEAN_SHEET_R4_2026_V1,2026,2026-09-03T01:27:39.770127+00:00,2026-08-31,RXI,21,1M,2,-0.0043847193396741,0.1676646706586826,False,False,-0.4356287425149701,0.0508982035928143,False,False,0.220151154485691,0.7125748502994012,False,False,198.4600067138672,767.0499877929688
d90a29eb047905756b914c77,CLEAN_SHEET_R4_2026_V1,2026,2026-09-03T01:27:39.770127+00:00,2026-08-31,SCHD,21,1M,2,-0.0011592356095916,0.6946107784431138,False,False,0.2679640718562874,0.9101796407185628,True,True,0.1828734976483889,0.4311377245508982,False,False,34.88999938964844,767.0499877929688
5dd8a375c3db91cf854ead24,CLEAN_SHEET_R4_2026_V1,2026,2026-09-03T01:27:39.770127+00:00,2026-08-31,SCHY,21,1M,2,-0.003039541630004,0.4491017964071856,False,False,0.1766467065868263,0.7844311377245509,False,False,0.148076657885168,0.1137724550898203,False,False,33.220001220703125,767.0499877929688
dac35b02d981bdecbd08192c,CLEAN_SHEET_R4_2026_V1,2026,2026-09-03T01:27:39.770127+00:00,2026-08-31,SCZ,21,1M,2,-0.0037174045753053,0.311377245508982,False,False,0.1916167664670658,0.8023952095808383,True,False,0.130200283698141,0.0359281437125748,False,False,86.80000305175781,767.0499877929688
88cd8552c6434df24da34913,CLEAN_SHEET_R4_2026_V1,2026,2026-09-03T01:27:39.770127+00:00,2026-08-31,SKYY,21,1M,2,0.0002640254974999,0.9221556886227544,True,True,0.2470059880239521,0.8802395209580839,True,False,0.2321845689350883,0.7485029940119761,False,False,165.33999633789062,767.0499877929688
2ef479dc157de85f1efbfd72,CLEAN_SHEET_R4_2026_V1,2026,2026-09-03T01:27:39.770127+00:00,2026-08-31,SLV,21,1M,2,0.0011791254427157,1.0,True,True,0.0254491017964071,0.4790419161676646,False,False,0.3209968926654275,0.994011976047904,True,True,60.130001068115234,767.0499877929688
c5abb96ef20ca6c620c98c71,CLEAN_SHEET_R4_2026_V1,2026,2026-09-03T01:27:39.770127+00:00,2026-08-31,SMH,21,1M,2,0.0009335728055619,0.9760479041916168,True,True,0.1751497005988024,0.7784431137724551,False,False,0.2730992498208753,0.9221556886227544,True,True,556.6300048828125,767.0499877929688
2d323e9e4a7810309648ccb7,CLEAN_SHEET_R4_2026_V1,2026,2026-09-03T01:27:39.770127+00:00,2026-08-31,SOXX,21,1M,2,0.0009722155982579,0.9820359281437124,True,True,0.1781437125748503,0.7904191616766467,False,False,0.2738611341745105,0.934131736526946,True,True,511.0400085449219,767.0499877929688
c4b397b701a40dbb1c0b942b,CLEAN_SHEET_R4_2026_V1,2026,2026-09-03T01:27:39.770127+00:00,2026-08-31,SPGM,21,1M,2,-0.0024796127839149,0.5389221556886228,False,False,0.0344311377245508,0.5149700598802395,False,False,0.1872055895538619,0.467065868263473,False,False,87.44000244140625,767.0499877929688
a1d040edba816df7495d649a,CLEAN_SHEET_R4_2026_V1,2026,2026-09-03T01:27:39.770127+00:00,2026-08-31,SPY,21,1M,2,-0.0033297542232265,0.3952095808383233,False,False,-0.031437125748503,0.3892215568862275,False,False,0.1747065696369257,0.3772455089820359,False,False,767.0499877929688,767.0499877929688
058d0264e833379a5e4b2af1,CLEAN_SHEET_R4_2026_V1,2026,2026-09-03T01:27:39.770127+00:00,2026-08-31,THD,21,1M,2,-0.0015261627987455,0.6706586826347305,False,False,0.2320359281437126,0.8562874251497006,True,False,0.1788319540060781,0.4131736526946107,False,False,72.37000274658203,767.0499877929688
eac12d9f92632da6c79d4e63,CLEAN_SHEET_R4_2026_V1,2026,2026-09-03T01:27:39.770127+00:00,2026-08-31,TUR,21,1M,2,-0.0010785755015853,0.718562874251497,False,False,-0.0688622754491017,0.311377245508982,False,False,0.2551443669024807,0.8562874251497006,True,False,40.33000183105469,767.0499877929688
2e2bef5ebe632d5a5e451c09,CLEAN_SHEET_R4_2026_V1,2026,2026-09-03T01:27:39.770127+00:00,2026-08-31,UAE,21,1M,2,-0.0039851005910235,0.2574850299401197,False,False,-0.3502994011976048,0.1137724550898203,False,False,0.2156305425152488,0.6826347305389222,False,False,19.450000762939453,767.0499877929688
f3f589f8ddd9e2b071a45695,CLEAN_SHEET_R4_2026_V1,2026,2026-09-03T01:27:39.770127+00:00,2026-08-31,URA,21,1M,2,-0.0027237966195786,0.5209580838323353,False,False,-0.2769461077844311,0.155688622754491,False,False,0.2429662715114869,0.8023952095808383,True,False,45.5099983215332,767.0499877929688
623c3c82f96cfbb8f46485e1,CLEAN_SHEET_R4_2026_V1,2026,2026-09-03T01:27:39.770127+00:00,2026-08-31,URTH,21,1M,2,-0.0034070398086185,0.3712574850299401,False,False,-0.0374251497005988,0.3712574850299401,False,False,0.1736035599197737,0.3652694610778443,False,False,208.82000732421875,767.0499877929688
f8720b630b3a907d419589fa,CLEAN_SHEET_R4_2026_V1,2026,2026-09-03T01:27:39.770127+00:00,2026-08-31,USMV,21,1M,2,-0.0057268297954965,0.0059880239520958,False,False,0.0359281437125748,0.5209580838323353,False,False,0.1092342947493689,0.0059880239520958,False,False,101.5199966430664,767.0499877929688
dca231257179cd13f4b24f0b,CLEAN_SHEET_R4_2026_V1,2026,2026-09-03T01:27:39.770127+00:00,2026-08-31,VEA,21,1M,2,-0.0022280429833883,0.562874251497006,False,False,0.2395209580838323,0.8682634730538922,True,False,0.1585254505929601,0.18562874251497,False,False,72.91999816894531,767.0499877929688
3c5f5f74081a6e50d2c7d9f1,CLEAN_SHEET_R4_2026_V1,2026,2026-09-03T01:27:39.770127+00:00,2026-08-31,VEU,21,1M,2,-0.002891639058251,0.4850299401197604,False,False,0.2649700598802395,0.9041916167664672,True,True,0.1383981863902855,0.0538922155688622,False,False,85.25,767.0499877929688
d71bd3139a0209811f3e288a,CLEAN_SHEET_R4_2026_V1,2026,2026-09-03T01:27:39.770127+00:00,2026-08-31,VGK,21,1M,2,-0.0035805407277478,0.3293413173652694,False,False,0.1347305389221557,0.688622754491018,False,False,0.141431576155109,0.0718562874251497,False,False,91.66000366210938,767.0499877929688
d78945db16d3281a76eca13b,CLEAN_SHEET_R4_2026_V1,2026,2026-09-03T01:27:39.770127+00:00,2026-08-31,VNM,21,1M,2,-0.0043220593076366,0.1916167664670658,False,False,-0.4251497005988024,0.0718562874251497,False,False,0.2200432444302861,0.7065868263473054,False,False,18.059999465942383,767.0499877929688
a3885804766788e35abd2b60,CLEAN_SHEET_R4_2026_V1,2026,2026-09-03T01:27:39.770127+00:00,2026-08-31,VNQ,21,1M,2,-0.0047337268990569,0.0838323353293413,False,False,-0.2095808383233532,0.1916167664670658,False,False,0.1669347345495995,0.2694610778443114,False,False,96.44000244140624,767.0499877929688
4e705c2b82d2633eb0141d83,CLEAN_SHEET_R4_2026_V1,2026,2026-09-03T01:27:39.770127+00:00,2026-08-31,VPL,21,1M,2,-0.0001870681826216,0.8502994011976048,True,False,0.0883233532934131,0.6227544910179641,False,False,0.2515887138274467,0.8383233532934131,True,False,115.4499969482422,767.0499877929688
ffa1100a35334b1784a8941e,CLEAN_SHEET_R4_2026_V1,2026,2026-09-03T01:27:39.770127+00:00,2026-08-31,VSS,21,1M,2,-0.0032039290998644,0.4251497005988024,False,False,-0.2335329341317365,0.1676646706586826,False,False,0.2171654473062207,0.688622754491018,False,False,160.10000610351562,767.0499877929688
b5978420d1a38f6ea05e7462,CLEAN_SHEET_R4_2026_V1,2026,2026-09-03T01:27:39.770127+00:00,2026-08-31,VT,21,1M,2,-0.0028273979181787,0.4910179640718562,False,False,0.0074850299401197,0.4431137724550898,False,False,0.1820109873742892,0.4251497005988024,False,False,160.5500030517578,767.0499877929688
281a1dbaa2d80c9182194b39,CLEAN_SHEET_R4_2026_V1,2026,2026-09-03T01:27:39.770127+00:00,2026-08-31,VWO,21,1M,2,-0.0033171343909963,0.4011976047904191,False,False,-0.154191616766467,0.2514970059880239,False,False,0.1976960696422541,0.5329341317365269,False,False,60.52000045776367,767.0499877929688
3cddef44ac23bba1120ee083,CLEAN_SHEET_R4_2026_V1,2026,2026-09-03T01:27:39.770127+00:00,2026-08-31,VXUS,21,1M,2,-0.0027690420811321,0.497005988023952,False,False,0.1976047904191616,0.8083832335329342,True,False,0.151494852228981,0.1377245508982036,False,False,87.31999969482422,767.0499877929688
9ac46005aea928a570737a20,CLEAN_SHEET_R4_2026_V1,2026,2026-09-03T01:27:39.770127+00:00,2026-08-31,VYMI,21,1M,2,-0.0017643294710365,0.6347305389221557,False,False,0.2754491017964072,0.9221556886227544,True,True,0.1647604657253856,0.2574850299401197,False,False,105.16999816894533,767.0499877929688
f9244523065a425c3e41f9fb,CLEAN_SHEET_R4_2026_V1,2026,2026-09-03T01:27:39.770127+00:00,2026-08-31,XAR,21,1M,2,-0.0040316344078694,0.2514970059880239,False,False,-0.0239520958083832,0.4191616766467065,False,False,0.1547802113825868,0.1676646706586826,False,False,256.5199890136719,767.0499877929688
93d713524a3d035a23008b45,CLEAN_SHEET_R4_2026_V1,2026,2026-09-03T01:27:39.770127+00:00,2026-08-31,XBI,21,1M,2,0.0002566395326371,0.9161676646706588,True,True,0.3532934131736527,0.9640718562874252,True,True,0.2096837841163604,0.6467065868263473,False,False,162.5,767.0499877929688
32c270bce79fa97d5e12353a,CLEAN_SHEET_R4_2026_V1,2026,2026-09-03T01:27:39.770127+00:00,2026-08-31,XHB,21,1M,2,-0.0047868488687362,0.0718562874251497,False,False,-0.4161676646706587,0.0838323353293413,False,False,0.2032170564620324,0.6047904191616766,False,False,102.80999755859376,767.0499877929688
42638876db8ac460a1fb84e2,CLEAN_SHEET_R4_2026_V1,2026,2026-09-03T01:27:39.770127+00:00,2026-08-31,XLB,21,1M,2,-0.0029925832000686,0.4610778443113772,False,False,0.2365269461077844,0.8622754491017964,True,False,0.1402070465965694,0.059880239520958,False,False,52.68999862670898,767.0499877929688
a341d1548a7f7841a7bea90c,CLEAN_SHEET_R4_2026_V1,2026,2026-09-03T01:27:39.770127+00:00,2026-08-31,XLC,21,1M,2,-0.0048446337163222,0.059880239520958,False,False,-0.4281437125748503,0.059880239520958,False,False,0.2037672589123354,0.6167664670658682,False,False,111.45999908447266,767.0499877929688
e8e00c4c5112241b2a32e616,CLEAN_SHEET_R4_2026_V1,2026,2026-09-03T01:27:39.770127+00:00,2026-08-31,XLE,21,1M,2,-0.0005539294416019,0.7784431137724551,False,False,0.4535928143712575,1.0,True,True,0.1671706493339015,0.2754491017964072,False,False,63.959999084472656,767.0499877929688
698c5a2daa862bd4bf2f800a,CLEAN_SHEET_R4_2026_V1,2026,2026-09-03T01:27:39.770127+00:00,2026-08-31,XLF,21,1M,2,-0.0040828970327956,0.2395209580838323,False,False,0.0958083832335329,0.6407185628742516,False,False,0.135485943832406,0.0419161676646706,False,False,57.709999084472656,767.0499877929688
f148ca0998ff4fb256ce21d9,CLEAN_SHEET_R4_2026_V1,2026,2026-09-03T01:27:39.770127+00:00,2026-08-31,XLI,21,1M,2,-0.0041089199932613,0.2335329341317365,False,False,-0.029940119760479,0.4011976047904191,False,False,0.1537795650489439,0.1616766467065868,False,False,175.1300048828125,767.0499877929688
d5666313107293b9e71945f5,CLEAN_SHEET_R4_2026_V1,2026,2026-09-03T01:27:39.770127+00:00,2026-08-31,XLK,21,1M,2,0.0003358649089798,0.9281437125748504,True,True,0.0763473053892215,0.6047904191616766,False,False,0.2740112247727331,0.940119760479042,True,True,186.5,767.0499877929688
cc2642220a6cf064a27d8c19,CLEAN_SHEET_R4_2026_V1,2026,2026-09-03T01:27:39.770127+00:00,2026-08-31,XLP,21,1M,2,-0.0041160132053818,0.2215568862275449,False,False,-0.3398203592814371,0.1317365269461078,False,False,0.2092573119327111,0.6407185628742516,False,False,84.9800033569336,767.0499877929688
d640c275e9f853e12c49af7f,CLEAN_SHEET_R4_2026_V1,2026,2026-09-03T01:27:39.770127+00:00,2026-08-31,XLRE,21,1M,2,-0.0048110124844489,0.0658682634730539,False,False,-0.2155688622754491,0.1796407185628742,False,False,0.1658709305179746,0.2634730538922156,False,False,44.11000061035156,767.0499877929688
78b853c344b3d7c63cf8b0ca,CLEAN_SHEET_R4_2026_V1,2026,2026-09-03T01:27:39.770127+00:00,2026-08-31,XLU,21,1M,2,-0.0050047974373894,0.0359281437125748,False,False,-0.4086826347305389,0.0898203592814371,False,False,0.1950376446214085,0.5149700598802395,False,False,42.22999954223633,767.0499877929688
439e216a319f4789f777d6dd,CLEAN_SHEET_R4_2026_V1,2026,2026-09-03T01:27:39.770127+00:00,2026-08-31,XLV,21,1M,2,-0.0021005708218178,0.5808383233532934,False,False,0.1706586826347305,0.7634730538922155,False,False,0.1735403575020787,0.3592814371257485,False,False,170.5399932861328,767.0499877929688
0d68ea6e7ec69bc2461d6b24,CLEAN_SHEET_R4_2026_V1,2026,2026-09-03T01:27:39.770127+00:00,2026-08-31,XLY,21,1M,2,-0.0042687909615862,0.2035928143712574,False,False,-0.4266467065868263,0.0658682634730539,False,False,0.2221325180028562,0.7305389221556886,False,False,116.58999633789062,767.0499877929688
bc66815318e65f1e59792ca3,CLEAN_SHEET_R4_2026_V1,2026,2026-09-03T01:27:39.770127+00:00,2026-08-31,XME,21,1M,2,0.0002199365308918,0.9101796407185628,True,True,0.0673652694610778,0.5748502994011976,False,False,0.271728765171679,0.9041916167664672,True,True,118.12999725341795,767.0499877929688
2ec7eae432ce6c9788a3c654,CLEAN_SHEET_R4_2026_V1,2026,2026-09-03T01:27:39.770127+00:00,2026-08-31,XOP,21,1M,2,-9.637946899408853e-05,0.8802395209580839,True,False,0.342814371257485,0.9580838323353292,True,True,0.2006234468413578,0.5568862275449101,False,False,188.9600067138672,767.0499877929688
dad34287385d2cf97bacabc0,CLEAN_SHEET_R4_2026_V1,2026,2026-09-03T01:27:39.770127+00:00,2026-08-31,XPH,21,1M,2,-9.114560162669677e-05,0.8862275449101796,True,False,0.3263473053892216,0.9520958083832336,True,True,0.2040220181733778,0.6227544910179641,False,False,70.62000274658203,767.0499877929688
02e35e34e530c83060149396,CLEAN_SHEET_R4_2026_V1,2026,2026-09-03T01:27:39.770127+00:00,2026-08-31,XRT,21,1M,2,-0.0048837815683053,0.0419161676646706,False,False,-0.2080838323353293,0.1976047904191616,False,False,0.1626864031320736,0.2335329341317365,False,False,86.0999984741211,767.0499877929688
a5bca7b9e116e16c37f1452a,CLEAN_SHEET_R4_2026_V1,2026,2026-09-03T01:27:39.770127+00:00,2026-08-31,AAXJ,63,3M,3,-0.0046336894423507,0.8802395209580839,True,False,0.4031936127744511,0.8502994011976048,True,False,0.2020007460388491,0.7544910179640718,False,False,116.76000213623048,767.0499877929688
9016d8c094970c5082661f54,CLEAN_SHEET_R4_2026_V1,2026,2026-09-03T01:27:39.770127+00:00,2026-08-31,ACWI,63,3M,3,-0.008319078355603,0.592814371257485,False,False,0.2055888223552894,0.6107784431137725,False,False,0.200147654290503,0.7005988023952096,False,False,160.67999267578125,767.0499877929688
6b18e0272c23b00aad0e6229,CLEAN_SHEET_R4_2026_V1,2026,2026-09-03T01:27:39.770127+00:00,2026-08-31,ACWX,63,3M,3,-0.0102086508758964,0.4131736526946107,False,False,0.1177644710578842,0.4251497005988024,False,False,0.1918290657255148,0.4790419161676646,False,False,77.4000015258789,767.0499877929688
bc0f13f365fab006fca77f10,CLEAN_SHEET_R4_2026_V1,2026,2026-09-03T01:27:39.770127+00:00,2026-08-31,AFK,63,3M,3,-0.0057134688412061,0.7844311377245509,False,False,0.3033932135728543,0.718562874251497,False,False,0.2140611853271148,0.874251497005988,True,False,29.1200008392334,767.0499877929688
7370060f1ab8c5e36267b0dd,CLEAN_SHEET_R4_2026_V1,2026,2026-09-03T01:27:39.770127+00:00,2026-08-31,ARGT,63,3M,3,-0.0024233216556815,0.9640718562874252,True,True,0.2774451097804391,0.6946107784431138,False,False,0.288556242263604,0.994011976047904,True,True,94.5500030517578,767.0499877929688
4d3e21a5a7eeb38099330c22,CLEAN_SHEET_R4_2026_V1,2026,2026-09-03T01:27:39.770127+00:00,2026-08-31,ASEA,63,3M,3,-0.0065451852357834,0.7125748502994012,False,False,0.3612774451097804,0.7964071856287425,False,False,0.1824035294636983,0.1497005988023952,False,False,21.6299991607666,767.0499877929688
89f66e3e9adb7288f692fadb,CLEAN_SHEET_R4_2026_V1,2026,2026-09-03T01:27:39.770127+00:00,2026-08-31,CARZ,63,3M,3,-0.0046641499159269,0.874251497005988,True,False,0.4151696606786427,0.8682634730538922,True,False,0.1960217577672228,0.5988023952095808,False,False,106.43000030517578,767.0499877929688
da16182a79c7a21d32624912,CLEAN_SHEET_R4_2026_V1,2026,2026-09-03T01:27:39.770127+00:00,2026-08-31,CIBR,63,3M,3,-0.0057217819188419,0.7784431137724551,False,False,0.3193612774451098,0.7485029940119761,False,False,0.2056885395686772,0.8143712574850299,True,False,100.1500015258789,767.0499877929688
2c5eb650960b95b2355834bb,CLEAN_SHEET_R4_2026_V1,2026,2026-09-03T01:27:39.770127+00:00,2026-08-31,CORO,63,3M,3,-0.0066181952638967,0.7005988023952096,False,False,0.3173652694610778,0.7425149700598802,False,False,0.1937010437119445,0.5508982035928144,False,False,37.060001373291016,767.0499877929688
e76d4e2fe5589314e84d228e,CLEAN_SHEET_R4_2026_V1,2026,2026-09-03T01:27:39.770127+00:00,2026-08-31,CPER,63,3M,3,-0.0066738692350311,0.6946107784431138,False,False,0.2974051896207584,0.7125748502994012,False,False,0.1968676295043985,0.6107784431137725,False,False,40.0,767.0499877929688
e0f427749b9b51a68568f1cd,CLEAN_SHEET_R4_2026_V1,2026,2026-09-03T01:27:39.770127+00:00,2026-08-31,CQQQ,63,3M,3,-0.0117442843731072,0.2694610778443114,False,False,0.0199600798403193,0.2754491017964072,False,False,0.2002189210385986,0.7065868263473054,False,False,49.13999938964844,767.0499877929688
2c5b11c7d3e5d75bac2baeec,CLEAN_SHEET_R4_2026_V1,2026,2026-09-03T01:27:39.770127+00:00,2026-08-31,DBEF,63,3M,3,-0.0098406059589764,0.4610778443113772,False,False,0.1596806387225549,0.5149700598802395,False,False,0.1864698519554775,0.2574850299401197,False,False,55.7400016784668,767.0499877929688
7618512eecc97535fe246256,CLEAN_SHEET_R4_2026_V1,2026,2026-09-03T01:27:39.770127+00:00,2026-08-31,DEM,63,3M,3,-0.010042932664631,0.4191616766467065,False,False,0.1197604790419161,0.4311377245508982,False,False,0.1929086698447315,0.5149700598802395,False,False,55.63999938964844,767.0499877929688
d2ffb4ae1cb9de00ac9ca7a1,CLEAN_SHEET_R4_2026_V1,2026,2026-09-03T01:27:39.770127+00:00,2026-08-31,DGS,63,3M,3,-0.0116284974586242,0.2874251497005988,False,False,0.0399201596806387,0.2934131736526946,False,False,0.1936198904612592,0.5269461077844312,False,False,64.2699966430664,767.0499877929688
2dd3691ba499e280995d6314,CLEAN_SHEET_R4_2026_V1,2026,2026-09-03T01:27:39.770127+00:00,2026-08-31,DIA,63,3M,3,-0.0112752774320315,0.3053892215568862,False,False,0.0998003992015968,0.3952095808383233,False,False,0.1827420202440323,0.1736526946107784,False,False,531.5700073242188,767.0499877929688
20a1c0c56ad83ca8d2515148,CLEAN_SHEET_R4_2026_V1,2026,2026-09-03T01:27:39.770127+00:00,2026-08-31,DXJ,63,3M,3,-0.0025983512792274,0.9520958083832336,True,True,0.5648702594810379,0.9520958083832336,True,True,0.1893288286834852,0.3592814371257485,False,False,179.61000061035156,767.0499877929688
dd444159c94480e8fb645c67,CLEAN_SHEET_R4_2026_V1,2026,2026-09-03T01:27:39.770127+00:00,2026-08-31,ECH,63,3M,3,-0.0081661076405971,0.6407185628742516,False,False,0.1377245508982036,0.467065868263473,False,False,0.2204553889273782,0.9161676646706588,True,True,40.5,767.0499877929688
b9c5b3f09fd3d34db28ef62e,CLEAN_SHEET_R4_2026_V1,2026,2026-09-03T01:27:39.770127+00:00,2026-08-31,EDEN,63,3M,3,-0.0134151525477217,0.1437125748502994,False,False,-0.155688622754491,0.0538922155688622,False,False,0.2200636920136164,0.9101796407185628,True,True,117.33000183105467,767.0499877929688
403f5ff3987b1080f3621b49,CLEAN_SHEET_R4_2026_V1,2026,2026-09-03T01:27:39.770127+00:00,2026-08-31,EEM,63,3M,3,-0.0043414965323607,0.8862275449101796,True,False,0.4231536926147705,0.874251497005988,True,False,0.2015563215401568,0.7305389221556886,False,False,67.0199966430664,767.0499877929688
949c2fccb2e16423f3159afc,CLEAN_SHEET_R4_2026_V1,2026,2026-09-03T01:27:39.770127+00:00,2026-08-31,EEMO,63,3M,3,-0.0082115439375647,0.6167664670658682,False,False,0.1696606786427146,0.5389221556886228,False,False,0.2085051481409865,0.844311377245509,True,False,22.18000030517578,767.0499877929688
3767ec1a5856b529266b5635,CLEAN_SHEET_R4_2026_V1,2026,2026-09-03T01:27:39.770127+00:00,2026-08-31,EEMV,63,3M,3,-0.0095307461798425,0.497005988023952,False,False,0.1397205588822355,0.4730538922155688,False,False,0.1981698134643378,0.6407185628742516,False,False,75.69000244140625,767.0499877929688
815b49c905bf9bfbd928c537,CLEAN_SHEET_R4_2026_V1,2026,2026-09-03T01:27:39.770127+00:00,2026-08-31,EFA,63,3M,3,-0.0091875397046154,0.562874251497006,False,False,0.1976047904191616,0.5958083832335329,False,False,0.1877957085546528,0.311377245508982,False,False,107.4499969482422,767.0499877929688
9e6d688c0840d89f4fb76aa8,CLEAN_SHEET_R4_2026_V1,2026,2026-09-03T01:27:39.770127+00:00,2026-08-31,EFAV,63,3M,3,-0.0144164065759444,0.0718562874251497,False,False,-0.0938123752495009,0.1197604790419161,False,False,0.1856219786757458,0.2335329341317365,False,False,94.12000274658205,767.0499877929688
38edeae996d68e93a5958234,CLEAN_SHEET_R4_2026_V1,2026,2026-09-03T01:27:39.770127+00:00,2026-08-31,EFG,63,3M,3,-0.0109004057078322,0.3413173652694611,False,False,0.0818363273453093,0.3772455089820359,False,False,0.1949622476576689,0.5748502994011976,False,False,124.37999725341795,767.0499877929688
c3f270825634864953c5b36d,CLEAN_SHEET_R4_2026_V1,2026,2026-09-03T01:27:39.770127+00:00,2026-08-31,EFNL,63,3M,3,-0.0036016921010321,0.9041916167664672,True,True,0.4610778443113772,0.9161676646706588,True,True,0.2039338429273129,0.7904191616766467,False,False,54.77999877929688,767.0499877929688
8ca046d7200a2fc8579310e3,CLEAN_SHEET_R4_2026_V1,2026,2026-09-03T01:27:39.770127+00:00,2026-08-31,EFV,63,3M,3,-0.0060571299800985,0.7544910179640718,False,False,0.405189620758483,0.8562874251497006,True,False,0.1792282333914278,0.1137724550898203,False,False,81.80999755859375,767.0499877929688
2c4b9318c5b27f6bb83e579c,CLEAN_SHEET_R4_2026_V1,2026,2026-09-03T01:27:39.770127+00:00,2026-08-31,EIDO,63,3M,3,-0.0086035573666236,0.5688622754491018,False,False,0.0718562874251497,0.3532934131736527,False,False,0.2393445080486524,0.940119760479042,True,True,12.729999542236328,767.0499877929688
90f6e168246f6ef82c8153d5,CLEAN_SHEET_R4_2026_V1,2026,2026-09-03T01:27:39.770127+00:00,2026-08-31,EIRL,63,3M,3,-0.0053696631873126,0.8023952095808383,True,False,0.4590818363273452,0.9101796407185628,True,True,0.1760876776728818,0.0838323353293413,False,False,82.98999786376953,767.0499877929688
8d63bed6e8d48d31cc4bc69b,CLEAN_SHEET_R4_2026_V1,2026,2026-09-03T01:27:39.770127+00:00,2026-08-31,EIS,63,3M,3,-0.003406370217285,0.9101796407185628,True,True,0.4690618762475049,0.9221556886227544,True,True,0.2046952580826391,0.8083832335329342,True,False,122.8000030517578,767.0499877929688
c4c54334f46389aa08fa1fcc,CLEAN_SHEET_R4_2026_V1,2026,2026-09-03T01:27:39.770127+00:00,2026-08-31,EMXC,63,3M,3,-0.0017186287043122,0.9880239520958084,True,True,0.5988023952095809,0.9760479041916168,True,True,0.193642281853552,0.5329341317365269,False,False,98.23999786376952,767.0499877929688
d27ec7eec3eaa33265456345,CLEAN_SHEET_R4_2026_V1,2026,2026-09-03T01:27:39.770127+00:00,2026-08-31,ENOR,63,3M,3,-0.003733024246891,0.8982035928143712,True,False,0.5049900199600799,0.9281437125748504,True,True,0.1872666154463585,0.2874251497005988,False,False,36.900001525878906,767.0499877929688
013a31951624fe15b8bd4d4d,CLEAN_SHEET_R4_2026_V1,2026,2026-09-03T01:27:39.770127+00:00,2026-08-31,ENZL,63,3M,3,-0.0149331784124208,0.059880239520958,False,False,-0.1976047904191616,0.029940119760479,False,False,0.2069491355670231,0.8263473053892215,True,False,48.119998931884766,767.0499877929688
d2f0aa204738f0a52d54abb0,CLEAN_SHEET_R4_2026_V1,2026,2026-09-03T01:27:39.770127+00:00,2026-08-31,EPHE,63,3M,3,-0.0176540172172167,0.0059880239520958,False,False,-0.2814371257485029,0.0059880239520958,False,False,0.1865443048474276,0.2694610778443114,False,False,23.75,767.0499877929688
269615299e6f3d63292101d4,CLEAN_SHEET_R4_2026_V1,2026,2026-09-03T01:27:39.770127+00:00,2026-08-31,EPOL,63,3M,3,-0.0064182116296934,0.7305389221556886,False,False,0.3313373253493014,0.7784431137724551,False,False,0.1909942800166714,0.4311377245508982,False,False,44.09999847412109,767.0499877929688
ae7526b5752cd0c3a43c3c7e,CLEAN_SHEET_R4_2026_V1,2026,2026-09-03T01:27:39.770127+00:00,2026-08-31,EPP,63,3M,3,-0.0112744780030965,0.311377245508982,False,False,0.0239520958083832,0.281437125748503,False,False,0.20238608768325,0.7664670658682635,False,False,57.790000915527344,767.0499877929688
6c158cfb284c590b4aa72322,CLEAN_SHEET_R4_2026_V1,2026,2026-09-03T01:27:39.770127+00:00,2026-08-31,EPU,63,3M,3,-0.0017538860438317,0.9820359281437124,True,True,0.6007984031936128,0.9850299401197604,True,True,0.1921535478480214,0.4910179640718562,False,False,91.55999755859376,767.0499877929688
20218bc4a145d0542c90a85b,CLEAN_SHEET_R4_2026_V1,2026,2026-09-03T01:27:39.770127+00:00,2026-08-31,EWA,63,3M,3,-0.0097156920649043,0.4790419161676646,False,False,0.0578842315369261,0.3233532934131736,False,False,0.2194119167831473,0.8982035928143712,True,False,30.020000457763672,767.0499877929688
fce626208e1b3de759110866,CLEAN_SHEET_R4_2026_V1,2026,2026-09-03T01:27:39.770127+00:00,2026-08-31,EWC,63,3M,3,-0.0102220929761995,0.4071856287425149,False,False,0.1636726546906187,0.5269461077844312,False,False,0.1784546493167164,0.1077844311377245,False,False,61.43000030517578,767.0499877929688
6a7ef132f1cb830a2ab9c996,CLEAN_SHEET_R4_2026_V1,2026,2026-09-03T01:27:39.770127+00:00,2026-08-31,EWD,63,3M,3,-0.0123122338363443,0.2514970059880239,False,False,-0.0658682634730539,0.1676646706586826,False,False,0.2112237685650652,0.8682634730538922,True,False,53.40999984741211,767.0499877929688
2795f1f72671670f40685994,CLEAN_SHEET_R4_2026_V1,2026,2026-09-03T01:27:39.770127+00:00,2026-08-31,EWG,63,3M,3,-0.0109927356260875,0.3233532934131736,False,False,0.0419161676646706,0.2994011976047904,False,False,0.2045514839914003,0.8023952095808383,True,False,44.22999954223633,767.0499877929688
e6ab0ab38e9a477f015700df,CLEAN_SHEET_R4_2026_V1,2026,2026-09-03T01:27:39.770127+00:00,2026-08-31,EWH,63,3M,3,-0.0132797181399631,0.1497005988023952,False,False,-0.0738522954091816,0.1497005988023952,False,False,0.1991919846300775,0.6646706586826348,False,False,22.90999984741211,767.0499877929688
5bcf1d2ebeeed76ef5a7f142,CLEAN_SHEET_R4_2026_V1,2026,2026-09-03T01:27:39.770127+00:00,2026-08-31,EWI,63,3M,3,-0.0099891693369228,0.437125748502994,False,False,0.219560878243513,0.6167664670658682,False,False,0.1675769063596578,0.0239520958083832,False,False,62.27999877929688,767.0499877929688
68c430ca8db730028caeb435,CLEAN_SHEET_R4_2026_V1,2026,2026-09-03T01:27:39.770127+00:00,2026-08-31,EWJ,63,3M,3,-0.0067393800874619,0.6826347305389222,False,False,0.343313373253493,0.7844311377245509,False,False,0.1859208664555669,0.2455089820359281,False,False,95.87999725341795,767.0499877929688
844b8f0dff833d6f66567ec5,CLEAN_SHEET_R4_2026_V1,2026,2026-09-03T01:27:39.770127+00:00,2026-08-31,EWL,63,3M,3,-0.0143281043852929,0.0778443113772455,False,False,-0.1037924151696606,0.1017964071856287,False,False,0.1890570310377318,0.3413173652694611,False,False,62.79999923706055,767.0499877929688
5370c7c3e3d78980b93cf60d,CLEAN_SHEET_R4_2026_V1,2026,2026-09-03T01:27:39.770127+00:00,2026-08-31,EWM,63,3M,3,-0.0125153757885111,0.2215568862275449,False,False,-0.0239520958083832,0.2095808383233532,False,False,0.1970077815768263,0.6167664670658682,False,False,28.38999938964844,767.0499877929688
c3193e00a3f0ff4c498a07ad,CLEAN_SHEET_R4_2026_V1,2026,2026-09-03T01:27:39.770127+00:00,2026-08-31,EWN,63,3M,3,-0.0056599138187218,0.7904191616766467,False,False,0.3473053892215569,0.7904191616766467,False,False,0.2005600886832245,0.7125748502994012,False,False,68.31999969482422,767.0499877929688
4df132de186f296f5def4e70,CLEAN_SHEET_R4_2026_V1,2026,2026-09-03T01:27:39.770127+00:00,2026-08-31,EWO,63,3M,3,-0.0071423646601957,0.6646706586826348,False,False,0.2934131736526946,0.7005988023952096,False,False,0.1893807440783363,0.3652694610778443,False,False,44.040000915527344,767.0499877929688
2e38e725040b43db878ad829,CLEAN_SHEET_R4_2026_V1,2026,2026-09-03T01:27:39.770127+00:00,2026-08-31,EWP,63,3M,3,-0.007410337333768,0.6586826347305389,False,False,0.2954091816367265,0.7065868263473054,False,False,0.1858728799310173,0.2395209580838323,False,False,62.400001525878906,767.0499877929688
857a40d19eaedc621ee051ab,CLEAN_SHEET_R4_2026_V1,2026,2026-09-03T01:27:39.770127+00:00,2026-08-31,EWQ,63,3M,3,-0.0141970885785807,0.0898203592814371,False,False,-0.1137724550898203,0.0898203592814371,False,False,0.1957135538760641,0.592814371257485,False,False,45.86000061035156,767.0499877929688
793f3ae5281e651f07f31aaa,CLEAN_SHEET_R4_2026_V1,2026,2026-09-03T01:27:39.770127+00:00,2026-08-31,EWS,63,3M,3,-0.0084323527588755,0.5748502994011976,False,False,0.251497005988024,0.6467065868263473,False,False,0.1824856331753805,0.155688622754491,False,False,34.16999816894531,767.0499877929688
21a1ba7b7b6ada0ef7c407ae,CLEAN_SHEET_R4_2026_V1,2026,2026-09-03T01:27:39.770127+00:00,2026-08-31,EWT,63,3M,3,-0.0019530115323815,0.9700598802395208,True,True,0.592814371257485,0.9700598802395208,True,True,0.1908185908303017,0.4251497005988024,False,False,108.02999877929688,767.0499877929688
4d628f925ac33fd0a4b88a0a,CLEAN_SHEET_R4_2026_V1,2026,2026-09-03T01:27:39.770127+00:00,2026-08-31,EWU,63,3M,3,-0.0106053694744666,0.3712574850299401,False,False,0.1037924151696606,0.4011976047904191,False,False,0.1907967986154023,0.4191616766467065,False,False,48.369998931884766,767.0499877929688
f69a701e446d910dedfd23c8,CLEAN_SHEET_R4_2026_V1,2026,2026-09-03T01:27:39.770127+00:00,2026-08-31,EWW,63,3M,3,-0.0099471280892654,0.4550898203592814,False,False,0.0698602794411177,0.3473053892215569,False,False,0.2102999681115658,0.8502994011976048,True,False,76.72000122070312,767.0499877929688
341359f641e776945a561217,CLEAN_SHEET_R4_2026_V1,2026,2026-09-03T01:27:39.770127+00:00,2026-08-31,EWY,63,3M,3,-0.0016056692956276,0.994011976047904,True,True,0.6107784431137725,0.994011976047904,True,True,0.1913519630645062,0.437125748502994,False,False,180.8600006103516,767.0499877929688
2cccc3ca308fd9bdaa7f4058,CLEAN_SHEET_R4_2026_V1,2026,2026-09-03T01:27:39.770127+00:00,2026-08-31,EWZ,63,3M,3,-0.0083739226072069,0.5868263473053892,False,False,0.0738522954091816,0.3592814371257485,False,False,0.2374031878188519,0.934131736526946,True,True,36.02999877929688,767.0499877929688
19eaddde0081060ea88fe636,CLEAN_SHEET_R4_2026_V1,2026,2026-09-03T01:27:39.770127+00:00,2026-08-31,EXI,63,3M,3,-0.0094507774379945,0.5149700598802395,False,False,0.2574850299401197,0.6616766467065869,False,False,0.1689374082241499,0.0359281437125748,False,False,197.8000030517578,767.0499877929688
c393a4194d852a1180a4936c,CLEAN_SHEET_R4_2026_V1,2026,2026-09-03T01:27:39.770127+00:00,2026-08-31,EZA,63,3M,3,-0.003184809419771,0.9161676646706588,True,True,0.3293413173652694,0.7724550898203593,False,False,0.2546184757676956,0.9700598802395208,True,True,70.5,767.0499877929688
50a8d4f06311501df5beb2ec,CLEAN_SHEET_R4_2026_V1,2026,2026-09-03T01:27:39.770127+00:00,2026-08-31,EZU,63,3M,3,-0.00946830598262,0.5089820359281437,False,False,0.1716566866267465,0.5449101796407185,False,False,0.1904911696487047,0.4131736526946107,False,False,70.45999908447266,767.0499877929688
e8b44cc3a584f6d97b91d39f,CLEAN_SHEET_R4_2026_V1,2026,2026-09-03T01:27:39.770127+00:00,2026-08-31,FDN,63,3M,3,-0.0065302201564651,0.7245508982035929,False,False,0.0638722554890219,0.3353293413173652,False,False,0.2802346519705136,0.9820359281437124,True,True,292.489990234375,767.0499877929688
189537acef8442d945a196b5,CLEAN_SHEET_R4_2026_V1,2026,2026-09-03T01:27:39.770127+00:00,2026-08-31,FEZ,63,3M,3,-0.0078069063438329,0.6526946107784432,False,False,0.2554890219560878,0.6526946107784432,False,False,0.1945447766738254,0.562874251497006,False,False,70.83999633789062,767.0499877929688
eea6cf6db17c641fce28e078,CLEAN_SHEET_R4_2026_V1,2026,2026-09-03T01:27:39.770127+00:00,2026-08-31,GLD,63,3M,3,-0.0095506778571966,0.4910179640718562,False,False,-0.0778443113772455,0.1437125748502994,False,False,0.2672446589670005,0.9760479041916168,True,True,408.4200134277344,767.0499877929688
7763fc634becf29c5104fe0f,CLEAN_SHEET_R4_2026_V1,2026,2026-09-03T01:27:39.770127+00:00,2026-08-31,GREK,63,3M,3,-0.003023425875742,0.9281437125748504,True,True,0.5688622754491018,0.9580838323353292,True,True,0.1816288290858931,0.1437125748502994,False,False,85.19000244140625,767.0499877929688
6a7a68c4799a798ca248181b,CLEAN_SHEET_R4_2026_V1,2026,2026-09-03T01:27:39.770127+00:00,2026-08-31,HEDJ,63,3M,3,-0.0109785434140538,0.3293413173652694,False,False,0.091816367265469,0.3892215568862275,False,False,0.1902964929745627,0.4011976047904191,False,False,57.27000045776367,767.0499877929688
8e48f8e455b5b7e2c57b6b18,CLEAN_SHEET_R4_2026_V1,2026,2026-09-03T01:27:39.770127+00:00,2026-08-31,HEEM,63,3M,3,-0.0028922130277927,0.934131736526946,True,True,0.5149700598802395,0.940119760479042,True,True,0.1993234033211187,0.6706586826347305,False,False,42.27999877929688,767.0499877929688
81a0aafede039b54d472f2d3,CLEAN_SHEET_R4_2026_V1,2026,2026-09-03T01:27:39.770127+00:00,2026-08-31,HEFA,63,3M,3,-0.0106341308188719,0.3652694610778443,False,False,0.1097804391217565,0.4191616766467065,False,False,0.1866963393516528,0.2754491017964072,False,False,47.22999954223633,767.0499877929688
9d85ab15b5569851c8d2aa51,CLEAN_SHEET_R4_2026_V1,2026,2026-09-03T01:27:39.770127+00:00,2026-08-31,IBB,63,3M,3,-0.0060843702099611,0.7485029940119761,False,False,0.313373253493014,0.7305389221556886,False,False,0.2016011421222037,0.7365269461077845,False,False,209.0500030517578,767.0499877929688
b69c031c8912090ea991c469,CLEAN_SHEET_R4_2026_V1,2026,2026-09-03T01:27:39.770127+00:00,2026-08-31,IEFA,63,3M,3,-0.0093036113230906,0.5449101796407185,False,False,0.1996007984031936,0.6047904191616766,False,False,0.1854567982102866,0.2275449101796407,False,False,100.26000213623048,767.0499877929688
35e32205625dd1a32e222dd3,CLEAN_SHEET_R4_2026_V1,2026,2026-09-03T01:27:39.770127+00:00,2026-08-31,IEMG,63,3M,3,-0.0050011938973229,0.8383233532934131,True,False,0.3772455089820359,0.8083832335329342,True,False,0.2038742729808469,0.7844311377245509,False,False,81.7300033569336,767.0499877929688
628e692b1ac9d680b54561e5,CLEAN_SHEET_R4_2026_V1,2026,2026-09-03T01:27:39.770127+00:00,2026-08-31,IEUR,63,3M,3,-0.0130330808248505,0.1796407185628742,False,False,-0.031936127744511,0.2035928143712574,False,False,0.1890465592137527,0.3353293413173652,False,False,77.5,767.0499877929688
1b4a518cfb3e657d63afb96c,CLEAN_SHEET_R4_2026_V1,2026,2026-09-03T01:27:39.770127+00:00,2026-08-31,IGV,63,3M,3,-0.0027173614188751,0.940119760479042,True,True,0.1357285429141716,0.4550898203592814,False,False,0.3368775987555307,1.0,True,True,109.9800033569336,767.0499877929688
33c10e4d0c24405668780d2a,CLEAN_SHEET_R4_2026_V1,2026,2026-09-03T01:27:39.770127+00:00,2026-08-31,IHF,63,3M,3,-0.0058611261008535,0.7664670658682635,False,False,0.1736526946107784,0.5508982035928144,False,False,0.2524642471301843,0.9640718562874252,True,True,56.709999084472656,767.0499877929688
789dc1a11a5663b8f6314da8,CLEAN_SHEET_R4_2026_V1,2026,2026-09-03T01:27:39.770127+00:00,2026-08-31,IHI,63,3M,3,-0.0130365233268926,0.1736526946107784,False,False,-0.1317365269461078,0.0748502994011976,False,False,0.2215979614759128,0.9281437125748504,True,True,54.970001220703125,767.0499877929688
2ba7f2ebdcf581699a4bfd39,CLEAN_SHEET_R4_2026_V1,2026,2026-09-03T01:27:39.770127+00:00,2026-08-31,IJR,63,3M,3,-0.0059616720344753,0.7604790419161677,False,False,0.4251497005988024,0.8802395209580839,True,False,0.1753116361629901,0.0718562874251497,False,False,144.52000427246094,767.0499877929688
86ee9f70a382d56d6c5ae542,CLEAN_SHEET_R4_2026_V1,2026,2026-09-03T01:27:39.770127+00:00,2026-08-31,ILF,63,3M,3,-0.0082435539518066,0.6107784431137725,False,False,0.1616766467065867,0.5209580838323353,False,False,0.2109481408978877,0.8562874251497006,True,False,34.900001525878906,767.0499877929688
0904aebf0d9cf2e2fb548339,CLEAN_SHEET_R4_2026_V1,2026,2026-09-03T01:27:39.770127+00:00,2026-08-31,IMTM,63,3M,3,-0.0100125802249777,0.4251497005988024,False,False,0.1976047904191616,0.5958083832335329,False,False,0.1756147599794858,0.0778443113772455,False,False,53.2599983215332,767.0499877929688
3655e18881bcd73c1378eb6a,CLEAN_SHEET_R4_2026_V1,2026,2026-09-03T01:27:39.770127+00:00,2026-08-31,INDA,63,3M,3,-0.0127926403278414,0.1976047904191616,False,False,-0.0459081836327345,0.1916167664670658,False,False,0.2013458547855073,0.7245508982035929,False,False,49.70000076293945,767.0499877929688
2a5ceb41142c2b5e59f87865,CLEAN_SHEET_R4_2026_V1,2026,2026-09-03T01:27:39.770127+00:00,2026-08-31,IOO,63,3M,3,-0.0103902446107893,0.3892215568862275,False,False,0.0658682634730538,0.3413173652694611,False,False,0.2037773360830409,0.7784431137724551,False,False,144.14999389648438,767.0499877929688
d705aff80c4e3c8184c3693f,CLEAN_SHEET_R4_2026_V1,2026,2026-09-03T01:27:39.770127+00:00,2026-08-31,IQLT,63,3M,3,-0.0093986481046757,0.5269461077844312,False,False,0.18562874251497,0.5778443113772455,False,False,0.1873270395531498,0.2934131736526946,False,False,51.470001220703125,767.0499877929688
3017d4d0f485fe2e8f019145,CLEAN_SHEET_R4_2026_V1,2026,2026-09-03T01:27:39.770127+00:00,2026-08-31,ITA,63,3M,3,-0.0128595470987558,0.18562874251497,False,False,0.0259481037924151,0.2874251497005988,False,False,0.1778637613664722,0.0958083832335329,False,False,228.3500061035156,767.0499877929688
c54cb93ee5984131fcb855dd,CLEAN_SHEET_R4_2026_V1,2026,2026-09-03T01:27:39.770127+00:00,2026-08-31,ITB,63,3M,3,-0.0131539348362506,0.1616766467065868,False,False,-0.0698602794411177,0.155688622754491,False,False,0.2018362970094619,0.7485029940119761,False,False,94.69000244140624,767.0499877929688
e44c6ed94a7d3c29dc3fe9a3,CLEAN_SHEET_R4_2026_V1,2026,2026-09-03T01:27:39.770127+00:00,2026-08-31,ITOT,63,3M,3,-0.0116745790424312,0.2754491017964072,False,False,0.0159680638722554,0.2694610778443114,False,False,0.1983591498541968,0.6467065868263473,False,False,167.9199981689453,767.0499877929688
002aa452d307416e9a6d8558,CLEAN_SHEET_R4_2026_V1,2026,2026-09-03T01:27:39.770127+00:00,2026-08-31,IWB,63,3M,3,-0.0122531918974636,0.2574850299401197,False,False,-0.0219560878243512,0.2215568862275449,False,False,0.1997153478642451,0.688622754491018,False,False,419.8800048828125,767.0499877929688
852d59d247a2fdc76a84d9b8,CLEAN_SHEET_R4_2026_V1,2026,2026-09-03T01:27:39.770127+00:00,2026-08-31,IWD,63,3M,3,-0.0058585910616694,0.7724550898203593,False,False,0.439121756487026,0.8922155688622755,True,False,0.1730134865151752,0.0479041916167664,False,False,256.9100036621094,767.0499877929688
a14c1d42936f4fd36e47cbb7,CLEAN_SHEET_R4_2026_V1,2026,2026-09-03T01:27:39.770127+00:00,2026-08-31,IWF,63,3M,3,-0.0094772512186356,0.5029940119760479,False,False,0.0778443113772455,0.3652694610778443,False,False,0.2206895936481515,0.9221556886227544,True,True,122.70999908447266,767.0499877929688
54cf2a02931c6a44cb3b9d47,CLEAN_SHEET_R4_2026_V1,2026,2026-09-03T01:27:39.770127+00:00,2026-08-31,IWM,63,3M,3,-0.0065946967130867,0.7065868263473054,False,False,0.3612774451097805,0.8023952095808383,True,False,0.1827944219045211,0.1796407185628742,False,False,293.92999267578125,767.0499877929688
6283d3a8f5eec47b0f8a4f40,CLEAN_SHEET_R4_2026_V1,2026,2026-09-03T01:27:39.770127+00:00,2026-08-31,IXC,63,3M,3,-0.0024381516195128,0.9580838323353292,True,True,0.5788423153692616,0.9640718562874252,True,True,0.1876890910136076,0.3053892215568862,False,False,58.18000030517578,767.0499877929688
6e358bad9bc6d513705d53fd,CLEAN_SHEET_R4_2026_V1,2026,2026-09-03T01:27:39.770127+00:00,2026-08-31,IXG,63,3M,3,-0.0115804293525363,0.2934131736526946,False,False,0.0838323353293412,0.3832335329341317,False,False,0.1793865269090128,0.1257485029940119,False,False,134.2100067138672,767.0499877929688
e858522925b820341c0d9ff3,CLEAN_SHEET_R4_2026_V1,2026,2026-09-03T01:27:39.770127+00:00,2026-08-31,IXJ,63,3M,3,-0.0083161902686135,0.6047904191616766,False,False,0.1417165668662674,0.4790419161676646,False,False,0.2194747751043297,0.9041916167664672,True,True,104.23999786376952,767.0499877929688
7340d17258d8a6b13310d871,CLEAN_SHEET_R4_2026_V1,2026,2026-09-03T01:27:39.770127+00:00,2026-08-31,IXN,63,3M,3,-0.0060955266109726,0.7425149700598802,False,False,0.3273453093812375,0.7664670658682635,False,False,0.1973699415147149,0.6227544910179641,False,False,141.1300048828125,767.0499877929688
85f9acea2f1ddeca1e144b13,CLEAN_SHEET_R4_2026_V1,2026,2026-09-03T01:27:39.770127+00:00,2026-08-31,IXP,63,3M,3,-0.0153299431191637,0.0359281437125748,False,False,-0.1696606786427145,0.0479041916167664,False,False,0.1938938022501306,0.5568862275449101,False,False,116.56999969482422,767.0499877929688
3ae92f6a3aedcba411e2d3c2,CLEAN_SHEET_R4_2026_V1,2026,2026-09-03T01:27:39.770127+00:00,2026-08-31,IXUS,63,3M,3,-0.0108343688664719,0.3473053892215569,False,False,0.0818363273453093,0.3712574850299401,False,False,0.1916200696315899,0.467065868263473,False,False,97.41999816894533,767.0499877929688
efad753074a49d16e479bb26,CLEAN_SHEET_R4_2026_V1,2026,2026-09-03T01:27:39.770127+00:00,2026-08-31,IYG,63,3M,3,-0.0099819656093057,0.4431137724550898,False,False,0.0538922155688622,0.3143712574850299,False,False,0.2173152323976956,0.8862275449101796,True,False,97.3000030517578,767.0499877929688
b635ef767e17d7eaa7f73375,CLEAN_SHEET_R4_2026_V1,2026,2026-09-03T01:27:39.770127+00:00,2026-08-31,IYJ,63,3M,3,-0.0106890573673936,0.3592814371257485,False,False,0.1377245508982035,0.4610778443113772,False,False,0.1826481253103971,0.1676646706586826,False,False,161.1999969482422,767.0499877929688
fbd6298012681d50a1f1bd1f,CLEAN_SHEET_R4_2026_V1,2026,2026-09-03T01:27:39.770127+00:00,2026-08-31,IYK,63,3M,3,-0.0119607906822498,0.2634730538922156,False,False,0.0538922155688622,0.3143712574850299,False,False,0.1853773149737435,0.2215568862275449,False,False,74.66000366210938,767.0499877929688
f727db75069285ec2b1dbb5d,CLEAN_SHEET_R4_2026_V1,2026,2026-09-03T01:27:39.770127+00:00,2026-08-31,IYT,63,3M,3,-0.0070567435958688,0.6706586826347305,False,False,0.3792415169660678,0.8143712574850299,True,False,0.1719608707946238,0.0419161676646706,False,False,85.13999938964844,767.0499877929688
5c88dc2385344fa89610bb3f,CLEAN_SHEET_R4_2026_V1,2026,2026-09-03T01:27:39.770127+00:00,2026-08-31,IYW,63,3M,3,-0.0046989716183899,0.8682634730538922,True,False,0.3932135728542913,0.8203592814371258,True,False,0.2031680057490764,0.7724550898203593,False,False,251.27999877929688,767.0499877929688
02cb9c51e64d545d8979386d,CLEAN_SHEET_R4_2026_V1,2026,2026-09-03T01:27:39.770127+00:00,2026-08-31,IYZ,63,3M,3,-0.0050689429963135,0.8323353293413174,True,False,0.4371257485029939,0.8862275449101796,True,False,0.1844938771693801,0.1916167664670658,False,False,43.119998931884766,767.0499877929688
f3ecf786b44e973ee352f96d,CLEAN_SHEET_R4_2026_V1,2026,2026-09-03T01:27:39.770127+00:00,2026-08-31,JXI,63,3M,3,-0.0137930488189564,0.1137724550898203,False,False,-0.1017964071856287,0.1107784431137724,False,False,0.1993964593267358,0.6826347305389222,False,False,80.91000366210938,767.0499877929688
6eba77a69b60fdb660c50e2c,CLEAN_SHEET_R4_2026_V1,2026,2026-09-03T01:27:39.770127+00:00,2026-08-31,KBA,63,3M,3,-0.0109109597211457,0.3353293413173652,False,False,0.0638722554890219,0.3293413173652694,False,False,0.1993878096963947,0.6766467065868264,False,False,32.91999816894531,767.0499877929688
a95757b2d7d2534f1fc26cf1,CLEAN_SHEET_R4_2026_V1,2026,2026-09-03T01:27:39.770127+00:00,2026-08-31,KBE,63,3M,3,-0.0094422962651583,0.5209580838323353,False,False,0.2574850299401197,0.6616766467065869,False,False,0.1668183083788656,0.0179640718562874,False,False,67.80999755859375,767.0499877929688
e4385d2ead85677f47e0c479,CLEAN_SHEET_R4_2026_V1,2026,2026-09-03T01:27:39.770127+00:00,2026-08-31,KIE,63,3M,3,-0.0124965073530028,0.2335329341317365,False,False,0.0019960079840319,0.2335329341317365,False,False,0.1902499721011259,0.3952095808383233,False,False,63.150001525878906,767.0499877929688
c05645a43b8bbdd717fb96ec,CLEAN_SHEET_R4_2026_V1,2026,2026-09-03T01:27:39.770127+00:00,2026-08-31,KRE,63,3M,3,-0.0083844672210063,0.5808383233532934,False,False,0.3093812375249501,0.7245508982035929,False,False,0.1684568154142736,0.029940119760479,False,False,73.55999755859375,767.0499877929688
e33d47f88bca6857c356fe57,CLEAN_SHEET_R4_2026_V1,2026,2026-09-03T01:27:39.770127+00:00,2026-08-31,KSA,63,3M,3,-0.0130608674148104,0.1676646706586826,False,False,-0.0578842315369261,0.1796407185628742,False,False,0.2000088930636684,0.6946107784431138,False,False,38.79999923706055,767.0499877929688
7da0ec551b0341a0e31e197b,CLEAN_SHEET_R4_2026_V1,2026,2026-09-03T01:27:39.770127+00:00,2026-08-31,KWEB,63,3M,3,-0.0146886627350761,0.0658682634730539,False,False,-0.1796407185628742,0.0419161676646706,False,False,0.2077296990582706,0.8323353293413174,True,False,25.809999465942383,767.0499877929688
610c5c865dde2274965085d8,CLEAN_SHEET_R4_2026_V1,2026,2026-09-03T01:27:39.770127+00:00,2026-08-31,KXI,63,3M,3,-0.0159470606389933,0.0239520958083832,False,False,-0.1956087824351297,0.0359281437125748,False,False,0.189961183783686,0.3892215568862275,False,False,68.3499984741211,767.0499877929688
5c14774d0b85df9ef7c49561,CLEAN_SHEET_R4_2026_V1,2026,2026-09-03T01:27:39.770127+00:00,2026-08-31,MCHI,63,3M,3,-0.0135428794745739,0.1377245508982036,False,False,-0.091816367265469,0.1287425149700598,False,False,0.2020559667483064,0.7604790419161677,False,False,54.720001220703125,767.0499877929688
f426fb46cc07353f310f41c1,CLEAN_SHEET_R4_2026_V1,2026,2026-09-03T01:27:39.770127+00:00,2026-08-31,MDY,63,3M,3,-0.010245263923876,0.4011976047904191,False,False,0.18562874251497,0.5778443113772455,False,False,0.1745381093769761,0.0538922155688622,False,False,687.1300048828125,767.0499877929688
e47384e8e4340d3c872adda3,CLEAN_SHEET_R4_2026_V1,2026,2026-09-03T01:27:39.770127+00:00,2026-08-31,MTUM,63,3M,3,-0.005608780955575,0.7964071856287425,False,False,0.3952095808383233,0.8263473053892215,True,False,0.1891562440572649,0.3473053892215569,False,False,300.3599853515625,767.0499877929688
858f0b702046840f332c88f2,CLEAN_SHEET_R4_2026_V1,2026,2026-09-03T01:27:39.770127+00:00,2026-08-31,MXI,63,3M,3,-0.0093941056521291,0.5329341317365269,False,False,0.1816367265469061,0.562874251497006,False,False,0.1853155079709906,0.2155688622754491,False,False,115.4499969482422,767.0499877929688
637a0452f1a57a99c5ccce86,CLEAN_SHEET_R4_2026_V1,2026,2026-09-03T01:27:39.770127+00:00,2026-08-31,OIH,63,3M,3,-0.0031378715547832,0.9221556886227544,True,True,0.5129740518962076,0.934131736526946,True,True,0.1936647135063995,0.5389221556886228,False,False,429.1799926757813,767.0499877929688
32a00a8ef915a4d120815971,CLEAN_SHEET_R4_2026_V1,2026,2026-09-03T01:27:39.770127+00:00,2026-08-31,PAVE,63,3M,3,-0.0097867233333585,0.4730538922155688,False,False,0.2694610778443114,0.6826347305389222,False,False,0.1606188004016266,0.0119760479041916,False,False,54.70000076293945,767.0499877929688
73d7b9718931332438fc6052,CLEAN_SHEET_R4_2026_V1,2026,2026-09-03T01:27:39.770127+00:00,2026-08-31,PBJ,63,3M,3,-0.0156800654089842,0.029940119760479,False,False,-0.2135728542914171,0.0179640718562874,False,False,0.1990309363088135,0.6586826347305389,False,False,47.70000076293945,767.0499877929688
c665eb98413e77216a49c8d7,CLEAN_SHEET_R4_2026_V1,2026,2026-09-03T01:27:39.770127+00:00,2026-08-31,PEJ,63,3M,3,-0.0140985790043581,0.0958083832335329,False,False,-0.0359281437125748,0.1976047904191616,False,False,0.1745589527425599,0.059880239520958,False,False,65.37000274658203,767.0499877929688
1686b641d8830dd568bdec3b,CLEAN_SHEET_R4_2026_V1,2026,2026-09-03T01:27:39.770127+00:00,2026-08-31,QAT,63,3M,3,-0.0123962697035726,0.2455089820359281,False,False,0.0139720558882235,0.2604790419161676,False,False,0.1914885794464538,0.4431137724550898,False,False,17.40999984741211,767.0499877929688
ae070a484031e021220130e5,CLEAN_SHEET_R4_2026_V1,2026,2026-09-03T01:27:39.770127+00:00,2026-08-31,QQQ,63,3M,3,-0.0068804378716627,0.6766467065868264,False,False,0.2335329341317365,0.6227544910179641,False,False,0.2157364622898053,0.8802395209580839,True,False,716.760009765625,767.0499877929688
1d384e215e34557fb094c3f6,CLEAN_SHEET_R4_2026_V1,2026,2026-09-03T01:27:39.770127+00:00,2026-08-31,QUAL,63,3M,3,-0.0105728348158541,0.3772455089820359,False,False,0.1337325349301397,0.4491017964071856,False,False,0.1845316508680712,0.1976047904191616,False,False,222.6199951171875,767.0499877929688
6c6ca382b2a16680af662f91,CLEAN_SHEET_R4_2026_V1,2026,2026-09-03T01:27:39.770127+00:00,2026-08-31,REET,63,3M,3,-0.0151486037976676,0.0479041916167664,False,False,-0.1317365269461078,0.0748502994011976,False,False,0.1845916187394437,0.2035928143712574,False,False,27.5,767.0499877929688
42759f09a4f91f0130d5e3ce,CLEAN_SHEET_R4_2026_V1,2026,2026-09-03T01:27:39.770127+00:00,2026-08-31,REM,63,3M,3,-0.0142016455041456,0.0838323353293413,False,False,-0.0798403193612774,0.1377245508982036,False,False,0.1871165621799922,0.281437125748503,False,False,21.700000762939453,767.0499877929688
8263fb2bc67f4ccd3968db29,CLEAN_SHEET_R4_2026_V1,2026,2026-09-03T01:27:39.770127+00:00,2026-08-31,REMX,63,3M,3,-0.0047640245981239,0.8562874251497006,True,False,0.1497005988023952,0.4910179640718562,False,False,0.285065730085457,0.9880239520958084,True,True,77.5199966430664,767.0499877929688
5c82474c2bee71991bbd07ce,CLEAN_SHEET_R4_2026_V1,2026,2026-09-03T01:27:39.770127+00:00,2026-08-31,REZ,63,3M,3,-0.015228019469022,0.0419161676646706,False,False,-0.1097804391217565,0.0958083832335329,False,False,0.1764193532722645,0.0898203592814371,False,False,93.7699966430664,767.0499877929688
1cb455810ec0ba5ff8482ffe,CLEAN_SHEET_R4_2026_V1,2026,2026-09-03T01:27:39.770127+00:00,2026-08-31,RSP,63,3M,3,-0.0092958992885938,0.5568862275449101,False,False,0.2395209580838323,0.6287425149700598,False,False,0.1751458646725052,0.0658682634730539,False,False,219.38999938964844,767.0499877929688
8ed18c60f346b267e87ce78b,CLEAN_SHEET_R4_2026_V1,2026,2026-09-03T01:27:39.770127+00:00,2026-08-31,RWO,63,3M,3,-0.0113460939771988,0.2994011976047904,False,False,0.1077844311377245,0.4101796407185629,False,False,0.1807431718529497,0.1377245508982036,False,False,49.470001220703125,767.0499877929688
eac576f8413b24ee17afd4d1,CLEAN_SHEET_R4_2026_V1,2026,2026-09-03T01:27:39.770127+00:00,2026-08-31,RXI,63,3M,3,-0.0162805396114059,0.0119760479041916,False,False,-0.2534930139720558,0.0119760479041916,False,False,0.2010809626347814,0.718562874251497,False,False,198.4600067138672,767.0499877929688
b0a6beea50859bf90bf9d0c4,CLEAN_SHEET_R4_2026_V1,2026,2026-09-03T01:27:39.770127+00:00,2026-08-31,SCHD,63,3M,3,-0.0081164484392611,0.6467065868263473,False,False,0.2654690618762475,0.6766467065868264,False,False,0.1826089179877319,0.1616766467065868,False,False,34.88999938964844,767.0499877929688
1cbb98a097d6cee916faf9ea,CLEAN_SHEET_R4_2026_V1,2026,2026-09-03T01:27:39.770127+00:00,2026-08-31,SCHY,63,3M,3,-0.0108205978184763,0.3532934131736527,False,False,0.1257485029940119,0.4431137724550898,False,False,0.1801999719220309,0.1317365269461078,False,False,33.220001220703125,767.0499877929688
991930fe44737b4a5b8a5a08,CLEAN_SHEET_R4_2026_V1,2026,2026-09-03T01:27:39.770127+00:00,2026-08-31,SCZ,63,3M,3,-0.0081737194037929,0.6347305389221557,False,False,0.2435129740518961,0.6347305389221557,False,False,0.1922639421106111,0.5029940119760479,False,False,86.80000305175781,767.0499877929688
72e41c6d02f84fee4b965930,CLEAN_SHEET_R4_2026_V1,2026,2026-09-03T01:27:39.770127+00:00,2026-08-31,SKYY,63,3M,3,-0.0043067764457576,0.8922155688622755,True,False,0.2754491017964072,0.688622754491018,False,False,0.2472420780913135,0.9520958083832336,True,True,165.33999633789062,767.0499877929688
1f6f76e24bbb1f77a723decd,CLEAN_SHEET_R4_2026_V1,2026,2026-09-03T01:27:39.770127+00:00,2026-08-31,SLV,63,3M,3,-0.0048967572160569,0.8502994011976048,True,False,0.3253493013972056,0.7544910179640718,False,False,0.2188871592477613,0.8922155688622755,True,False,60.130001068115234,767.0499877929688
e6adf3e397d4005dedb2ac9a,CLEAN_SHEET_R4_2026_V1,2026,2026-09-03T01:27:39.770127+00:00,2026-08-31,SMH,63,3M,3,-0.0012247688485252,1.0,True,True,0.6327345309381237,1.0,True,True,0.1917054299079809,0.4730538922155688,False,False,556.6300048828125,767.0499877929688
6bd85327ef9d101dd0cd666d,CLEAN_SHEET_R4_2026_V1,2026,2026-09-03T01:27:39.770127+00:00,2026-08-31,SOXX,63,3M,3,-0.001769537444658,0.9760479041916168,True,True,0.6007984031936128,0.9850299401197604,True,True,0.1914973949397487,0.4491017964071856,False,False,511.0400085449219,767.0499877929688
2118143db06c49acc0822d84,CLEAN_SHEET_R4_2026_V1,2026,2026-09-03T01:27:39.770127+00:00,2026-08-31,SPGM,63,3M,3,-0.0065317747706348,0.718562874251497,False,False,0.3273453093812374,0.7604790419161677,False,False,0.195059894591421,0.5868263473053892,False,False,87.44000244140625,767.0499877929688
0706dc5c23c5f99f359e4ae9,CLEAN_SHEET_R4_2026_V1,2026,2026-09-03T01:27:39.770127+00:00,2026-08-31,SPY,63,3M,3,-0.0099473409480797,0.4491017964071856,False,False,0.1197604790419161,0.437125748502994,False,False,0.198118797570712,0.6347305389221557,False,False,767.0499877929688,767.0499877929688
fdcb56bf8f59264bcedd9c08,CLEAN_SHEET_R4_2026_V1,2026,2026-09-03T01:27:39.770127+00:00,2026-08-31,THD,63,3M,3,-0.0051431577998227,0.8203592814371258,True,False,0.4570858283433134,0.9041916167664672,True,True,0.1793004320778228,0.1197604790419161,False,False,72.37000274658203,767.0499877929688
a22a2bf8ad35342956f96821,CLEAN_SHEET_R4_2026_V1,2026,2026-09-03T01:27:39.770127+00:00,2026-08-31,TUR,63,3M,3,-0.0050926241153423,0.8263473053892215,True,False,0.407185628742515,0.8622754491017964,True,False,0.1949818288210234,0.5808383233532934,False,False,40.33000183105469,767.0499877929688
3ea1590a1a8d354bf6ce8d2c,CLEAN_SHEET_R4_2026_V1,2026,2026-09-03T01:27:39.770127+00:00,2026-08-31,UAE,63,3M,3,-0.0136105363572188,0.1257485029940119,False,False,-0.1157684630738523,0.0838323353293413,False,False,0.206230934421874,0.8203592814371258,True,False,19.450000762939453,767.0499877929688
6680e8836eed1b72a5d0363b,CLEAN_SHEET_R4_2026_V1,2026,2026-09-03T01:27:39.770127+00:00,2026-08-31,URA,63,3M,3,-0.0116603230401748,0.281437125748503,False,False,-0.1357285429141716,0.059880239520958,False,False,0.2473781366592397,0.9580838323353292,True,True,45.5099983215332,767.0499877929688
103034f1d57ed0ae404ff31a,CLEAN_SHEET_R4_2026_V1,2026,2026-09-03T01:27:39.770127+00:00,2026-08-31,URTH,63,3M,3,-0.0098338410774473,0.467065868263473,False,False,0.1477045908183633,0.4850299401197604,False,False,0.1921360609054776,0.4850299401197604,False,False,208.82000732421875,767.0499877929688
2781b7113e338b6755c34cfb,CLEAN_SHEET_R4_2026_V1,2026,2026-09-03T01:27:39.770127+00:00,2026-08-31,USMV,63,3M,3,-0.013578031989202,0.1317365269461078,False,False,-0.0499001996007983,0.18562874251497,False,False,0.1883578134277365,0.3233532934131736,False,False,101.5199966430664,767.0499877929688
c23ad823aeb3bcf9eb7fa2cd,CLEAN_SHEET_R4_2026_V1,2026,2026-09-03T01:27:39.770127+00:00,2026-08-31,VEA,63,3M,3,-0.0083165671889514,0.5988023952095808,False,False,0.2475049900199601,0.6407185628742516,False,False,0.1861070942413467,0.2514970059880239,False,False,72.91999816894531,767.0499877929688
cdc7c028024e8ba78e7e61a1,CLEAN_SHEET_R4_2026_V1,2026,2026-09-03T01:27:39.770127+00:00,2026-08-31,VEU,63,3M,3,-0.0093574510495672,0.5389221556886228,False,False,0.1776447105788423,0.5568862275449101,False,False,0.1892693004972082,0.3532934131736527,False,False,85.25,767.0499877929688
78c83f78616442a75763ca76,CLEAN_SHEET_R4_2026_V1,2026,2026-09-03T01:27:39.770127+00:00,2026-08-31,VGK,63,3M,3,-0.0099948975382565,0.4311377245508982,False,False,0.1516966067864271,0.497005988023952,False,False,0.1876662285046326,0.2994011976047904,False,False,91.66000366210938,767.0499877929688
44637cf897866414d94171de,CLEAN_SHEET_R4_2026_V1,2026,2026-09-03T01:27:39.770127+00:00,2026-08-31,VNM,63,3M,3,-0.0136868556363598,0.1197604790419161,False,False,-0.1017964071856287,0.1107784431137724,False,False,0.2016672383986051,0.7425149700598802,False,False,18.059999465942383,767.0499877929688
b24f55b4fdf7b2181864dc91,CLEAN_SHEET_R4_2026_V1,2026,2026-09-03T01:27:39.770127+00:00,2026-08-31,VNQ,63,3M,3,-0.0139744487216437,0.1017964071856287,False,False,-0.0678642714570858,0.1616766467065868,False,False,0.1864761620689844,0.2634730538922156,False,False,96.44000244140624,767.0499877929688
011d49639d313b8229a14066,CLEAN_SHEET_R4_2026_V1,2026,2026-09-03T01:27:39.770127+00:00,2026-08-31,VPL,63,3M,3,-0.0047596697873002,0.8622754491017964,True,False,0.4431137724550898,0.8982035928143712,True,False,0.1881145304437426,0.3173652694610778,False,False,115.4499969482422,767.0499877929688
5c200f7ab8c32a0ffbf16cdc,CLEAN_SHEET_R4_2026_V1,2026,2026-09-03T01:27:39.770127+00:00,2026-08-31,VSS,63,3M,3,-0.0132218922404651,0.155688622754491,False,False,-0.0658682634730539,0.1736526946107784,False,False,0.1963448472439746,0.6047904191616766,False,False,160.10000610351562,767.0499877929688
2839a0a4d207831f05c3ddb8,CLEAN_SHEET_R4_2026_V1,2026,2026-09-03T01:27:39.770127+00:00,2026-08-31,VT,63,3M,3,-0.0093017309702599,0.5508982035928144,False,False,0.155688622754491,0.5029940119760479,False,False,0.1978006664910963,0.6287425149700598,False,False,160.5500030517578,767.0499877929688
725ab7f6612c1f46bd7f2c00,CLEAN_SHEET_R4_2026_V1,2026,2026-09-03T01:27:39.770127+00:00,2026-08-31,VWO,63,3M,3,-0.0105391843891599,0.3832335329341317,False,False,0.0538922155688622,0.3053892215568862,False,False,0.2079259671319356,0.8383233532934131,True,False,60.52000045776367,767.0499877929688
5431dcfedf3125aa6f438f4c,CLEAN_SHEET_R4_2026_V1,2026,2026-09-03T01:27:39.770127+00:00,2026-08-31,VXUS,63,3M,3,-0.0096399164567427,0.4850299401197604,False,False,0.1576846307385229,0.5089820359281437,False,False,0.1903218899674316,0.4071856287425149,False,False,87.31999969482422,767.0499877929688
b3cc7bb7113757b453b58864,CLEAN_SHEET_R4_2026_V1,2026,2026-09-03T01:27:39.770127+00:00,2026-08-31,VYMI,63,3M,3,-0.008173853174721,0.6287425149700598,False,False,0.2634730538922156,0.6706586826347305,False,False,0.1831203893862196,0.18562874251497,False,False,105.16999816894533,767.0499877929688
6232ba363b136c6d2fa383ca,CLEAN_SHEET_R4_2026_V1,2026,2026-09-03T01:27:39.770127+00:00,2026-08-31,XAR,63,3M,3,-0.0124509504135665,0.2395209580838323,False,False,0.0039920159680638,0.2395209580838323,False,False,0.1896781168108532,0.3772455089820359,False,False,256.5199890136719,767.0499877929688
73295a5b25e9b5d337044cba,CLEAN_SHEET_R4_2026_V1,2026,2026-09-03T01:27:39.770127+00:00,2026-08-31,XBI,63,3M,3,-0.0049461941590643,0.844311377245509,True,False,0.4011976047904191,0.8413173652694611,True,False,0.1948146164077022,0.5688622754491018,False,False,162.5,767.0499877929688
2a9c5e031be003acf4a7844e,CLEAN_SHEET_R4_2026_V1,2026,2026-09-03T01:27:39.770127+00:00,2026-08-31,XHB,63,3M,3,-0.0126544832391759,0.2095808383233532,False,False,0.0039920159680638,0.2455089820359281,False,False,0.1894945293578647,0.3712574850299401,False,False,102.80999755859376,767.0499877929688
570ae65af08ed17d7d62a5c9,CLEAN_SHEET_R4_2026_V1,2026,2026-09-03T01:27:39.770127+00:00,2026-08-31,XLB,63,3M,3,-0.0102497431061135,0.3952095808383233,False,False,0.1656686626746507,0.5329341317365269,False,False,0.1782078777845026,0.1017964071856287,False,False,52.68999862670898,767.0499877929688
cdbd7b80d4849d193e7d9d5c,CLEAN_SHEET_R4_2026_V1,2026,2026-09-03T01:27:39.770127+00:00,2026-08-31,XLC,63,3M,3,-0.0127695471234923,0.2035928143712574,False,False,-0.0139720558882235,0.2275449101796407,False,False,0.1928226730763941,0.5089820359281437,False,False,111.45999908447266,767.0499877929688
5533e8ff2ed3e9345acd3a4f,CLEAN_SHEET_R4_2026_V1,2026,2026-09-03T01:27:39.770127+00:00,2026-08-31,XLE,63,3M,3,-0.00524969440313,0.8083832335329342,True,False,0.3972055888223553,0.8323353293413174,True,False,0.1915577286223035,0.4610778443113772,False,False,63.959999084472656,767.0499877929688
9f84b10644d6a6d71d5dd2a4,CLEAN_SHEET_R4_2026_V1,2026,2026-09-03T01:27:39.770127+00:00,2026-08-31,XLF,63,3M,3,-0.0110292248225669,0.3173652694610778,False,False,0.0139720558882235,0.2604790419161676,False,False,0.2111373646980971,0.8622754491017964,True,False,57.709999084472656,767.0499877929688
9f49d54b5b752575c7197cd9,CLEAN_SHEET_R4_2026_V1,2026,2026-09-03T01:27:39.770127+00:00,2026-08-31,XLI,63,3M,3,-0.0125857427435174,0.2155688622754491,False,False,0.1077844311377245,0.4101796407185629,False,False,0.1601161953968119,0.0059880239520958,False,False,175.1300048828125,767.0499877929688
4670783ef9d50d62d7f77cb5,CLEAN_SHEET_R4_2026_V1,2026,2026-09-03T01:27:39.770127+00:00,2026-08-31,XLK,63,3M,3,-0.0027135502790308,0.9461077844311376,True,True,0.5429141716566867,0.9461077844311376,True,True,0.1935648048212882,0.5209580838323353,False,False,186.5,767.0499877929688
2e659ce0d37bfe1c3aba5436,CLEAN_SHEET_R4_2026_V1,2026,2026-09-03T01:27:39.770127+00:00,2026-08-31,XLP,63,3M,3,-0.0128272365629444,0.1916167664670658,False,False,0.0059880239520958,0.2514970059880239,False,False,0.1845997008012738,0.2095808383233532,False,False,84.9800033569336,767.0499877929688
b2f1e4e095f46b03be4c89f1,CLEAN_SHEET_R4_2026_V1,2026,2026-09-03T01:27:39.770127+00:00,2026-08-31,XLRE,63,3M,3,-0.0149381867926194,0.0538922155688622,False,False,-0.1337325349301397,0.0658682634730539,False,False,0.1890394124327794,0.3293413173652694,False,False,44.11000061035156,767.0499877929688
ed6ccd6d375fe4ae4ad476fb,CLEAN_SHEET_R4_2026_V1,2026,2026-09-03T01:27:39.770127+00:00,2026-08-31,XLU,63,3M,3,-0.0161350455441088,0.0179640718562874,False,False,-0.2115768463073852,0.0239520958083832,False,False,0.1922607313237146,0.497005988023952,False,False,42.22999954223633,767.0499877929688
95a0e0e9ac51131f7704761a,CLEAN_SHEET_R4_2026_V1,2026,2026-09-03T01:27:39.770127+00:00,2026-08-31,XLV,63,3M,3,-0.0081853543410022,0.6227544910179641,False,False,0.1936127744510978,0.5868263473053892,False,False,0.2041291255358626,0.7964071856287425,False,False,170.5399932861328,767.0499877929688
ea70047a27c2b218e3a64495,CLEAN_SHEET_R4_2026_V1,2026,2026-09-03T01:27:39.770127+00:00,2026-08-31,XLY,63,3M,3,-0.0125079195119699,0.2275449101796407,False,False,-0.0219560878243513,0.2155688622754491,False,False,0.1987091383506666,0.6526946107784432,False,False,116.58999633789062,767.0499877929688
aa87eea706caf8c906a3e6e3,CLEAN_SHEET_R4_2026_V1,2026,2026-09-03T01:27:39.770127+00:00,2026-08-31,XME,63,3M,3,-0.0062306302065661,0.7365269461077845,False,False,0.1816367265469062,0.5688622754491018,False,False,0.2414403829179851,0.9461077844311376,True,True,118.12999725341795,767.0499877929688
9133bcc5d32f2acab2565087,CLEAN_SHEET_R4_2026_V1,2026,2026-09-03T01:27:39.770127+00:00,2026-08-31,XOP,63,3M,3,-0.005174668906699,0.8143712574850299,True,False,0.4011976047904191,0.8413173652694611,True,False,0.1915358719102277,0.4550898203592814,False,False,188.9600067138672,767.0499877929688
f32994c43b09dc627e4be402,CLEAN_SHEET_R4_2026_V1,2026,2026-09-03T01:27:39.770127+00:00,2026-08-31,XPH,63,3M,3,-0.0067199969270109,0.688622754491018,False,False,0.3153692614770459,0.7365269461077845,False,False,0.1898893275656235,0.3832335329341317,False,False,70.62000274658203,767.0499877929688
f58aff1d06c9c7842259f40a,CLEAN_SHEET_R4_2026_V1,2026,2026-09-03T01:27:39.770127+00:00,2026-08-31,XRT,63,3M,3,-0.0139638486001573,0.1077844311377245,False,False,-0.091816367265469,0.1287425149700598,False,False,0.1936896300109643,0.5449101796407185,False,False,86.0999984741211,767.0499877929688
22cd5538b3669d438866c012,CLEAN_SHEET_R4_2026_V1,2026,2026-09-03T01:27:39.770127+00:00,2026-08-31,AAXJ,126,6M,3,-0.0135525848144461,0.8143712574850299,True,False,0.7275449101796406,0.8143712574850299,True,False,0.2011307254558404,0.7844311377245509,False,False,116.76000213623048,767.0499877929688
b5e7cffac093ec7f1f5c487d,CLEAN_SHEET_R4_2026_V1,2026,2026-09-03T01:27:39.770127+00:00,2026-08-31,ACWI,126,6M,3,-0.0156112523233904,0.7245508982035929,False,False,0.6616766467065869,0.7245508982035929,False,False,0.1886730319134602,0.5329341317365269,False,False,160.67999267578125,767.0499877929688
82360afe3954884ac372075c,CLEAN_SHEET_R4_2026_V1,2026,2026-09-03T01:27:39.770127+00:00,2026-08-31,ACWX,126,6M,3,-0.0189069044880519,0.5508982035928144,False,False,0.5459081836327345,0.562874251497006,False,False,0.1889392268614963,0.5389221556886228,False,False,77.4000015258789,767.0499877929688
31170f5791015f56bd0b23bd,CLEAN_SHEET_R4_2026_V1,2026,2026-09-03T01:27:39.770127+00:00,2026-08-31,AFK,126,6M,3,-0.0211921019960287,0.4131736526946107,False,False,0.4381237524950099,0.3712574850299401,False,False,0.2474516912739117,0.934131736526946,True,True,29.1200008392334,767.0499877929688
57385b7878087c7ef3d9182c,CLEAN_SHEET_R4_2026_V1,2026,2026-09-03T01:27:39.770127+00:00,2026-08-31,ARGT,126,6M,3,-0.0233782593435081,0.2634730538922156,False,False,0.4081836327345309,0.3473053892215569,False,False,0.1549809912795789,0.0359281437125748,False,False,94.5500030517578,767.0499877929688
69327d531f30552eca239779,CLEAN_SHEET_R4_2026_V1,2026,2026-09-03T01:27:39.770127+00:00,2026-08-31,ASEA,126,6M,3,-0.0186830313262562,0.562874251497006,False,False,0.5778443113772455,0.5988023952095808,False,False,0.1470955158290268,0.0119760479041916,False,False,21.6299991607666,767.0499877929688
a0b292be31a83b1fcf641f5f,CLEAN_SHEET_R4_2026_V1,2026,2026-09-03T01:27:39.770127+00:00,2026-08-31,CARZ,126,6M,3,-0.0115847930713968,0.9161676646706588,True,True,0.8013972055888224,0.9161676646706588,True,True,0.1916518120471937,0.6467065868263473,False,False,106.43000030517578,767.0499877929688
4723c5fb1cd8612670b59afb,CLEAN_SHEET_R4_2026_V1,2026,2026-09-03T01:27:39.770127+00:00,2026-08-31,CIBR,126,6M,3,-0.0101117951906345,1.0,True,True,0.8552894211576847,1.0,True,True,0.1874108325882897,0.4550898203592814,False,False,100.1500015258789,767.0499877929688
cce87296118d23eb104791f0,CLEAN_SHEET_R4_2026_V1,2026,2026-09-03T01:27:39.770127+00:00,2026-08-31,CORO,126,6M,3,-0.0165405083230845,0.6826347305389222,False,False,0.627744510978044,0.6826347305389222,False,False,0.1912256609675674,0.6287425149700598,False,False,37.060001373291016,767.0499877929688
1df357a0d6e92e6e097f3548,CLEAN_SHEET_R4_2026_V1,2026,2026-09-03T01:27:39.770127+00:00,2026-08-31,CPER,126,6M,3,-0.0145710099828413,0.7664670658682635,False,False,0.689620758483034,0.7544910179640718,False,False,0.2055644678710686,0.7964071856287425,False,False,40.0,767.0499877929688
da7fd9e318997504bfe7591f,CLEAN_SHEET_R4_2026_V1,2026,2026-09-03T01:27:39.770127+00:00,2026-08-31,CQQQ,126,6M,3,-0.0234134208807992,0.2514970059880239,False,False,0.1197604790419161,0.0838323353293413,False,False,0.2458684576916598,0.9161676646706588,True,True,49.13999938964844,767.0499877929688
88e72b19be313e2c44249371,CLEAN_SHEET_R4_2026_V1,2026,2026-09-03T01:27:39.770127+00:00,2026-08-31,DBEF,126,6M,3,-0.0193745675037113,0.497005988023952,False,False,0.5359281437125748,0.5359281437125748,False,False,0.176947051478315,0.18562874251497,False,False,55.7400016784668,767.0499877929688
180b9dbfc306c50f42e9161b,CLEAN_SHEET_R4_2026_V1,2026,2026-09-03T01:27:39.770127+00:00,2026-08-31,DEM,126,6M,3,-0.0178456013325001,0.6047904191616766,False,False,0.5978043912175649,0.6287425149700598,False,False,0.1624729836654126,0.059880239520958,False,False,55.63999938964844,767.0499877929688
e69cc957ce2885e14c414e38,CLEAN_SHEET_R4_2026_V1,2026,2026-09-03T01:27:39.770127+00:00,2026-08-31,DGS,126,6M,3,-0.0239937166555544,0.1916167664670658,False,False,0.3762475049900199,0.2724550898203592,False,False,0.1726539712422839,0.1077844311377245,False,False,64.2699966430664,767.0499877929688
0d0501116652695990c809c3,CLEAN_SHEET_R4_2026_V1,2026,2026-09-03T01:27:39.770127+00:00,2026-08-31,DIA,126,6M,3,-0.017718867851116,0.6107784431137725,False,False,0.5958083832335329,0.6227544910179641,False,False,0.1737170310809934,0.1197604790419161,False,False,531.5700073242188,767.0499877929688
2ec2f70835a73c8d5d663bbd,CLEAN_SHEET_R4_2026_V1,2026,2026-09-03T01:27:39.770127+00:00,2026-08-31,DXJ,126,6M,3,-0.0172914259853763,0.6347305389221557,False,False,0.6017964071856289,0.6347305389221557,False,False,0.190458097113569,0.6047904191616766,False,False,179.61000061035156,767.0499877929688
a4f93c225f51de21036c5460,CLEAN_SHEET_R4_2026_V1,2026,2026-09-03T01:27:39.770127+00:00,2026-08-31,ECH,126,6M,3,-0.0264046974048723,0.0359281437125748,False,False,0.2924151696606786,0.1766467065868263,False,False,0.171306598948025,0.0838323353293413,False,False,40.5,767.0499877929688
88fa8116a7b992734bd65049,CLEAN_SHEET_R4_2026_V1,2026,2026-09-03T01:27:39.770127+00:00,2026-08-31,EDEN,126,6M,3,-0.0153638553922469,0.7365269461077845,False,False,0.6716566866267465,0.7425149700598802,False,False,0.1862011180102668,0.4011976047904191,False,False,117.33000183105467,767.0499877929688
0072509817622adc2de23ff2,CLEAN_SHEET_R4_2026_V1,2026,2026-09-03T01:27:39.770127+00:00,2026-08-31,EEM,126,6M,3,-0.0148428809233754,0.7485029940119761,False,False,0.6796407185628742,0.7485029940119761,False,False,0.2064657501258263,0.8083832335329342,True,False,67.0199966430664,767.0499877929688
57fbac908499e1dcec8fc0f5,CLEAN_SHEET_R4_2026_V1,2026,2026-09-03T01:27:39.770127+00:00,2026-08-31,EEMO,126,6M,3,-0.0116783256745287,0.9101796407185628,True,True,0.7994011976047904,0.9101796407185628,True,True,0.1891775473942646,0.5568862275449101,False,False,22.18000030517578,767.0499877929688
0f0b2940d418ee9b3ca2570c,CLEAN_SHEET_R4_2026_V1,2026,2026-09-03T01:27:39.770127+00:00,2026-08-31,EEMV,126,6M,3,-0.0148043663706496,0.7544910179640718,False,False,0.6956087824351297,0.7604790419161677,False,False,0.1781624483717624,0.2095808383233532,False,False,75.69000244140625,767.0499877929688
a3f6e33036ec977b713955b3,CLEAN_SHEET_R4_2026_V1,2026,2026-09-03T01:27:39.770127+00:00,2026-08-31,EFA,126,6M,3,-0.0208432019500429,0.4251497005988024,False,False,0.4800399201596806,0.4491017964071856,False,False,0.1850155073465522,0.3592814371257485,False,False,107.4499969482422,767.0499877929688
2125b8ca6759c380b67bdd9a,CLEAN_SHEET_R4_2026_V1,2026,2026-09-03T01:27:39.770127+00:00,2026-08-31,EFAV,126,6M,3,-0.0253547779554189,0.0838323353293413,False,False,0.3383233532934132,0.2215568862275449,False,False,0.1558221786349449,0.0419161676646706,False,False,94.12000274658205,767.0499877929688
077a85741a81e978d76d7406,CLEAN_SHEET_R4_2026_V1,2026,2026-09-03T01:27:39.770127+00:00,2026-08-31,EFG,126,6M,3,-0.0214271649810309,0.3892215568862275,False,False,0.4560878243512974,0.4161676646706587,False,False,0.1916245467826794,0.6347305389221557,False,False,124.37999725341795,767.0499877929688
9c2e7a50301d557311211eb2,CLEAN_SHEET_R4_2026_V1,2026,2026-09-03T01:27:39.770127+00:00,2026-08-31,EFNL,126,6M,3,-0.0197373142101405,0.4610778443113772,False,False,0.5339321357285429,0.5269461077844312,False,False,0.1582717442600742,0.0479041916167664,False,False,54.77999877929688,767.0499877929688
035a143a4baa3bcf180721b3,CLEAN_SHEET_R4_2026_V1,2026,2026-09-03T01:27:39.770127+00:00,2026-08-31,EFV,126,6M,3,-0.018886793913092,0.5568862275449101,False,False,0.5479041916167665,0.5688622754491018,False,False,0.1864828105422403,0.4131736526946107,False,False,81.80999755859375,767.0499877929688
a79e2e73362977164e688005,CLEAN_SHEET_R4_2026_V1,2026,2026-09-03T01:27:39.770127+00:00,2026-08-31,EIDO,126,6M,3,-0.0182970149123243,0.5868263473053892,False,False,0.2534930139720558,0.1497005988023952,False,False,0.3660403234921981,0.994011976047904,True,True,12.729999542236328,767.0499877929688
67b25f11f18da6de26e89442,CLEAN_SHEET_R4_2026_V1,2026,2026-09-03T01:27:39.770127+00:00,2026-08-31,EIRL,126,6M,3,-0.0129039266241476,0.8562874251497006,True,False,0.7554890219560878,0.8502994011976048,True,False,0.1909292273892568,0.6227544910179641,False,False,82.98999786376953,767.0499877929688
000c1e519799cc240e7dfc26,CLEAN_SHEET_R4_2026_V1,2026,2026-09-03T01:27:39.770127+00:00,2026-08-31,EIS,126,6M,3,-0.0244221087613369,0.1437125748502994,False,False,0.3483033932135728,0.2365269461077844,False,False,0.1969116507787925,0.7485029940119761,False,False,122.8000030517578,767.0499877929688
9a6ffb5ffb94e53cc8066e07,CLEAN_SHEET_R4_2026_V1,2026,2026-09-03T01:27:39.770127+00:00,2026-08-31,EMXC,126,6M,3,-0.0123759318836085,0.874251497005988,True,False,0.7714570858283433,0.8682634730538922,True,False,0.1959089650109452,0.718562874251497,False,False,98.23999786376952,767.0499877929688
ab033fc020cccca2225c8856,CLEAN_SHEET_R4_2026_V1,2026,2026-09-03T01:27:39.770127+00:00,2026-08-31,ENOR,126,6M,3,-0.0171751259700478,0.6526946107784432,False,False,0.6157684630738522,0.6586826347305389,False,False,0.1721409152696403,0.1017964071856287,False,False,36.900001525878906,767.0499877929688
90afc689e78346d3ab767910,CLEAN_SHEET_R4_2026_V1,2026,2026-09-03T01:27:39.770127+00:00,2026-08-31,ENZL,126,6M,3,-0.0218126790996568,0.3532934131736527,False,False,0.4421157684630739,0.3862275449101796,False,False,0.1924888340898598,0.688622754491018,False,False,48.119998931884766,767.0499877929688
a8a717a19258b90ce8c70ddc,CLEAN_SHEET_R4_2026_V1,2026,2026-09-03T01:27:39.770127+00:00,2026-08-31,EPHE,126,6M,3,-0.0256259527177551,0.0718562874251497,False,False,0.0459081836327345,0.0059880239520958,False,False,0.2372342823306804,0.8862275449101796,True,False,23.75,767.0499877929688
dd7b607c369cc5d0206d0e3b,CLEAN_SHEET_R4_2026_V1,2026,2026-09-03T01:27:39.770127+00:00,2026-08-31,EPOL,126,6M,3,-0.0124292433368206,0.8682634730538922,True,False,0.7734530938123753,0.874251497005988,True,False,0.1884162893002825,0.5209580838323353,False,False,44.09999847412109,767.0499877929688
2228bac47f1ec04bbaf941cc,CLEAN_SHEET_R4_2026_V1,2026,2026-09-03T01:27:39.770127+00:00,2026-08-31,EPP,126,6M,3,-0.0224875178965398,0.3233532934131736,False,False,0.4261477045908184,0.3652694610778443,False,False,0.1779700280468164,0.2035928143712574,False,False,57.790000915527344,767.0499877929688
f358180a955857ff58670b81,CLEAN_SHEET_R4_2026_V1,2026,2026-09-03T01:27:39.770127+00:00,2026-08-31,EPU,126,6M,3,-0.0174559176623352,0.6227544910179641,False,False,0.5538922155688623,0.5808383233532934,False,False,0.2847496066031958,0.9700598802395208,True,True,91.55999755859376,767.0499877929688
f43faffd09513f9387418fe9,CLEAN_SHEET_R4_2026_V1,2026,2026-09-03T01:27:39.770127+00:00,2026-08-31,EWA,126,6M,3,-0.0233879364524125,0.2574850299401197,False,False,0.3902195608782435,0.3233532934131736,False,False,0.1860292043889096,0.3832335329341317,False,False,30.020000457763672,767.0499877929688
38630a99d52f0f73a335d7d2,CLEAN_SHEET_R4_2026_V1,2026,2026-09-03T01:27:39.770127+00:00,2026-08-31,EWC,126,6M,3,-0.0209900460063868,0.4191616766467065,False,False,0.4800399201596806,0.4491017964071856,False,False,0.1755125691329682,0.1437125748502994,False,False,61.43000030517578,767.0499877929688
1a54309562f8eb48f8e3fc5d,CLEAN_SHEET_R4_2026_V1,2026,2026-09-03T01:27:39.770127+00:00,2026-08-31,EWD,126,6M,3,-0.0212357363403363,0.4071856287425149,False,False,0.4580838323353293,0.4251497005988024,False,False,0.200919563324353,0.7724550898203593,False,False,53.40999984741211,767.0499877929688
23779b94239b7f75a65f90ae,CLEAN_SHEET_R4_2026_V1,2026,2026-09-03T01:27:39.770127+00:00,2026-08-31,EWG,126,6M,3,-0.0192059062752135,0.5209580838323353,False,False,0.5259481037924152,0.5059880239520959,False,False,0.2077248100965572,0.8203592814371258,True,False,44.22999954223633,767.0499877929688
3fd459fd467590aeb2485c5f,CLEAN_SHEET_R4_2026_V1,2026,2026-09-03T01:27:39.770127+00:00,2026-08-31,EWH,126,6M,3,-0.0261599573109657,0.0479041916167664,False,False,0.2924151696606786,0.1766467065868263,False,False,0.1870654081213512,0.437125748502994,False,False,22.90999984741211,767.0499877929688
5b50586ea1fd4789e89f4b26,CLEAN_SHEET_R4_2026_V1,2026,2026-09-03T01:27:39.770127+00:00,2026-08-31,EWI,126,6M,3,-0.0132894407427735,0.8383233532934131,True,False,0.7415169660678643,0.8353293413173652,True,False,0.1917911226439589,0.6526946107784432,False,False,62.27999877929688,767.0499877929688
f4505ba3bc38b0f7e251101a,CLEAN_SHEET_R4_2026_V1,2026,2026-09-03T01:27:39.770127+00:00,2026-08-31,EWJ,126,6M,3,-0.0184436049068232,0.5808383233532934,False,False,0.5578842315369262,0.5868263473053892,False,False,0.1972619549868242,0.7604790419161677,False,False,95.87999725341795,767.0499877929688
692473fd82449857a27f78f1,CLEAN_SHEET_R4_2026_V1,2026,2026-09-03T01:27:39.770127+00:00,2026-08-31,EWL,126,6M,3,-0.0233547355741603,0.2694610778443114,False,False,0.3862275449101797,0.3083832335329341,False,False,0.1959756585424761,0.7245508982035929,False,False,62.79999923706055,767.0499877929688
370c2fa5cc4ca8691754e70d,CLEAN_SHEET_R4_2026_V1,2026,2026-09-03T01:27:39.770127+00:00,2026-08-31,EWM,126,6M,3,-0.0261214427582399,0.059880239520958,False,False,0.3083832335329341,0.1976047904191616,False,False,0.1608824076210824,0.0538922155688622,False,False,28.38999938964844,767.0499877929688
1a2f519e03c3eb65b087e323,CLEAN_SHEET_R4_2026_V1,2026,2026-09-03T01:27:39.770127+00:00,2026-08-31,EWN,126,6M,3,-0.0135368376739169,0.8203592814371258,True,False,0.7315369261477046,0.8203592814371258,True,False,0.194319526728975,0.7005988023952096,False,False,68.31999969482422,767.0499877929688
a6068007fbc4f9fd997d0251,CLEAN_SHEET_R4_2026_V1,2026,2026-09-03T01:27:39.770127+00:00,2026-08-31,EWO,126,6M,3,-0.0119056120307123,0.9041916167664672,True,True,0.7914171656686627,0.9041916167664672,True,True,0.1891959340461411,0.562874251497006,False,False,44.040000915527344,767.0499877929688
97230eaea64349ac10f00c33,CLEAN_SHEET_R4_2026_V1,2026,2026-09-03T01:27:39.770127+00:00,2026-08-31,EWP,126,6M,3,-0.0140001372551456,0.8023952095808383,True,False,0.719560878243513,0.8023952095808383,True,False,0.1860921638744347,0.3892215568862275,False,False,62.400001525878906,767.0499877929688
2ef28c741bb4ba3173a0d365,CLEAN_SHEET_R4_2026_V1,2026,2026-09-03T01:27:39.770127+00:00,2026-08-31,EWQ,126,6M,3,-0.0234727421866828,0.2455089820359281,False,False,0.3842315369261477,0.2994011976047904,False,False,0.1917917106240164,0.6586826347305389,False,False,45.86000061035156,767.0499877929688
5a52bb7f85598eedbf978321,CLEAN_SHEET_R4_2026_V1,2026,2026-09-03T01:27:39.770127+00:00,2026-08-31,EWS,126,6M,3,-0.012166099265148,0.8922155688622755,True,False,0.7874251497005988,0.8982035928143712,True,False,0.1795344033462258,0.2574850299401197,False,False,34.16999816894531,767.0499877929688
925329658d6106add0bb3025,CLEAN_SHEET_R4_2026_V1,2026,2026-09-03T01:27:39.770127+00:00,2026-08-31,EWT,126,6M,3,-0.0103836661311686,0.9820359281437124,True,True,0.8453093812375249,0.9820359281437124,True,True,0.1882513821842671,0.497005988023952,False,False,108.02999877929688,767.0499877929688
37863cce446e3697bac1e6f7,CLEAN_SHEET_R4_2026_V1,2026,2026-09-03T01:27:39.770127+00:00,2026-08-31,EWU,126,6M,3,-0.0237577034305093,0.2095808383233532,False,False,0.3802395209580838,0.2904191616766467,False,False,0.1804366382594342,0.2754491017964072,False,False,48.369998931884766,767.0499877929688
61c147ee7c66730a711f4da3,CLEAN_SHEET_R4_2026_V1,2026,2026-09-03T01:27:39.770127+00:00,2026-08-31,EWW,126,6M,3,-0.0250838572549276,0.1077844311377245,False,False,0.3263473053892216,0.2035928143712574,False,False,0.1944327412711176,0.7125748502994012,False,False,76.72000122070312,767.0499877929688
8558bdc9d21b1de8b8fc3e86,CLEAN_SHEET_R4_2026_V1,2026,2026-09-03T01:27:39.770127+00:00,2026-08-31,EWY,126,6M,3,-0.010943155152766,0.9520958083832336,True,True,0.8213572854291417,0.9461077844311376,True,True,0.1966363475285354,0.7365269461077845,False,False,180.8600006103516,767.0499877929688
796a3ccc87d1e531f5f8da28,CLEAN_SHEET_R4_2026_V1,2026,2026-09-03T01:27:39.770127+00:00,2026-08-31,EWZ,126,6M,3,-0.0274100322699752,0.0179640718562874,False,False,0.248502994011976,0.1377245508982036,False,False,0.1871656830786445,0.4491017964071856,False,False,36.02999877929688,767.0499877929688
bd1e790bf511bc70dab61d78,CLEAN_SHEET_R4_2026_V1,2026,2026-09-03T01:27:39.770127+00:00,2026-08-31,EXI,126,6M,3,-0.0235085999021719,0.2395209580838323,False,False,0.3782435129740518,0.281437125748503,False,False,0.2011120760784185,0.7784431137724551,False,False,197.8000030517578,767.0499877929688
14e58ea74b182837a9d36752,CLEAN_SHEET_R4_2026_V1,2026,2026-09-03T01:27:39.770127+00:00,2026-08-31,EZA,126,6M,3,-0.0237167259234384,0.2215568862275449,False,False,0.3502994011976048,0.2455089820359281,False,False,0.2457050564118225,0.9101796407185628,True,True,70.5,767.0499877929688
db1120ab6b2635e4a187bbe6,CLEAN_SHEET_R4_2026_V1,2026,2026-09-03T01:27:39.770127+00:00,2026-08-31,EZU,126,6M,3,-0.0181026753725479,0.592814371257485,False,False,0.5698602794411177,0.592814371257485,False,False,0.1972334857441146,0.7544910179640718,False,False,70.45999908447266,767.0499877929688
f9a0eb442409e70bfb022c8e,CLEAN_SHEET_R4_2026_V1,2026,2026-09-03T01:27:39.770127+00:00,2026-08-31,FDN,126,6M,3,-0.0122264309900277,0.8862275449101796,True,False,0.781437125748503,0.8862275449101796,True,False,0.1867642552980084,0.4251497005988024,False,False,292.489990234375,767.0499877929688
7d56a4933e9154a9d0cad4b6,CLEAN_SHEET_R4_2026_V1,2026,2026-09-03T01:27:39.770127+00:00,2026-08-31,FEZ,126,6M,3,-0.0165073074448323,0.688622754491018,False,False,0.6237524950099801,0.6736526946107785,False,False,0.201381215702962,0.7904191616766467,False,False,70.83999633789062,767.0499877929688
40724c7c9f1f98d40508142a,CLEAN_SHEET_R4_2026_V1,2026,2026-09-03T01:27:39.770127+00:00,2026-08-31,GLD,126,6M,3,-0.022997362721158,0.3053892215568862,False,False,0.1197604790419161,0.0778443113772455,False,False,0.281198371602022,0.9580838323353292,True,True,408.4200134277344,767.0499877929688
edcb2fe687e07e257f64bd63,CLEAN_SHEET_R4_2026_V1,2026,2026-09-03T01:27:39.770127+00:00,2026-08-31,GREK,126,6M,3,-0.0111791683778111,0.940119760479042,True,True,0.8173652694610777,0.940119760479042,True,True,0.1883154995527012,0.5029940119760479,False,False,85.19000244140625,767.0499877929688
890ec58143e474f22e9e8e01,CLEAN_SHEET_R4_2026_V1,2026,2026-09-03T01:27:39.770127+00:00,2026-08-31,HEDJ,126,6M,3,-0.020274986059584,0.4431137724550898,False,False,0.5,0.4790419161676646,False,False,0.1849703272029216,0.3532934131736527,False,False,57.27000045776367,767.0499877929688
71c27347508e2e3e21450dc6,CLEAN_SHEET_R4_2026_V1,2026,2026-09-03T01:27:39.770127+00:00,2026-08-31,HEEM,126,6M,3,-0.0175877709353011,0.6167664670658682,False,False,0.5918163672654689,0.6167664670658682,False,False,0.1896560456536762,0.5808383233532934,False,False,42.27999877929688,767.0499877929688
5fd30c3270454c111ec29627,CLEAN_SHEET_R4_2026_V1,2026,2026-09-03T01:27:39.770127+00:00,2026-08-31,HEFA,126,6M,3,-0.0192810349005794,0.5149700598802395,False,False,0.5379241516966068,0.5508982035928144,False,False,0.1792967253501747,0.2455089820359281,False,False,47.22999954223633,767.0499877929688
2c6235ab298ba4009be2b832,CLEAN_SHEET_R4_2026_V1,2026,2026-09-03T01:27:39.770127+00:00,2026-08-31,IBB,126,6M,3,-0.0121328983868958,0.8982035928143712,True,False,0.7834331337325349,0.8922155688622755,True,False,0.1892143220680366,0.5688622754491018,False,False,209.0500030517578,767.0499877929688
9d3419d895b21790e1c771c5,CLEAN_SHEET_R4_2026_V1,2026,2026-09-03T01:27:39.770127+00:00,2026-08-31,IEFA,126,6M,3,-0.0205914415844686,0.4311377245508982,False,False,0.4880239520958083,0.4610778443113772,False,False,0.1866192312543624,0.4191616766467065,False,False,100.26000213623048,767.0499877929688
24f280488eb5d153854fdcc4,CLEAN_SHEET_R4_2026_V1,2026,2026-09-03T01:27:39.770127+00:00,2026-08-31,IEMG,126,6M,3,-0.0151838104576507,0.7425149700598802,False,False,0.6676646706586826,0.7305389221556886,False,False,0.2064952091929441,0.8143712574850299,True,False,81.7300033569336,767.0499877929688
c68aff87017d3f0ef9c885ce,CLEAN_SHEET_R4_2026_V1,2026,2026-09-03T01:27:39.770127+00:00,2026-08-31,IEUR,126,6M,3,-0.0203353177844637,0.437125748502994,False,False,0.4940119760479042,0.4730538922155688,False,False,0.1923677590864737,0.6826347305389222,False,False,77.5,767.0499877929688
b8c70012c3f23c7400ce5fbd,CLEAN_SHEET_R4_2026_V1,2026,2026-09-03T01:27:39.770127+00:00,2026-08-31,IGV,126,6M,3,-0.0107936542591852,0.9640718562874252,True,True,0.8313373253493014,0.9640718562874252,True,True,0.1874656005911583,0.4730538922155688,False,False,109.9800033569336,767.0499877929688
2ae5797ca9a096d850b701a7,CLEAN_SHEET_R4_2026_V1,2026,2026-09-03T01:27:39.770127+00:00,2026-08-31,IHF,126,6M,3,-0.0112928115559028,0.934131736526946,True,True,0.8133732534930139,0.934131736526946,True,True,0.188324660545733,0.5089820359281437,False,False,56.709999084472656,767.0499877929688
ae97df87f6602a0da177de94,CLEAN_SHEET_R4_2026_V1,2026,2026-09-03T01:27:39.770127+00:00,2026-08-31,IHI,126,6M,3,-0.021353046774661,0.4011976047904191,False,False,0.1736526946107784,0.1077844311377245,False,False,0.2908843655051766,0.9760479041916168,True,True,54.970001220703125,767.0499877929688
09ebade08c1be6b465cd8ec6,CLEAN_SHEET_R4_2026_V1,2026,2026-09-03T01:27:39.770127+00:00,2026-08-31,IJR,126,6M,3,-0.0154573879953788,0.7305389221556886,False,False,0.6696606786427145,0.7365269461077845,False,False,0.1837812241375594,0.3353293413173652,False,False,144.52000427246094,767.0499877929688
757106c484e947042e87a552,CLEAN_SHEET_R4_2026_V1,2026,2026-09-03T01:27:39.770127+00:00,2026-08-31,ILF,126,6M,3,-0.0265297242890625,0.029940119760479,False,False,0.2824351297405189,0.1676646706586826,False,False,0.1814486349303283,0.2934131736526946,False,False,34.900001525878906,767.0499877929688
314c2ff82d897f9ab8ccbdbc,CLEAN_SHEET_R4_2026_V1,2026,2026-09-03T01:27:39.770127+00:00,2026-08-31,IMTM,126,6M,3,-0.0215408081591226,0.3772455089820359,False,False,0.4520958083832336,0.4071856287425149,False,False,0.1916338307457697,0.6407185628742516,False,False,53.2599983215332,767.0499877929688
ff9f500f50ec8f59fd0a3d66,CLEAN_SHEET_R4_2026_V1,2026,2026-09-03T01:27:39.770127+00:00,2026-08-31,INDA,126,6M,3,-0.023308504571569,0.281437125748503,False,False,0.1277445109780439,0.0898203592814371,False,False,0.236044083141855,0.8802395209580839,True,False,49.70000076293945,767.0499877929688
1ee44880921e64df7b681928,CLEAN_SHEET_R4_2026_V1,2026,2026-09-03T01:27:39.770127+00:00,2026-08-31,IOO,126,6M,3,-0.0133383887615548,0.8323353293413174,True,False,0.7415169660678642,0.8263473053892215,True,False,0.1884896169477938,0.5269461077844312,False,False,144.14999389648438,767.0499877929688
678bd28f5d3cab0f76af6a0e,CLEAN_SHEET_R4_2026_V1,2026,2026-09-03T01:27:39.770127+00:00,2026-08-31,IQLT,126,6M,3,-0.0195730164160734,0.4850299401197604,False,False,0.5259481037924152,0.5059880239520959,False,False,0.1825002414082408,0.311377245508982,False,False,51.470001220703125,767.0499877929688
68bcf035e28da50e9db44a0a,CLEAN_SHEET_R4_2026_V1,2026,2026-09-03T01:27:39.770127+00:00,2026-08-31,ITA,126,6M,3,-0.0244807940679758,0.1377245508982036,False,False,0.0818363273453093,0.0479041916167664,False,False,0.2469695459861429,0.9281437125748504,True,True,228.3500061035156,767.0499877929688
ebca8adafac8592600f2ef81,CLEAN_SHEET_R4_2026_V1,2026,2026-09-03T01:27:39.770127+00:00,2026-08-31,ITB,126,6M,3,-0.0238347927149141,0.2035928143712574,False,False,0.0998003992015968,0.0718562874251497,False,False,0.2580461336517451,0.9461077844311376,True,True,94.69000244140624,767.0499877929688
30c58510228513f2af2ebe3e,CLEAN_SHEET_R4_2026_V1,2026,2026-09-03T01:27:39.770127+00:00,2026-08-31,ITOT,126,6M,3,-0.0144547099675127,0.7904191616766467,False,False,0.7035928143712575,0.7754491017964071,False,False,0.1861284764546155,0.3952095808383233,False,False,167.9199981689453,767.0499877929688
50da5f55e36d557da8220e4b,CLEAN_SHEET_R4_2026_V1,2026,2026-09-03T01:27:39.770127+00:00,2026-08-31,IWB,126,6M,3,-0.0146374117393457,0.7604790419161677,False,False,0.6976047904191617,0.7664670658682635,False,False,0.1853314344903735,0.3712574850299401,False,False,419.8800048828125,767.0499877929688
eab02dce741114873594eddb,CLEAN_SHEET_R4_2026_V1,2026,2026-09-03T01:27:39.770127+00:00,2026-08-31,IWD,126,6M,3,-0.0134362847991175,0.8263473053892215,True,False,0.7415169660678643,0.8353293413173652,True,False,0.1820178944404284,0.3053892215568862,False,False,256.9100036621094,767.0499877929688
ee6f82fa417164cfbac926df,CLEAN_SHEET_R4_2026_V1,2026,2026-09-03T01:27:39.770127+00:00,2026-08-31,IWF,126,6M,3,-0.0169303858761411,0.6586826347305389,False,False,0.6157684630738524,0.6646706586826348,False,False,0.1879590667135631,0.4850299401197604,False,False,122.70999908447266,767.0499877929688
63dbad88e33689e6f9220ac7,CLEAN_SHEET_R4_2026_V1,2026,2026-09-03T01:27:39.770127+00:00,2026-08-31,IWM,126,6M,3,-0.0141985861675077,0.7964071856287425,False,False,0.7095808383233534,0.7964071856287425,False,False,0.1918654532029592,0.6646706586826348,False,False,293.92999267578125,767.0499877929688
ecbb5bdd44f3faa33c49c60c,CLEAN_SHEET_R4_2026_V1,2026,2026-09-03T01:27:39.770127+00:00,2026-08-31,IXC,126,6M,3,-0.0159451615859981,0.7065868263473054,False,False,0.6576846307385229,0.7125748502994012,False,False,0.1743540027063388,0.1377245508982036,False,False,58.18000030517578,767.0499877929688
371fe579115db96ff2e6227e,CLEAN_SHEET_R4_2026_V1,2026,2026-09-03T01:27:39.770127+00:00,2026-08-31,IXG,126,6M,3,-0.0132535830272845,0.844311377245509,True,False,0.7475049900199601,0.844311377245509,True,False,0.1828038837284865,0.3233532934131736,False,False,134.2100067138672,767.0499877929688
534d4a361807562affae205c,CLEAN_SHEET_R4_2026_V1,2026,2026-09-03T01:27:39.770127+00:00,2026-08-31,IXJ,126,6M,3,-0.0215740090373748,0.3712574850299401,False,False,0.4560878243512974,0.4161676646706587,False,False,0.1818578969105877,0.2994011976047904,False,False,104.23999786376952,767.0499877929688
df5609e9e6cea6155b2c56d7,CLEAN_SHEET_R4_2026_V1,2026,2026-09-03T01:27:39.770127+00:00,2026-08-31,IXN,126,6M,3,-0.0107691802497945,0.9700598802395208,True,True,0.8313373253493014,0.9640718562874252,True,True,0.1891040144865294,0.5508982035928144,False,False,141.1300048828125,767.0499877929688
b4d3c63d4c5954509e6dfac0,CLEAN_SHEET_R4_2026_V1,2026,2026-09-03T01:27:39.770127+00:00,2026-08-31,IXP,126,6M,3,-0.0246809495775319,0.1317365269461078,False,False,0.0838323353293413,0.0538922155688622,False,False,0.2266308953043594,0.844311377245509,True,False,116.56999969482422,767.0499877929688
f955461f3f0fc3fb045e72a7,CLEAN_SHEET_R4_2026_V1,2026,2026-09-03T01:27:39.770127+00:00,2026-08-31,IXUS,126,6M,3,-0.019178775428586,0.5269461077844312,False,False,0.5359281437125748,0.5359281437125748,False,False,0.1897850303902981,0.5868263473053892,False,False,97.41999816894533,767.0499877929688
62c25e36ae4509db8ce63a5f,CLEAN_SHEET_R4_2026_V1,2026,2026-09-03T01:27:39.770127+00:00,2026-08-31,IYG,126,6M,3,-0.0139843901146165,0.8083832335329342,True,False,0.7235528942115769,0.8083832335329342,True,False,0.1796756969841159,0.2634730538922156,False,False,97.3000030517578,767.0499877929688
8b94e177e0081d75d80f1f92,CLEAN_SHEET_R4_2026_V1,2026,2026-09-03T01:27:39.770127+00:00,2026-08-31,IYJ,126,6M,3,-0.0237201391178263,0.2155688622754491,False,False,0.374251497005988,0.2634730538922156,False,False,0.1943201205967456,0.7065868263473054,False,False,161.1999969482422,767.0499877929688
001187c7749b0359b3b98e36,CLEAN_SHEET_R4_2026_V1,2026,2026-09-03T01:27:39.770127+00:00,2026-08-31,IYK,126,6M,3,-0.0261442101704366,0.0538922155688622,False,False,0.2964071856287425,0.1886227544910179,False,False,0.1806228308209854,0.281437125748503,False,False,74.66000366210938,767.0499877929688
8fe182e180544ca344dcf397,CLEAN_SHEET_R4_2026_V1,2026,2026-09-03T01:27:39.770127+00:00,2026-08-31,IYT,126,6M,3,-0.0198187067500229,0.4550898203592814,False,False,0.5039920159680639,0.4850299401197604,False,False,0.2086627637223572,0.8263473053892215,True,False,85.13999938964844,767.0499877929688
e530035b218bc06d5b513314,CLEAN_SHEET_R4_2026_V1,2026,2026-09-03T01:27:39.770127+00:00,2026-08-31,IYW,126,6M,3,-0.0110209406153687,0.9461077844311376,True,True,0.8233532934131736,0.9520958083832336,True,True,0.1874838593280043,0.4790419161676646,False,False,251.27999877929688,767.0499877929688
778e8bb66db36e608c3d246c,CLEAN_SHEET_R4_2026_V1,2026,2026-09-03T01:27:39.770127+00:00,2026-08-31,IYZ,126,6M,3,-0.0214506887503787,0.3832335329341317,False,False,0.4780439121756487,0.437125748502994,False,False,0.1513687024561397,0.0239520958083832,False,False,43.119998931884766,767.0499877929688
901a8853e2ab9fc57d5b1bc0,CLEAN_SHEET_R4_2026_V1,2026,2026-09-03T01:27:39.770127+00:00,2026-08-31,JXI,126,6M,3,-0.025417448517913,0.0778443113772455,False,False,0.0568862275449101,0.0179640718562874,False,False,0.2290596009784134,0.8562874251497006,True,False,80.91000366210938,767.0499877929688
66daf430f6d119f8393dc615,CLEAN_SHEET_R4_2026_V1,2026,2026-09-03T01:27:39.770127+00:00,2026-08-31,KBA,126,6M,3,-0.0224691139187739,0.3293413173652694,False,False,0.4401197604790419,0.3772455089820359,False,False,0.1549182108654584,0.029940119760479,False,False,32.91999816894531,767.0499877929688
eec5dcd9191e5a706cb2a6dd,CLEAN_SHEET_R4_2026_V1,2026,2026-09-03T01:27:39.770127+00:00,2026-08-31,KBE,126,6M,3,-0.0167896118514219,0.6706586826347305,False,False,0.6297405189620758,0.688622754491018,False,False,0.1713486047003795,0.0898203592814371,False,False,67.80999755859375,767.0499877929688
f739212c95124efb6f9fdf16,CLEAN_SHEET_R4_2026_V1,2026,2026-09-03T01:27:39.770127+00:00,2026-08-31,KIE,126,6M,3,-0.0179173167634781,0.5988023952095808,False,False,0.5858283433133732,0.6107784431137725,False,False,0.179190921684317,0.2335329341317365,False,False,63.150001525878906,767.0499877929688
6cefb1c79132b4a26c2b6bd6,CLEAN_SHEET_R4_2026_V1,2026,2026-09-03T01:27:39.770127+00:00,2026-08-31,KRE,126,6M,3,-0.0172153471199675,0.6467065868263473,False,False,0.6117764471057884,0.6467065868263473,False,False,0.1767812738020928,0.1796407185628742,False,False,73.55999755859375,767.0499877929688
032abc42f4351025f62bdc55,CLEAN_SHEET_R4_2026_V1,2026,2026-09-03T01:27:39.770127+00:00,2026-08-31,KSA,126,6M,3,-0.0240906624530741,0.18562874251497,False,False,0.3982035928143713,0.3353293413173652,False,False,0.1319859914544107,0.0059880239520958,False,False,38.79999923706055,767.0499877929688
639c6fd40a759aab26eab17c,CLEAN_SHEET_R4_2026_V1,2026,2026-09-03T01:27:39.770127+00:00,2026-08-31,KWEB,126,6M,3,-0.024403008605373,0.1497005988023952,False,False,0.0798403193612774,0.0419161676646706,False,False,0.2581035105239388,0.9520958083832336,True,True,25.809999465942383,767.0499877929688
33836dc93cca14de4cc64277,CLEAN_SHEET_R4_2026_V1,2026,2026-09-03T01:27:39.770127+00:00,2026-08-31,KXI,126,6M,3,-0.027670519504411,0.0119760479041916,False,False,0.2445109780439121,0.1317365269461078,False,False,0.1775851219513069,0.1916167664670658,False,False,68.3499984741211,767.0499877929688
ceb9e5836361f76638d51565,CLEAN_SHEET_R4_2026_V1,2026,2026-09-03T01:27:39.770127+00:00,2026-08-31,MCHI,126,6M,3,-0.0243269297399642,0.1676646706586826,False,False,0.0898203592814371,0.0658682634730539,False,False,0.2410152637152469,0.8922155688622755,True,False,54.720001220703125,767.0499877929688
41aaf6aa8488212119b29867,CLEAN_SHEET_R4_2026_V1,2026,2026-09-03T01:27:39.770127+00:00,2026-08-31,MDY,126,6M,3,-0.0218056588279892,0.3592814371257485,False,False,0.4500998003992016,0.3952095808383233,False,False,0.1779174267320562,0.1976047904191616,False,False,687.1300048828125,767.0499877929688
6815081ba9fae8df196b8863,CLEAN_SHEET_R4_2026_V1,2026,2026-09-03T01:27:39.770127+00:00,2026-08-31,MTUM,126,6M,3,-0.0123357107336887,0.8802395209580839,True,False,0.7754491017964072,0.8802395209580839,True,False,0.1908829413703359,0.6167664670658682,False,False,300.3599853515625,767.0499877929688
506c6e01f025f8cda4ce74a9,CLEAN_SHEET_R4_2026_V1,2026,2026-09-03T01:27:39.770127+00:00,2026-08-31,MXI,126,6M,3,-0.0197191041152663,0.467065868263473,False,False,0.4920159680638722,0.467065868263473,False,False,0.2423461301144455,0.8982035928143712,True,False,115.4499969482422,767.0499877929688
a9bef4c5d94eab9781a41fe4,CLEAN_SHEET_R4_2026_V1,2026,2026-09-03T01:27:39.770127+00:00,2026-08-31,OIH,126,6M,3,-0.0172713154104165,0.6407185628742516,False,False,0.6037924151696606,0.6407185628742516,False,False,0.1879865107471469,0.4910179640718562,False,False,429.1799926757813,767.0499877929688
80fb7e0e7faa9119cec5ba33,CLEAN_SHEET_R4_2026_V1,2026,2026-09-03T01:27:39.770127+00:00,2026-08-31,PAVE,126,6M,3,-0.0247228171456924,0.1257485029940119,False,False,0.3403193612774451,0.2275449101796407,False,False,0.1918939210446645,0.6706586826347305,False,False,54.70000076293945,767.0499877929688
1f13fdc86e626952bf8244bf,CLEAN_SHEET_R4_2026_V1,2026,2026-09-03T01:27:39.770127+00:00,2026-08-31,PBJ,126,6M,3,-0.0278733318512039,0.0059880239520958,False,False,0.2365269461077844,0.1257485029940119,False,False,0.1791738503585987,0.2275449101796407,False,False,47.70000076293945,767.0499877929688
80e1e9e515eb5d39c02901bc,CLEAN_SHEET_R4_2026_V1,2026,2026-09-03T01:27:39.770127+00:00,2026-08-31,PEJ,126,6M,3,-0.0195371587005844,0.4910179640718562,False,False,0.5319361277445109,0.5209580838323353,False,False,0.1738547165703027,0.1257485029940119,False,False,65.37000274658203,767.0499877929688
d73a8fd24fc84806f3067e1c,CLEAN_SHEET_R4_2026_V1,2026,2026-09-03T01:27:39.770127+00:00,2026-08-31,QAT,126,6M,3,-0.0250218791118072,0.1137724550898203,False,False,0.0718562874251497,0.029940119760479,False,False,0.2266624097486645,0.8502994011976048,True,False,17.40999984741211,767.0499877929688
651b10a216c9c45200120fa5,CLEAN_SHEET_R4_2026_V1,2026,2026-09-03T01:27:39.770127+00:00,2026-08-31,QQQ,126,6M,3,-0.0125874710992629,0.8622754491017964,True,False,0.7674650698602794,0.8622754491017964,True,False,0.1892511022219693,0.5748502994011976,False,False,716.760009765625,767.0499877929688
4afe841488b805153b39290d,CLEAN_SHEET_R4_2026_V1,2026,2026-09-03T01:27:39.770127+00:00,2026-08-31,QUAL,126,6M,3,-0.0167275735293482,0.6766467065868264,False,False,0.6237524950099801,0.6736526946107785,False,False,0.1863101213348141,0.4071856287425149,False,False,222.6199951171875,767.0499877929688
942e848227d0f4b94fd4b711,CLEAN_SHEET_R4_2026_V1,2026,2026-09-03T01:27:39.770127+00:00,2026-08-31,REET,126,6M,3,-0.0233477153024927,0.2754491017964072,False,False,0.3942115768463074,0.3293413173652694,False,False,0.1811995275486949,0.2874251497005988,False,False,27.5,767.0499877929688
7b1470c4c42aad5d0d45e985,CLEAN_SHEET_R4_2026_V1,2026,2026-09-03T01:27:39.770127+00:00,2026-08-31,REM,126,6M,3,-0.0261686841798272,0.0419161676646706,False,False,0.2964071856287425,0.1886227544910179,False,False,0.1790416742625541,0.2215568862275449,False,False,21.700000762939453,767.0499877929688
34509de92b048116320e22b0,CLEAN_SHEET_R4_2026_V1,2026,2026-09-03T01:27:39.770127+00:00,2026-08-31,REMX,126,6M,3,-0.0184596061091974,0.5748502994011976,False,False,0.249500998003992,0.1437125748502994,False,False,0.3610931947835298,0.9880239520958084,True,True,77.5199966430664,767.0499877929688
bd9887da06ab3ad170aef4b1,CLEAN_SHEET_R4_2026_V1,2026,2026-09-03T01:27:39.770127+00:00,2026-08-31,REZ,126,6M,3,-0.0220084711747821,0.3413173652694611,False,False,0.4421157684630739,0.3862275449101796,False,False,0.1795084791411607,0.2514970059880239,False,False,93.7699966430664,767.0499877929688
3d59a05a2097a8034a5dcae0,CLEAN_SHEET_R4_2026_V1,2026,2026-09-03T01:27:39.770127+00:00,2026-08-31,RSP,126,6M,3,-0.019289761769441,0.5089820359281437,False,False,0.5419161676646707,0.5568862275449101,False,False,0.1715358989357258,0.0958083832335329,False,False,219.38999938964844,767.0499877929688
f4a732c684fecbf7ca2f3c8c,CLEAN_SHEET_R4_2026_V1,2026,2026-09-03T01:27:39.770127+00:00,2026-08-31,RWO,126,6M,3,-0.0243302827553989,0.1616766467065868,False,False,0.3622754491017964,0.2514970059880239,False,False,0.1765464562859438,0.1616766467065868,False,False,49.470001220703125,767.0499877929688
a3b9273ea83bcfe00b752648,CLEAN_SHEET_R4_2026_V1,2026,2026-09-03T01:27:39.770127+00:00,2026-08-31,RXI,126,6M,3,-0.0224928917499667,0.3173652694610778,False,False,0.1576846307385229,0.1017964071856287,False,False,0.2330763003352231,0.8682634730538922,True,False,198.4600067138672,767.0499877929688
dc064b8e5abbee6ebd17303b,CLEAN_SHEET_R4_2026_V1,2026,2026-09-03T01:27:39.770127+00:00,2026-08-31,SCHD,126,6M,3,-0.0185204401293831,0.5688622754491018,False,False,0.5818363273453094,0.6047904191616766,False,False,0.1497981902371468,0.0179640718562874,False,False,34.88999938964844,767.0499877929688
81fd4d780f35db678cc1be1d,CLEAN_SHEET_R4_2026_V1,2026,2026-09-03T01:27:39.770127+00:00,2026-08-31,SCHY,126,6M,3,-0.0251100378615122,0.1017964071856287,False,False,0.3383233532934131,0.2155688622754491,False,False,0.1704495330409564,0.0778443113772455,False,False,33.220001220703125,767.0499877929688
809400f551c8efbf994206a0,CLEAN_SHEET_R4_2026_V1,2026,2026-09-03T01:27:39.770127+00:00,2026-08-31,SCZ,126,6M,3,-0.0216387041966853,0.3652694610778443,False,False,0.4520958083832335,0.4011976047904191,False,False,0.1850787738777871,0.3652694610778443,False,False,86.80000305175781,767.0499877929688
0fdb014c0a01958d98c90fad,CLEAN_SHEET_R4_2026_V1,2026,2026-09-03T01:27:39.770127+00:00,2026-08-31,SKYY,126,6M,3,-0.0102254383687263,0.9880239520958084,True,True,0.8512974051896207,0.9880239520958084,True,True,0.1874199597338187,0.4610778443113772,False,False,165.33999633789062,767.0499877929688
97b661adc33ff6ff7ebbfd97,CLEAN_SHEET_R4_2026_V1,2026,2026-09-03T01:27:39.770127+00:00,2026-08-31,SLV,126,6M,3,-0.0191012440278282,0.5329341317365269,False,False,0.2295409181636727,0.1197604790419161,False,False,0.3537756558443359,0.9820359281437124,True,True,60.130001068115234,767.0499877929688
03f9758c7c1873115187c8ea,CLEAN_SHEET_R4_2026_V1,2026,2026-09-03T01:27:39.770127+00:00,2026-08-31,SMH,126,6M,3,-0.0105663679030016,0.9760479041916168,True,True,0.8393213572854291,0.9760479041916168,True,True,0.1874473432222722,0.467065868263473,False,False,556.6300048828125,767.0499877929688
36e93c3c1983c392ac4ea668,CLEAN_SHEET_R4_2026_V1,2026,2026-09-03T01:27:39.770127+00:00,2026-08-31,SOXX,126,6M,3,-0.0101319057655944,0.994011976047904,True,True,0.8532934131736528,0.994011976047904,True,True,0.1898766199754952,0.592814371257485,False,False,511.0400085449219,767.0499877929688
7ddd8329b59e25749f1f13b2,CLEAN_SHEET_R4_2026_V1,2026,2026-09-03T01:27:39.770127+00:00,2026-08-31,SPGM,126,6M,3,-0.0159766558670564,0.7005988023952096,False,False,0.6497005988023953,0.7065868263473054,False,False,0.1870648312771315,0.4311377245508982,False,False,87.44000244140625,767.0499877929688
fb62d7c374b87bad89a009d7,CLEAN_SHEET_R4_2026_V1,2026,2026-09-03T01:27:39.770127+00:00,2026-08-31,SPY,126,6M,3,-0.0144791839769034,0.7844311377245509,False,False,0.7035928143712575,0.7754491017964071,False,False,0.1845099768699002,0.3413173652694611,False,False,767.0499877929688,767.0499877929688
f0fdabf16c03b1760687717c,CLEAN_SHEET_R4_2026_V1,2026,2026-09-03T01:27:39.770127+00:00,2026-08-31,THD,126,6M,3,-0.0224140958683678,0.3353293413173652,False,False,0.4261477045908183,0.3592814371257485,False,False,0.182723886191781,0.3173652694610778,False,False,72.37000274658203,767.0499877929688
d07909a89beb0a0e3304e17f,CLEAN_SHEET_R4_2026_V1,2026,2026-09-03T01:27:39.770127+00:00,2026-08-31,TUR,126,6M,3,-0.0239779695150252,0.1976047904191616,False,False,0.3802395209580838,0.2904191616766467,False,False,0.1666060067671469,0.0718562874251497,False,False,40.33000183105469,767.0499877929688
0ba52409a2d7566c3e293756,CLEAN_SHEET_R4_2026_V1,2026,2026-09-03T01:27:39.770127+00:00,2026-08-31,UAE,126,6M,3,-0.0232078915178163,0.2934131736526946,False,False,0.3862275449101797,0.3083832335329341,False,False,0.2063093087398193,0.8023952095808383,True,False,19.450000762939453,767.0499877929688
64c1f24770ff507dbf660463,CLEAN_SHEET_R4_2026_V1,2026,2026-09-03T01:27:39.770127+00:00,2026-08-31,URA,126,6M,3,-0.0174482012124697,0.6287425149700598,False,False,0.279441117764471,0.1616766467065868,False,False,0.3772140547359047,1.0,True,True,45.5099983215332,767.0499877929688
a7b4a4efe3adc300a4e4dc84,CLEAN_SHEET_R4_2026_V1,2026,2026-09-03T01:27:39.770127+00:00,2026-08-31,URTH,126,6M,3,-0.0157292589359129,0.718562874251497,False,False,0.6596806387225548,0.718562874251497,False,False,0.1846091930801437,0.3473053892215569,False,False,208.82000732421875,767.0499877929688
cf1645c62d08f5c8c1903551,CLEAN_SHEET_R4_2026_V1,2026,2026-09-03T01:27:39.770127+00:00,2026-08-31,USMV,126,6M,3,-0.0232759998715147,0.2874251497005988,False,False,0.4061876247504989,0.3413173652694611,False,False,0.1643317111324531,0.0658682634730539,False,False,101.5199966430664,767.0499877929688
029bce95c4718c9361663393,CLEAN_SHEET_R4_2026_V1,2026,2026-09-03T01:27:39.770127+00:00,2026-08-31,VEA,126,6M,3,-0.0190808793910233,0.5389221556886228,False,False,0.5359281437125749,0.5449101796407185,False,False,0.1964665864255468,0.7305389221556886,False,False,72.91999816894531,767.0499877929688
a114af70525be9cccfe61d7d,CLEAN_SHEET_R4_2026_V1,2026,2026-09-03T01:27:39.770127+00:00,2026-08-31,VEU,126,6M,3,-0.0193370031910283,0.5029940119760479,False,False,0.5299401197604791,0.5149700598802395,False,False,0.1906244833526275,0.6107784431137725,False,False,85.25,767.0499877929688
36085a2a8e5c5ec31f3c0632,CLEAN_SHEET_R4_2026_V1,2026,2026-09-03T01:27:39.770127+00:00,2026-08-31,VGK,126,6M,3,-0.0198807450720965,0.4491017964071856,False,False,0.5099800399201597,0.4910179640718562,False,False,0.1923305169132199,0.6766467065868264,False,False,91.66000366210938,767.0499877929688
ee9efef87dc6392b493e1068,CLEAN_SHEET_R4_2026_V1,2026,2026-09-03T01:27:39.770127+00:00,2026-08-31,VNM,126,6M,3,-0.0230034327527827,0.2994011976047904,False,False,0.1337325349301397,0.0958083832335329,False,False,0.2468246772118291,0.9221556886227544,True,True,18.059999465942383,767.0499877929688
a526d10c834375ae55715fa6,CLEAN_SHEET_R4_2026_V1,2026,2026-09-03T01:27:39.770127+00:00,2026-08-31,VNQ,126,6M,3,-0.0236038391024977,0.2335329341317365,False,False,0.3882235528942115,0.3173652694610778,False,False,0.17571213003051,0.1497005988023952,False,False,96.44000244140624,767.0499877929688
9a0f7abd24200b457238b3e7,CLEAN_SHEET_R4_2026_V1,2026,2026-09-03T01:27:39.770127+00:00,2026-08-31,VPL,126,6M,3,-0.0157432994792481,0.7125748502994012,False,False,0.6437125748502993,0.7005988023952096,False,False,0.2154770745243104,0.8323353293413174,True,False,115.4499969482422,767.0499877929688
4c009b62d5141a72f8ca4411,CLEAN_SHEET_R4_2026_V1,2026,2026-09-03T01:27:39.770127+00:00,2026-08-31,VSS,126,6M,3,-0.0227017139494311,0.311377245508982,False,False,0.4121756487025947,0.3532934131736527,False,False,0.190070878472985,0.5988023952095808,False,False,160.10000610351562,767.0499877929688
c6ceb1134294f11cd9698b05,CLEAN_SHEET_R4_2026_V1,2026,2026-09-03T01:27:39.770127+00:00,2026-08-31,VT,126,6M,3,-0.0162039422232399,0.6946107784431138,False,False,0.6417165668662675,0.6946107784431138,False,False,0.1870830599673748,0.4431137724550898,False,False,160.5500030517578,767.0499877929688
1ff7345a39e197d893728673,CLEAN_SHEET_R4_2026_V1,2026,2026-09-03T01:27:39.770127+00:00,2026-08-31,VWO,126,6M,3,-0.0213554495500528,0.3952095808383233,False,False,0.468063872255489,0.4311377245508982,False,False,0.1739924882078076,0.1317365269461078,False,False,60.52000045776367,767.0499877929688
10f21cc42365f5c49308e29a,CLEAN_SHEET_R4_2026_V1,2026,2026-09-03T01:27:39.770127+00:00,2026-08-31,VXUS,126,6M,3,-0.0195887635566025,0.4790419161676646,False,False,0.5219560878243513,0.497005988023952,False,False,0.188994337631436,0.5449101796407185,False,False,87.31999969482422,767.0499877929688
950d3f0b479e261889a11d57,CLEAN_SHEET_R4_2026_V1,2026,2026-09-03T01:27:39.770127+00:00,2026-08-31,VYMI,126,6M,3,-0.0189401053663041,0.5449101796407185,False,False,0.5499001996007985,0.5748502994011976,False,False,0.1792702698573085,0.2395209580838323,False,False,105.16999816894533,767.0499877929688
d37c40a112fabec744c84574,CLEAN_SHEET_R4_2026_V1,2026,2026-09-03T01:27:39.770127+00:00,2026-08-31,XAR,126,6M,3,-0.0251871271459171,0.0898203592814371,False,False,0.0578842315369261,0.0239520958083832,False,False,0.2450477629392552,0.9041916167664672,True,True,256.5199890136719,767.0499877929688
c0269a37ffeb7f84b41bcd6b,CLEAN_SHEET_R4_2026_V1,2026,2026-09-03T01:27:39.770127+00:00,2026-08-31,XBI,126,6M,3,-0.0114798767621666,0.9281437125748504,True,True,0.8093812375249501,0.9281437125748504,True,True,0.1834667762003589,0.3293413173652694,False,False,162.5,767.0499877929688
b7c16b64e82a014af1e8a5c5,CLEAN_SHEET_R4_2026_V1,2026,2026-09-03T01:27:39.770127+00:00,2026-08-31,XHB,126,6M,3,-0.0242980922961428,0.1736526946107784,False,False,0.0878243512974051,0.059880239520958,False,False,0.2479509905955077,0.940119760479042,True,True,102.80999755859376,767.0499877929688
e50ebff8f45eaf35ff0d7e1f,CLEAN_SHEET_R4_2026_V1,2026,2026-09-03T01:27:39.770127+00:00,2026-08-31,XLB,126,6M,3,-0.0236266065146944,0.2275449101796407,False,False,0.3762475049900199,0.2724550898203592,False,False,0.196845316398815,0.7425149700598802,False,False,52.68999862670898,767.0499877929688
1a7667463ab6c4d1d3ca37bb,CLEAN_SHEET_R4_2026_V1,2026,2026-09-03T01:27:39.770127+00:00,2026-08-31,XLC,126,6M,3,-0.0247902293211929,0.1197604790419161,False,False,0.0778443113772455,0.0359281437125748,False,False,0.2313786158768965,0.8622754491017964,True,False,111.45999908447266,767.0499877929688
53e00c6fe596c50ea5b65151,CLEAN_SHEET_R4_2026_V1,2026,2026-09-03T01:27:39.770127+00:00,2026-08-31,XLE,126,6M,3,-0.0144879108457649,0.7784431137724551,False,False,0.7075848303393214,0.7904191616766467,False,False,0.1765720447794075,0.1676646706586826,False,False,63.959999084472656,767.0499877929688
58f284499a1bdaa96b69c71e,CLEAN_SHEET_R4_2026_V1,2026,2026-09-03T01:27:39.770127+00:00,2026-08-31,XLF,126,6M,3,-0.0145080214207248,0.7724550898203593,False,False,0.7055888223552894,0.7844311377245509,False,False,0.1789266260545989,0.2155688622754491,False,False,57.709999084472656,767.0499877929688
9c80387502ea54a004a768b0,CLEAN_SHEET_R4_2026_V1,2026,2026-09-03T01:27:39.770127+00:00,2026-08-31,XLI,126,6M,3,-0.0243976347519462,0.155688622754491,False,False,0.3483033932135728,0.2365269461077844,False,False,0.198612441560777,0.7664670658682635,False,False,175.1300048828125,767.0499877929688
080d93b0f1c1518674536d86,CLEAN_SHEET_R4_2026_V1,2026,2026-09-03T01:27:39.770127+00:00,2026-08-31,XLK,126,6M,3,-0.0108181282685758,0.9580838323353292,True,True,0.8313373253493014,0.9640718562874252,True,True,0.185838128818088,0.3772455089820359,False,False,186.5,767.0499877929688
fff19d42161841a6f7c15ba9,CLEAN_SHEET_R4_2026_V1,2026,2026-09-03T01:27:39.770127+00:00,2026-08-31,XLP,126,6M,3,-0.0272404208014346,0.0239520958083832,False,False,0.2604790419161676,0.155688622754491,False,False,0.1759900769103019,0.155688622754491,False,False,84.9800033569336,767.0499877929688
3114447dff7ccadc19d2ce05,CLEAN_SHEET_R4_2026_V1,2026,2026-09-03T01:27:39.770127+00:00,2026-08-31,XLRE,126,6M,3,-0.0242655875960885,0.1796407185628742,False,False,0.3662674650698602,0.2574850299401197,False,False,0.1734424622752043,0.1137724550898203,False,False,44.11000061035156,767.0499877929688
4a7a4c09892c79a91a3269e8,CLEAN_SHEET_R4_2026_V1,2026,2026-09-03T01:27:39.770127+00:00,2026-08-31,XLU,126,6M,3,-0.0256403714396658,0.0658682634730539,False,False,0.0469061876247504,0.0119760479041916,False,False,0.233853554180631,0.874251497005988,True,False,42.22999954223633,767.0499877929688
a577dec0fcd6ca3be8492809,CLEAN_SHEET_R4_2026_V1,2026,2026-09-03T01:27:39.770127+00:00,2026-08-31,XLV,126,6M,3,-0.0169015484323197,0.6646706586826348,False,False,0.6137724550898204,0.6526946107784432,False,False,0.1937577597505611,0.6946107784431138,False,False,170.5399932861328,767.0499877929688
231e1e66e1306e3a1b91c343,CLEAN_SHEET_R4_2026_V1,2026,2026-09-03T01:27:39.770127+00:00,2026-08-31,XLY,126,6M,3,-0.0218197595502775,0.3473053892215569,False,False,0.18562874251497,0.1137724550898203,False,False,0.2235594901928604,0.8383233532934131,True,False,116.58999633789062,767.0499877929688
c3db4ae73e2831411267a139,CLEAN_SHEET_R4_2026_V1,2026,2026-09-03T01:27:39.770127+00:00,2026-08-31,XME,126,6M,3,-0.0195950274711191,0.4730538922155688,False,False,0.4800399201596806,0.4491017964071856,False,False,0.2817102128090415,0.9640718562874252,True,True,118.12999725341795,767.0499877929688
8bad6f0be9100f8e75e3d12a,CLEAN_SHEET_R4_2026_V1,2026,2026-09-03T01:27:39.770127+00:00,2026-08-31,XOP,126,6M,3,-0.013006186096141,0.8502994011976048,True,False,0.7574850299401198,0.8562874251497006,True,False,0.1803917679317649,0.2694610778443114,False,False,188.9600067138672,767.0499877929688
c915bca947267ebcdc285523,CLEAN_SHEET_R4_2026_V1,2026,2026-09-03T01:27:39.770127+00:00,2026-08-31,XPH,126,6M,3,-0.0115200979120864,0.9221556886227544,True,True,0.8053892215568862,0.9221556886227544,True,True,0.1883429835585509,0.5149700598802395,False,False,70.62000274658203,767.0499877929688
e772f86a1ef7faac898dd4d0,CLEAN_SHEET_R4_2026_V1,2026,2026-09-03T01:27:39.770127+00:00,2026-08-31,XRT,126,6M,3,-0.0251257850020414,0.0958083832335329,False,False,0.3343313373253493,0.2095808383233532,False,False,0.1766074543705991,0.1736526946107784,False,False,86.0999984741211,767.0499877929688
d30616ae66f6efdbd566b5e4,CLEAN_SHEET_R4_2026_V1,2026,2026-09-03T01:27:39.770127+00:00,2026-08-31,AAXJ,189,9M,5,-0.0213175548597008,0.7305389221556886,False,False,0.2502994011976048,0.3952095808383233,False,False,0.2957463046934676,0.9101796407185628,True,True,116.76000213623048,767.0499877929688
74f1a235b1da1dbfb419e5de,CLEAN_SHEET_R4_2026_V1,2026,2026-09-03T01:27:39.770127+00:00,2026-08-31,ACWI,189,9M,5,-0.0237108511457623,0.6766467065868264,False,False,0.3161676646706587,0.5299401197604791,False,False,0.1295561864370007,0.0718562874251497,False,False,160.67999267578125,767.0499877929688
58aa516eb2bde52ca0f7e7b3,CLEAN_SHEET_R4_2026_V1,2026,2026-09-03T01:27:39.770127+00:00,2026-08-31,ACWX,189,9M,5,-0.0342803003464507,0.3652694610778443,False,False,0.2215568862275449,0.3233532934131736,False,False,0.1230508644267708,0.0479041916167664,False,False,77.4000015258789,767.0499877929688
6eba78ed4afd2cf34a3c7d6a,CLEAN_SHEET_R4_2026_V1,2026,2026-09-03T01:27:39.770127+00:00,2026-08-31,AFK,189,9M,5,-0.0337453385427603,0.3892215568862275,False,False,0.4011976047904191,0.718562874251497,False,False,0.213192873827565,0.6706586826347305,False,False,29.1200008392334,767.0499877929688
21f62ae4388f5e0c9c830848,CLEAN_SHEET_R4_2026_V1,2026,2026-09-03T01:27:39.770127+00:00,2026-08-31,ARGT,189,9M,5,-0.0344455390199631,0.3592814371257485,False,False,0.1820359281437125,0.281437125748503,False,False,0.2037664021884119,0.6227544910179641,False,False,94.5500030517578,767.0499877929688
04922a5d13df65947ce1862e,CLEAN_SHEET_R4_2026_V1,2026,2026-09-03T01:27:39.770127+00:00,2026-08-31,ASEA,189,9M,5,-0.0397031358503478,0.1736526946107784,False,False,0.525748502994012,0.874251497005988,True,False,0.1226097057973756,0.0419161676646706,False,False,21.6299991607666,767.0499877929688
f7ebb19ee19b284ca7225174,CLEAN_SHEET_R4_2026_V1,2026,2026-09-03T01:27:39.770127+00:00,2026-08-31,CARZ,189,9M,5,-0.0130232063880748,0.9580838323353292,True,True,0.2526946107784431,0.4011976047904191,False,False,0.36111822291162,0.9461077844311376,True,True,106.43000030517578,767.0499877929688
87f88ac259fcafc6a0598fe1,CLEAN_SHEET_R4_2026_V1,2026,2026-09-03T01:27:39.770127+00:00,2026-08-31,CIBR,189,9M,5,-0.016941813583315,0.8862275449101796,True,False,0.6347305389221557,0.9461077844311376,True,True,0.1784482944833597,0.4910179640718562,False,False,100.1500015258789,767.0499877929688
89afb9e50d0b4b255be92a3f,CLEAN_SHEET_R4_2026_V1,2026,2026-09-03T01:27:39.770127+00:00,2026-08-31,CORO,189,9M,5,-0.0197846544602224,0.7844311377245509,False,False,0.4562874251497006,0.7994011976047904,False,False,0.1275388034607223,0.059880239520958,False,False,37.060001373291016,767.0499877929688
485ce314a3a110c13fb6f339,CLEAN_SHEET_R4_2026_V1,2026,2026-09-03T01:27:39.770127+00:00,2026-08-31,CPER,189,9M,5,-0.0228902647189289,0.6946107784431138,False,False,0.3664670658682635,0.6586826347305389,False,False,0.2102864607535081,0.6526946107784432,False,False,40.0,767.0499877929688
b18ce6b29367b81e250efc65,CLEAN_SHEET_R4_2026_V1,2026,2026-09-03T01:27:39.770127+00:00,2026-08-31,CQQQ,189,9M,5,-0.0350141610964042,0.3413173652694611,False,False,-0.0119760479041916,0.0359281437125748,False,False,0.2277616489846773,0.7365269461077845,False,False,49.13999938964844,767.0499877929688
9cdbb3192bddf9a58adbb639,CLEAN_SHEET_R4_2026_V1,2026,2026-09-03T01:27:39.770127+00:00,2026-08-31,DBEF,189,9M,5,-0.0269055713392285,0.5868263473053892,False,False,0.4143712574850299,0.7574850299401198,False,False,0.1430493517966848,0.1796407185628742,False,False,55.7400016784668,767.0499877929688
e358ce5a30c4ad0d2485f116,CLEAN_SHEET_R4_2026_V1,2026,2026-09-03T01:27:39.770127+00:00,2026-08-31,DEM,189,9M,5,-0.0329757477012732,0.4311377245508982,False,False,0.3005988023952096,0.4910179640718562,False,False,0.1082805786252275,0.0179640718562874,False,False,55.63999938964844,767.0499877929688
12ccea1886ee13bf83dad3c5,CLEAN_SHEET_R4_2026_V1,2026,2026-09-03T01:27:39.770127+00:00,2026-08-31,DGS,189,9M,5,-0.0395726158418194,0.18562874251497,False,False,0.2179640718562874,0.311377245508982,False,False,0.1838140485705448,0.5329341317365269,False,False,64.2699966430664,767.0499877929688
586e68fd7cfbb92add4668f2,CLEAN_SHEET_R4_2026_V1,2026,2026-09-03T01:27:39.770127+00:00,2026-08-31,DIA,189,9M,5,-0.0205732177989687,0.7604790419161677,False,False,0.4407185628742516,0.7784431137724551,False,False,0.1585196232823202,0.3233532934131736,False,False,531.5700073242188,767.0499877929688
9f0beb3d70c596a9f88f2556,CLEAN_SHEET_R4_2026_V1,2026,2026-09-03T01:27:39.770127+00:00,2026-08-31,DXJ,189,9M,5,-0.0226625468259891,0.7005988023952096,False,False,0.4730538922155688,0.8323353293413174,True,False,0.1659283563347753,0.3832335329341317,False,False,179.61000061035156,767.0499877929688
d75eac2a3266b14fd9f60278,CLEAN_SHEET_R4_2026_V1,2026,2026-09-03T01:27:39.770127+00:00,2026-08-31,ECH,189,9M,5,-0.0432242373632409,0.0658682634730539,False,False,0.1532934131736527,0.2275449101796407,False,False,0.2590567912604034,0.8502994011976048,True,False,40.5,767.0499877929688
d87d76b694b48af0390e62fc,CLEAN_SHEET_R4_2026_V1,2026,2026-09-03T01:27:39.770127+00:00,2026-08-31,EDEN,189,9M,5,-0.0216724322538351,0.7245508982035929,False,False,0.5005988023952096,0.8502994011976048,True,False,0.2050429749063573,0.6347305389221557,False,False,117.33000183105467,767.0499877929688
867063b81a0ad774a59e76f5,CLEAN_SHEET_R4_2026_V1,2026,2026-09-03T01:27:39.770127+00:00,2026-08-31,EEM,189,9M,5,-0.0220531805129104,0.7065868263473054,False,False,0.2419161676646706,0.3592814371257485,False,False,0.2847158570375316,0.8802395209580839,True,False,67.0199966430664,767.0499877929688
0d46fb6991b7d03c26add7d5,CLEAN_SHEET_R4_2026_V1,2026,2026-09-03T01:27:39.770127+00:00,2026-08-31,EEMO,189,9M,5,-0.0167742366273791,0.8922155688622755,True,False,0.281437125748503,0.4550898203592814,False,False,0.3956679714074374,0.9760479041916168,True,True,22.18000030517578,767.0499877929688
8936b5e2d4d500638486fd2e,CLEAN_SHEET_R4_2026_V1,2026,2026-09-03T01:27:39.770127+00:00,2026-08-31,EEMV,189,9M,5,-0.0207200486286303,0.7544910179640718,False,False,0.4095808383233533,0.7425149700598802,False,False,0.1906454065144914,0.562874251497006,False,False,75.69000244140625,767.0499877929688
962568e82748503f407a3218,CLEAN_SHEET_R4_2026_V1,2026,2026-09-03T01:27:39.770127+00:00,2026-08-31,EFA,189,9M,5,-0.0367731968193881,0.281437125748503,False,False,0.3173652694610778,0.5389221556886228,False,False,0.1348645589995751,0.1437125748502994,False,False,107.4499969482422,767.0499877929688
f753fd5e94a914896b825021,CLEAN_SHEET_R4_2026_V1,2026,2026-09-03T01:27:39.770127+00:00,2026-08-31,EFAV,189,9M,5,-0.0467741246495006,0.0239520958083832,False,False,0.3508982035928144,0.6347305389221557,False,False,0.1300189312560046,0.0838323353293413,False,False,94.12000274658205,767.0499877929688
ff51c49206e848dd38348129,CLEAN_SHEET_R4_2026_V1,2026,2026-09-03T01:27:39.770127+00:00,2026-08-31,EFG,189,9M,5,-0.0334157806767457,0.4071856287425149,False,False,0.1772455089820359,0.2634730538922156,False,False,0.1438270863477923,0.1916167664670658,False,False,124.37999725341795,767.0499877929688
ec36817f10dbd67822ff12d9,CLEAN_SHEET_R4_2026_V1,2026,2026-09-03T01:27:39.770127+00:00,2026-08-31,EFNL,189,9M,5,-0.0291167151306822,0.5568862275449101,False,False,0.2431137724550898,0.3682634730538922,False,False,0.2445534572344211,0.7844311377245509,False,False,54.77999877929688,767.0499877929688
0475ed7c7dffb9d9b7a0ada0,CLEAN_SHEET_R4_2026_V1,2026,2026-09-03T01:27:39.770127+00:00,2026-08-31,EFV,189,9M,5,-0.0287689359716373,0.562874251497006,False,False,0.5473053892215569,0.8922155688622755,True,False,0.1325750068289057,0.1137724550898203,False,False,81.80999755859375,767.0499877929688
c36ae091a543f39e5b729c76,CLEAN_SHEET_R4_2026_V1,2026,2026-09-03T01:27:39.770127+00:00,2026-08-31,EIDO,189,9M,5,-0.0195964597521195,0.7964071856287425,False,False,0.4083832335329342,0.7365269461077845,False,False,0.3896381718614127,0.9580838323353292,True,True,12.729999542236328,767.0499877929688
71b726da903288f0c6e9b57a,CLEAN_SHEET_R4_2026_V1,2026,2026-09-03T01:27:39.770127+00:00,2026-08-31,EIRL,189,9M,5,-0.0236217991573188,0.6826347305389222,False,False,0.4622754491017963,0.8143712574850299,True,False,0.1742877735475011,0.4491017964071856,False,False,82.98999786376953,767.0499877929688
998c54bf4ab9f936a34e6625,CLEAN_SHEET_R4_2026_V1,2026,2026-09-03T01:27:39.770127+00:00,2026-08-31,EIS,189,9M,5,-0.0355192285078525,0.311377245508982,False,False,0.029940119760479,0.0838323353293413,False,False,0.2494054952565205,0.8083832335329342,True,False,122.8000030517578,767.0499877929688
f5a056755197ca1263d84361,CLEAN_SHEET_R4_2026_V1,2026,2026-09-03T01:27:39.770127+00:00,2026-08-31,EMXC,189,9M,5,-0.0164824363668122,0.9101796407185628,True,True,0.3221556886227544,0.5508982035928144,False,False,0.3268875224189744,0.940119760479042,True,True,98.23999786376952,767.0499877929688
f8209ff52f79ceb64f97431b,CLEAN_SHEET_R4_2026_V1,2026,2026-09-03T01:27:39.770127+00:00,2026-08-31,ENOR,189,9M,5,-0.0353850951115733,0.3173652694610778,False,False,0.5023952095808383,0.8562874251497006,True,False,0.1431420680802065,0.18562874251497,False,False,36.900001525878906,767.0499877929688
94138f1d639774a9983b7c6a,CLEAN_SHEET_R4_2026_V1,2026,2026-09-03T01:27:39.770127+00:00,2026-08-31,ENZL,189,9M,5,-0.0353322679288039,0.3293413173652694,False,False,0.4131736526946108,0.7485029940119761,False,False,0.1663323264084064,0.3892215568862275,False,False,48.119998931884766,767.0499877929688
56c9ae9f35fed013e08b0ad8,CLEAN_SHEET_R4_2026_V1,2026,2026-09-03T01:27:39.770127+00:00,2026-08-31,EPHE,189,9M,5,-0.0373872573328864,0.2634730538922156,False,False,0.0592814371257484,0.1077844311377245,False,False,0.1981027519120968,0.5868263473053892,False,False,23.75,767.0499877929688
e416aebb14f39a7aaa5c953b,CLEAN_SHEET_R4_2026_V1,2026,2026-09-03T01:27:39.770127+00:00,2026-08-31,EPOL,189,9M,5,-0.0172466318248742,0.8802395209580839,True,False,0.6455089820359282,0.9640718562874252,True,True,0.1712573887985216,0.4251497005988024,False,False,44.09999847412109,767.0499877929688
e3a11bad942f04a8c1a24033,CLEAN_SHEET_R4_2026_V1,2026,2026-09-03T01:27:39.770127+00:00,2026-08-31,EPP,189,9M,5,-0.0430656484544445,0.0718562874251497,False,False,0.3856287425149701,0.6946107784431138,False,False,0.1571004524275396,0.2994011976047904,False,False,57.790000915527344,767.0499877929688
322e4c553ffb720b739dc47c,CLEAN_SHEET_R4_2026_V1,2026,2026-09-03T01:27:39.770127+00:00,2026-08-31,EPU,189,9M,5,-0.0145669114564102,0.940119760479042,True,True,0.5940119760479041,0.9221556886227544,True,True,0.2517450781411521,0.8203592814371258,True,False,91.55999755859376,767.0499877929688
53d2b8862acb93454f2f8062,CLEAN_SHEET_R4_2026_V1,2026,2026-09-03T01:27:39.770127+00:00,2026-08-31,EWA,189,9M,5,-0.0423448264544381,0.0838323353293413,False,False,0.311377245508982,0.5089820359281437,False,False,0.1517048733450432,0.2574850299401197,False,False,30.020000457763672,767.0499877929688
3bd88d594efb30d52a64f623,CLEAN_SHEET_R4_2026_V1,2026,2026-09-03T01:27:39.770127+00:00,2026-08-31,EWC,189,9M,5,-0.0336746159047262,0.3952095808383233,False,False,0.3413173652694611,0.6077844311377245,False,False,0.1510952431702321,0.2395209580838323,False,False,61.43000030517578,767.0499877929688
78ecb211c94ba345aeac2d12,CLEAN_SHEET_R4_2026_V1,2026,2026-09-03T01:27:39.770127+00:00,2026-08-31,EWD,189,9M,5,-0.0329244323317903,0.437125748502994,False,False,0.4035928143712574,0.7305389221556886,False,False,0.1701547395861712,0.4191616766467065,False,False,53.40999984741211,767.0499877929688
000c2b006a869fea0a266b0a,CLEAN_SHEET_R4_2026_V1,2026,2026-09-03T01:27:39.770127+00:00,2026-08-31,EWG,189,9M,5,-0.0331913966961546,0.4251497005988024,False,False,0.3652694610778443,0.6526946107784432,False,False,0.1545541257419669,0.281437125748503,False,False,44.22999954223633,767.0499877929688
621d9127010364127f96e50f,CLEAN_SHEET_R4_2026_V1,2026,2026-09-03T01:27:39.770127+00:00,2026-08-31,EWH,189,9M,5,-0.0401056058354547,0.1437125748502994,False,False,0.2706586826347306,0.437125748502994,False,False,0.2491982436501209,0.8023952095808383,True,False,22.90999984741211,767.0499877929688
d53f722e21a27084ac2b4d17,CLEAN_SHEET_R4_2026_V1,2026,2026-09-03T01:27:39.770127+00:00,2026-08-31,EWI,189,9M,5,-0.0174560822788095,0.874251497005988,True,False,0.511377245508982,0.8682634730538922,True,False,0.1683933940061922,0.4131736526946107,False,False,62.27999877929688,767.0499877929688
9b015f8a3f89771aaad69bf2,CLEAN_SHEET_R4_2026_V1,2026,2026-09-03T01:27:39.770127+00:00,2026-08-31,EWJ,189,9M,5,-0.0300026383596644,0.5329341317365269,False,False,0.2790419161676646,0.4431137724550898,False,False,0.1881647546488441,0.5568862275449101,False,False,95.87999725341795,767.0499877929688
cae323c91025ba5d8517d4bc,CLEAN_SHEET_R4_2026_V1,2026,2026-09-03T01:27:39.770127+00:00,2026-08-31,EWL,189,9M,5,-0.0297872990855958,0.5449101796407185,False,False,0.2479041916167665,0.3802395209580838,False,False,0.1540127810127567,0.2694610778443114,False,False,62.79999923706055,767.0499877929688
b006436d6ad0d61f7c75b61b,CLEAN_SHEET_R4_2026_V1,2026,2026-09-03T01:27:39.770127+00:00,2026-08-31,EWM,189,9M,5,-0.0401640065317341,0.1377245508982036,False,False,0.1580838323353293,0.2335329341317365,False,False,0.2247963584983128,0.7305389221556886,False,False,28.38999938964844,767.0499877929688
a59cbad2ad8111e253d13389,CLEAN_SHEET_R4_2026_V1,2026,2026-09-03T01:27:39.770127+00:00,2026-08-31,EWN,189,9M,5,-0.0084294804539623,0.9820359281437124,True,True,0.3389221556886228,0.5958083832335329,False,False,0.2073378299005413,0.6467065868263473,False,False,68.31999969482422,767.0499877929688
937400be477df5fdb95d2640,CLEAN_SHEET_R4_2026_V1,2026,2026-09-03T01:27:39.770127+00:00,2026-08-31,EWO,189,9M,5,-0.0240136411331317,0.6526946107784432,False,False,0.5089820359281437,0.8622754491017964,True,False,0.1515409332744537,0.2455089820359281,False,False,44.040000915527344,767.0499877929688
a69b0dcb8c36312fa09148af,CLEAN_SHEET_R4_2026_V1,2026,2026-09-03T01:27:39.770127+00:00,2026-08-31,EWP,189,9M,5,-0.0174985793665144,0.8682634730538922,True,False,0.6419161676646707,0.9580838323353292,True,True,0.1664551670374498,0.3952095808383233,False,False,62.400001525878906,767.0499877929688
468280e0cf7f3e07c20613ce,CLEAN_SHEET_R4_2026_V1,2026,2026-09-03T01:27:39.770127+00:00,2026-08-31,EWQ,189,9M,5,-0.0291673614435647,0.5508982035928144,False,False,0.2071856287425149,0.2994011976047904,False,False,0.1670049034786306,0.4071856287425149,False,False,45.86000061035156,767.0499877929688
91e506eb86babe0a71ef6311,CLEAN_SHEET_R4_2026_V1,2026,2026-09-03T01:27:39.770127+00:00,2026-08-31,EWS,189,9M,5,-0.0185133465982109,0.844311377245509,True,False,0.7281437125748503,1.0,True,True,0.1577605022768728,0.311377245508982,False,False,34.16999816894531,767.0499877929688
b6bb4ed627f4c3adaa7d6759,CLEAN_SHEET_R4_2026_V1,2026,2026-09-03T01:27:39.770127+00:00,2026-08-31,EWT,189,9M,5,-0.0193596319956305,0.8143712574850299,True,False,0.4479041916167664,0.7844311377245509,False,False,0.246572499867632,0.7904191616766467,False,False,108.02999877929688,767.0499877929688
a16d4f32925819b0248232ad,CLEAN_SHEET_R4_2026_V1,2026,2026-09-03T01:27:39.770127+00:00,2026-08-31,EWU,189,9M,5,-0.0419120606518464,0.0958083832335329,False,False,0.2191616766467066,0.3173652694610778,False,False,0.1576464482116249,0.3053892215568862,False,False,48.369998931884766,767.0499877929688
fd5dd2b88b33dba172c689e6,CLEAN_SHEET_R4_2026_V1,2026,2026-09-03T01:27:39.770127+00:00,2026-08-31,EWW,189,9M,5,-0.0373401322240177,0.2694610778443114,False,False,0.104191616766467,0.1497005988023952,False,False,0.1636204314951889,0.3652694610778443,False,False,76.72000122070312,767.0499877929688
77f41034d4c9fefb9cfe218f,CLEAN_SHEET_R4_2026_V1,2026,2026-09-03T01:27:39.770127+00:00,2026-08-31,EWY,189,9M,5,-0.0087127284276626,0.9760479041916168,True,True,0.4215568862275448,0.7664670658682635,False,False,0.4268034486469389,0.9880239520958084,True,True,180.8600006103516,767.0499877929688
1a8d46c7fcae8a58facee339,CLEAN_SHEET_R4_2026_V1,2026,2026-09-03T01:27:39.770127+00:00,2026-08-31,EWZ,189,9M,5,-0.0473127223377282,0.0179640718562874,False,False,0.0443113772455089,0.0958083832335329,False,False,0.2713699759755804,0.8682634730538922,True,False,36.02999877929688,767.0499877929688
28b201bf2f9da5afe8fad612,CLEAN_SHEET_R4_2026_V1,2026,2026-09-03T01:27:39.770127+00:00,2026-08-31,EXI,189,9M,5,-0.034968083968696,0.3473053892215569,False,False,0.1592814371257485,0.2395209580838323,False,False,0.1752995476804769,0.467065868263473,False,False,197.8000030517578,767.0499877929688
4e631ba8be4fb61096ccd1a6,CLEAN_SHEET_R4_2026_V1,2026,2026-09-03T01:27:39.770127+00:00,2026-08-31,EZA,189,9M,5,-0.0426959700297244,0.0778443113772455,False,False,0.2910179640718563,0.4640718562874251,False,False,0.2239261475937188,0.7245508982035929,False,False,70.5,767.0499877929688
a1385b5d5b33b1b1808683dd,CLEAN_SHEET_R4_2026_V1,2026,2026-09-03T01:27:39.770127+00:00,2026-08-31,EZU,189,9M,5,-0.0255469933914785,0.6107784431137725,False,False,0.2958083832335329,0.4790419161676646,False,False,0.1583412057833346,0.3173652694610778,False,False,70.45999908447266,767.0499877929688
0c92d3446c548a3ac3d5b5d4,CLEAN_SHEET_R4_2026_V1,2026,2026-09-03T01:27:39.770127+00:00,2026-08-31,FDN,189,9M,5,-0.0165662793631606,0.8982035928143712,True,False,0.6479041916167665,0.9700598802395208,True,True,0.1649576452397739,0.3772455089820359,False,False,292.489990234375,767.0499877929688
7671a23e583ed353f712f0b2,CLEAN_SHEET_R4_2026_V1,2026,2026-09-03T01:27:39.770127+00:00,2026-08-31,FEZ,189,9M,5,-0.0261881949389211,0.5988023952095808,False,False,0.3724550898203593,0.6646706586826348,False,False,0.1598229700995049,0.3353293413173652,False,False,70.83999633789062,767.0499877929688
9988f2764afbcb04504433a6,CLEAN_SHEET_R4_2026_V1,2026,2026-09-03T01:27:39.770127+00:00,2026-08-31,GLD,189,9M,5,-0.0381851777686314,0.2395209580838323,False,False,0.2263473053892215,0.3323353293413174,False,False,0.3175908802093828,0.934131736526946,True,True,408.4200134277344,767.0499877929688
99f97e242784340ca79854e0,CLEAN_SHEET_R4_2026_V1,2026,2026-09-03T01:27:39.770127+00:00,2026-08-31,GREK,189,9M,5,-0.0194273658463428,0.8083832335329342,True,False,0.6395209580838322,0.9520958083832336,True,True,0.1598585540698596,0.3413173652694611,False,False,85.19000244140625,767.0499877929688
c84e3c225209e3fc84d4918c,CLEAN_SHEET_R4_2026_V1,2026,2026-09-03T01:27:39.770127+00:00,2026-08-31,HEDJ,189,9M,5,-0.0235719775560548,0.688622754491018,False,False,0.3161676646706587,0.5299401197604791,False,False,0.1324917534129909,0.1017964071856287,False,False,57.27000045776367,767.0499877929688
fb4b784b1d247bfa0bdfc2bb,CLEAN_SHEET_R4_2026_V1,2026,2026-09-03T01:27:39.770127+00:00,2026-08-31,HEEM,189,9M,5,-0.0212925464704197,0.7365269461077845,False,False,0.2407185628742515,0.3532934131736527,False,False,0.2918831766056936,0.8982035928143712,True,False,42.27999877929688,767.0499877929688
50b8ae890b866335b192e49a,CLEAN_SHEET_R4_2026_V1,2026,2026-09-03T01:27:39.770127+00:00,2026-08-31,HEFA,189,9M,5,-0.0303939114227319,0.5209580838323353,False,False,0.3796407185628743,0.6826347305389222,False,False,0.1428979610693947,0.1736526946107784,False,False,47.22999954223633,767.0499877929688
5012f1163aa3d9452fafc514,CLEAN_SHEET_R4_2026_V1,2026,2026-09-03T01:27:39.770127+00:00,2026-08-31,IBB,189,9M,5,-0.0141735794485999,0.9461077844311376,True,True,0.6491017964071857,0.9760479041916168,True,True,0.2520974174757194,0.8263473053892215,True,False,209.0500030517578,767.0499877929688
55b8ec8dd62106f1f6afd266,CLEAN_SHEET_R4_2026_V1,2026,2026-09-03T01:27:39.770127+00:00,2026-08-31,IEFA,189,9M,5,-0.0359674333097414,0.2934131736526946,False,False,0.3317365269461078,0.5688622754491018,False,False,0.1291519396723404,0.0658682634730539,False,False,100.26000213623048,767.0499877929688
f67e2a5af77ea724445cc973,CLEAN_SHEET_R4_2026_V1,2026,2026-09-03T01:27:39.770127+00:00,2026-08-31,IEMG,189,9M,5,-0.0202542719526396,0.7784431137724551,False,False,0.3125748502994012,0.5149700598802395,False,False,0.2806131370485229,0.874251497005988,True,False,81.7300033569336,767.0499877929688
49d76c48e08490a6af7874b5,CLEAN_SHEET_R4_2026_V1,2026,2026-09-03T01:27:39.770127+00:00,2026-08-31,IEUR,189,9M,5,-0.0303022585600779,0.5269461077844312,False,False,0.3497005988023952,0.6287425149700598,False,False,0.1427999961062736,0.1676646706586826,False,False,77.5,767.0499877929688
a5d6ddb6f85cfc298338fa18,CLEAN_SHEET_R4_2026_V1,2026,2026-09-03T01:27:39.770127+00:00,2026-08-31,IGV,189,9M,5,-0.0165167946782209,0.9041916167664672,True,True,0.7077844311377246,0.9880239520958084,True,True,0.1728801323866535,0.4311377245508982,False,False,109.9800033569336,767.0499877929688
b869cb372bbfaf9e48756e7c,CLEAN_SHEET_R4_2026_V1,2026,2026-09-03T01:27:39.770127+00:00,2026-08-31,IHF,189,9M,5,-0.0147526432699986,0.934131736526946,True,True,0.5868263473053893,0.9161676646706588,True,True,0.1988833257550897,0.592814371257485,False,False,56.709999084472656,767.0499877929688
c98775cdb9b3fdfa0a1c2a0e,CLEAN_SHEET_R4_2026_V1,2026,2026-09-03T01:27:39.770127+00:00,2026-08-31,IHI,189,9M,5,-0.0324204865367808,0.4730538922155688,False,False,0.4562874251497006,0.7994011976047904,False,False,0.2533627047325357,0.8323353293413174,True,False,54.970001220703125,767.0499877929688
df18ff2de568a024462b4eb7,CLEAN_SHEET_R4_2026_V1,2026,2026-09-03T01:27:39.770127+00:00,2026-08-31,IJR,189,9M,5,-0.0176783435449834,0.8562874251497006,True,False,0.281437125748503,0.4491017964071856,False,False,0.1735521448146925,0.4431137724550898,False,False,144.52000427246094,767.0499877929688
8dd45dcc1d31fe5b53b9633b,CLEAN_SHEET_R4_2026_V1,2026,2026-09-03T01:27:39.770127+00:00,2026-08-31,ILF,189,9M,5,-0.0492827673454452,0.0119760479041916,False,False,0.0251497005988023,0.0778443113772455,False,False,0.2489274003358304,0.7964071856287425,False,False,34.900001525878906,767.0499877929688
ab74d5e9568e71c18a6721d8,CLEAN_SHEET_R4_2026_V1,2026,2026-09-03T01:27:39.770127+00:00,2026-08-31,IMTM,189,9M,5,-0.0357696719629566,0.2994011976047904,False,False,0.1137724550898203,0.1736526946107784,False,False,0.1591616197900049,0.3293413173652694,False,False,53.2599983215332,767.0499877929688
01371fad281407166cfd93f9,CLEAN_SHEET_R4_2026_V1,2026,2026-09-03T01:27:39.770127+00:00,2026-08-31,INDA,189,9M,5,-0.043960395845526,0.059880239520958,False,False,0.0802395209580838,0.1257485029940119,False,False,0.1569625071023258,0.2934131736526946,False,False,49.70000076293945,767.0499877929688
3a85cb635336e836c26ee03d,CLEAN_SHEET_R4_2026_V1,2026,2026-09-03T01:27:39.770127+00:00,2026-08-31,IOO,189,9M,5,-0.0141551704111571,0.9520958083832336,True,True,0.4898203592814371,0.844311377245509,True,False,0.1603509561118278,0.3532934131736527,False,False,144.14999389648438,767.0499877929688
967c257f151b42c497bb1e2d,CLEAN_SHEET_R4_2026_V1,2026,2026-09-03T01:27:39.770127+00:00,2026-08-31,IQLT,189,9M,5,-0.0286033093096642,0.5688622754491018,False,False,0.4502994011976048,0.7904191616766467,False,False,0.1603504799386706,0.3473053892215569,False,False,51.470001220703125,767.0499877929688
8f350dfd331cb847d2a31e59,CLEAN_SHEET_R4_2026_V1,2026,2026-09-03T01:27:39.770127+00:00,2026-08-31,ITA,189,9M,5,-0.0383475533602708,0.2335329341317365,False,False,0.059880239520958,0.1137724550898203,False,False,0.1826236830157147,0.5269461077844312,False,False,228.3500061035156,767.0499877929688
e3d3cb62997ae13ed198ccb0,CLEAN_SHEET_R4_2026_V1,2026,2026-09-03T01:27:39.770127+00:00,2026-08-31,ITB,189,9M,5,-0.0353526721390661,0.3233532934131736,False,False,0.0790419161676646,0.1197604790419161,False,False,0.1942706778354983,0.5748502994011976,False,False,94.69000244140624,767.0499877929688
7a08189862f2192750d20e89,CLEAN_SHEET_R4_2026_V1,2026,2026-09-03T01:27:39.770127+00:00,2026-08-31,ITOT,189,9M,5,-0.0211652086761684,0.7425149700598802,False,False,0.2658682634730539,0.4251497005988024,False,False,0.1465271039182756,0.2095808383233532,False,False,167.9199981689453,767.0499877929688
9935724c28a8b822542bb82e,CLEAN_SHEET_R4_2026_V1,2026,2026-09-03T01:27:39.770127+00:00,2026-08-31,IWB,189,9M,5,-0.0216860541685964,0.718562874251497,False,False,0.2910179640718563,0.4640718562874251,False,False,0.1391563594092414,0.1616766467065868,False,False,419.8800048828125,767.0499877929688
806c2e43994f44dea7fc4487,CLEAN_SHEET_R4_2026_V1,2026,2026-09-03T01:27:39.770127+00:00,2026-08-31,IWD,189,9M,5,-0.0256587982086996,0.6047904191616766,False,False,0.4646706586826347,0.8263473053892215,True,False,0.1345682362299695,0.1377245508982036,False,False,256.9100036621094,767.0499877929688
095f70fe04b353ff5733186c,CLEAN_SHEET_R4_2026_V1,2026,2026-09-03T01:27:39.770127+00:00,2026-08-31,IWF,189,9M,5,-0.0283909055496518,0.5748502994011976,False,False,0.1592814371257485,0.2455089820359281,False,False,0.2339589223470915,0.7664670658682635,False,False,122.70999908447266,767.0499877929688
46dce7db880cd6d3ffa2d257,CLEAN_SHEET_R4_2026_V1,2026,2026-09-03T01:27:39.770127+00:00,2026-08-31,IWM,189,9M,5,-0.0152616685435601,0.9161676646706588,True,True,0.2263473053892215,0.3323353293413174,False,False,0.1804877308717836,0.5149700598802395,False,False,293.92999267578125,767.0499877929688
23698dae66cd790fbf217fb9,CLEAN_SHEET_R4_2026_V1,2026,2026-09-03T01:27:39.770127+00:00,2026-08-31,IXC,189,9M,5,-0.0316413945599971,0.497005988023952,False,False,0.5568862275449102,0.8982035928143712,True,False,0.1515883257529923,0.2514970059880239,False,False,58.18000030517578,767.0499877929688
17d62059c090e32da953cf35,CLEAN_SHEET_R4_2026_V1,2026,2026-09-03T01:27:39.770127+00:00,2026-08-31,IXG,189,9M,5,-0.0186860959243104,0.8383233532934131,True,False,0.6550898203592814,0.9820359281437124,True,True,0.1457480903832303,0.1976047904191616,False,False,134.2100067138672,767.0499877929688
6ae8ea91637eab993b1d3a8f,CLEAN_SHEET_R4_2026_V1,2026,2026-09-03T01:27:39.770127+00:00,2026-08-31,IXJ,189,9M,5,-0.0384121884435146,0.2275449101796407,False,False,0.4263473053892215,0.7724550898203593,False,False,0.2031037767642796,0.6107784431137725,False,False,104.23999786376952,767.0499877929688
0c87d3310b7601a1ed9a6bb0,CLEAN_SHEET_R4_2026_V1,2026,2026-09-03T01:27:39.770127+00:00,2026-08-31,IXN,189,9M,5,-0.0126516351122705,0.9640718562874252,True,True,0.4023952095808383,0.7245508982035929,False,False,0.2891490834106425,0.8862275449101796,True,False,141.1300048828125,767.0499877929688
47ed1f0462e4cf31beb4a715,CLEAN_SHEET_R4_2026_V1,2026,2026-09-03T01:27:39.770127+00:00,2026-08-31,IXP,189,9M,5,-0.0414625690808571,0.1017964071856287,False,False,-2.7755575615628923e-18,0.0479041916167664,False,False,0.2168876803816281,0.688622754491018,False,False,116.56999969482422,767.0499877929688
c1e07b2c0987a47537f5110f,CLEAN_SHEET_R4_2026_V1,2026,2026-09-03T01:27:39.770127+00:00,2026-08-31,IXUS,189,9M,5,-0.0333702787318854,0.4191616766467065,False,False,0.2479041916167665,0.3802395209580838,False,False,0.1222633155510788,0.0359281437125748,False,False,97.41999816894533,767.0499877929688
a0a4d712541d2ac8c17e70d3,CLEAN_SHEET_R4_2026_V1,2026,2026-09-03T01:27:39.770127+00:00,2026-08-31,IYG,189,9M,5,-0.0237976339774735,0.6646706586826348,False,False,0.5832335329341317,0.9101796407185628,True,True,0.1537395054791234,0.2634730538922156,False,False,97.3000030517578,767.0499877929688
169bbfd6726cc01734c8fe84,CLEAN_SHEET_R4_2026_V1,2026,2026-09-03T01:27:39.770127+00:00,2026-08-31,IYJ,189,9M,5,-0.0326240250099192,0.4610778443113772,False,False,0.1724550898203592,0.2574850299401197,False,False,0.1782011729379742,0.4850299401197604,False,False,161.1999969482422,767.0499877929688
73db543326e92f761511dc49,CLEAN_SHEET_R4_2026_V1,2026,2026-09-03T01:27:39.770127+00:00,2026-08-31,IYK,189,9M,5,-0.0404436904538031,0.1317365269461078,False,False,0.2431137724550898,0.3682634730538922,False,False,0.1816829630003996,0.5209580838323353,False,False,74.66000366210938,767.0499877929688
51adce885c1ca15d057b4574,CLEAN_SHEET_R4_2026_V1,2026,2026-09-03T01:27:39.770127+00:00,2026-08-31,IYT,189,9M,5,-0.0244562216156305,0.6467065868263473,False,False,0.1125748502994012,0.1676646706586826,False,False,0.1795179297010645,0.497005988023952,False,False,85.13999938964844,767.0499877929688
bfc7c6fc02254dba9e1dfb92,CLEAN_SHEET_R4_2026_V1,2026,2026-09-03T01:27:39.770127+00:00,2026-08-31,IYW,189,9M,5,-0.0203131703364405,0.7724550898203593,False,False,0.3341317365269461,0.5808383233532934,False,False,0.2305650651574538,0.7604790419161677,False,False,251.27999877929688,767.0499877929688
a19a42d3e7a52cfe128d8c51,CLEAN_SHEET_R4_2026_V1,2026,2026-09-03T01:27:39.770127+00:00,2026-08-31,IYZ,189,9M,5,-0.0335057799750411,0.4011976047904191,False,False,0.2562874251497006,0.4071856287425149,False,False,0.2627015410161393,0.8562874251497006,True,False,43.119998931884766,767.0499877929688
cac6a38631dbddc4b9dbacbd,CLEAN_SHEET_R4_2026_V1,2026,2026-09-03T01:27:39.770127+00:00,2026-08-31,JXI,189,9M,5,-0.0392922131935061,0.1976047904191616,False,False,-0.0257485029940119,0.029940119760479,False,False,0.2167405839132147,0.6826347305389222,False,False,80.91000366210938,767.0499877929688
5d49e29743aefaf714d36ab5,CLEAN_SHEET_R4_2026_V1,2026,2026-09-03T01:27:39.770127+00:00,2026-08-31,KBA,189,9M,5,-0.0381730066630576,0.2455089820359281,False,False,-0.0790419161676646,0.0239520958083832,False,False,0.2033694480512915,0.6167664670658682,False,False,32.91999816894531,767.0499877929688
c078335345c4f2aa2593e89e,CLEAN_SHEET_R4_2026_V1,2026,2026-09-03T01:27:39.770127+00:00,2026-08-31,KBE,189,9M,5,-0.0249684862962509,0.6287425149700598,False,False,0.4143712574850299,0.7574850299401198,False,False,0.2291522896906009,0.7485029940119761,False,False,67.80999755859375,767.0499877929688
5f2cb29863657c1376bcafc6,CLEAN_SHEET_R4_2026_V1,2026,2026-09-03T01:27:39.770127+00:00,2026-08-31,KIE,189,9M,5,-0.033930518479507,0.3772455089820359,False,False,0.3844311377245509,0.688622754491018,False,False,0.2397763084784092,0.7724550898203593,False,False,63.150001525878906,767.0499877929688
8d0a93d552add35db861250b,CLEAN_SHEET_R4_2026_V1,2026,2026-09-03T01:27:39.770127+00:00,2026-08-31,KRE,189,9M,5,-0.0271708401356305,0.5808383233532934,False,False,0.3389221556886228,0.5958083832335329,False,False,0.2278505216818555,0.7425149700598802,False,False,73.55999755859375,767.0499877929688
d9c0d3fd92e21b864e936a29,CLEAN_SHEET_R4_2026_V1,2026,2026-09-03T01:27:39.770127+00:00,2026-08-31,KSA,189,9M,5,-0.0509995602101576,0.0059880239520958,False,False,0.0215568862275449,0.0718562874251497,False,False,0.1964112406813911,0.5808383233532934,False,False,38.79999923706055,767.0499877929688
1bd7bd1e53e9acfbdd06f1b8,CLEAN_SHEET_R4_2026_V1,2026,2026-09-03T01:27:39.770127+00:00,2026-08-31,KWEB,189,9M,5,-0.0409983763623257,0.1197604790419161,False,False,0.1784431137724551,0.2694610778443114,False,False,0.2920558607384528,0.9041916167664672,True,True,25.809999465942383,767.0499877929688
294c2252f1a0fd3a40608ce2,CLEAN_SHEET_R4_2026_V1,2026,2026-09-03T01:27:39.770127+00:00,2026-08-31,KXI,189,9M,5,-0.0398407912359031,0.1616766467065868,False,False,0.0922155688622754,0.1437125748502994,False,False,0.184156222338228,0.5389221556886228,False,False,68.3499984741211,767.0499877929688
f489a19f8613f817e3f6df34,CLEAN_SHEET_R4_2026_V1,2026,2026-09-03T01:27:39.770127+00:00,2026-08-31,MCHI,189,9M,5,-0.0443451071494582,0.0538922155688622,False,False,0.1425149700598802,0.2065868263473053,False,False,0.2590500293357937,0.844311377245509,True,False,54.720001220703125,767.0499877929688
edaa74f09380832de115f0bf,CLEAN_SHEET_R4_2026_V1,2026,2026-09-03T01:27:39.770127+00:00,2026-08-31,MDY,189,9M,5,-0.0313562404215242,0.5029940119760479,False,False,0.1305389221556886,0.18562874251497,False,False,0.1552391122575887,0.2874251497005988,False,False,687.1300048828125,767.0499877929688
e028ef8cdac21bdb2e23807e,CLEAN_SHEET_R4_2026_V1,2026,2026-09-03T01:27:39.770127+00:00,2026-08-31,MTUM,189,9M,5,-0.0017968294300887,1.0,True,True,0.2934131736526946,0.4730538922155688,False,False,0.307994936667378,0.9281437125748504,True,True,300.3599853515625,767.0499877929688
22afabeac680edb143297859,CLEAN_SHEET_R4_2026_V1,2026,2026-09-03T01:27:39.770127+00:00,2026-08-31,MXI,189,9M,5,-0.0317934381320936,0.4850299401197604,False,False,0.3221556886227545,0.5598802395209581,False,False,0.2200476563251818,0.7005988023952096,False,False,115.4499969482422,767.0499877929688
c30a65f6aa988fa876bf6616,CLEAN_SHEET_R4_2026_V1,2026,2026-09-03T01:27:39.770127+00:00,2026-08-31,OIH,189,9M,5,-0.0340633281207572,0.3712574850299401,False,False,0.2323353293413173,0.3473053892215569,False,False,0.3053502603860755,0.9221556886227544,True,True,429.1799926757813,767.0499877929688
9e1e4546c0bbde15051fc0d7,CLEAN_SHEET_R4_2026_V1,2026,2026-09-03T01:27:39.770127+00:00,2026-08-31,PAVE,189,9M,5,-0.0333916485949382,0.4131736526946107,False,False,0.0065868263473053,0.0538922155688622,False,False,0.2017841253213615,0.6047904191616766,False,False,54.70000076293945,767.0499877929688
f23cf96013001b01aac7b1f1,CLEAN_SHEET_R4_2026_V1,2026,2026-09-03T01:27:39.770127+00:00,2026-08-31,PBJ,189,9M,5,-0.0404496662102679,0.1257485029940119,False,False,0.0071856287425149,0.059880239520958,False,False,0.212465966364607,0.6586826347305389,False,False,47.70000076293945,767.0499877929688
42ff438e590833d48b54ae7f,CLEAN_SHEET_R4_2026_V1,2026,2026-09-03T01:27:39.770127+00:00,2026-08-31,PEJ,189,9M,5,-0.0264433955512155,0.592814371257485,False,False,0.229940119760479,0.3413173652694611,False,False,0.1746390371822401,0.4610778443113772,False,False,65.37000274658203,767.0499877929688
d0a692935eb21c909e705d08,CLEAN_SHEET_R4_2026_V1,2026,2026-09-03T01:27:39.770127+00:00,2026-08-31,QAT,189,9M,5,-0.0462310024662242,0.029940119760479,False,False,-0.1508982035928144,0.0059880239520958,False,False,0.2213653050602657,0.7125748502994012,False,False,17.40999984741211,767.0499877929688
1e5815321ff80c9b2409fbad,CLEAN_SHEET_R4_2026_V1,2026,2026-09-03T01:27:39.770127+00:00,2026-08-31,QQQ,189,9M,5,-0.0152177355271668,0.9281437125748504,True,True,0.318562874251497,0.5449101796407185,False,False,0.2428161769098265,0.7784431137724551,False,False,716.760009765625,767.0499877929688
ca8179709335a1112d64bb38,CLEAN_SHEET_R4_2026_V1,2026,2026-09-03T01:27:39.770127+00:00,2026-08-31,QUAL,189,9M,5,-0.0197479606903936,0.7904191616766467,False,False,0.3029940119760478,0.497005988023952,False,False,0.1469020481956836,0.2275449101796407,False,False,222.6199951171875,767.0499877929688
aeeb0f0e78c586a5b063a1f1,CLEAN_SHEET_R4_2026_V1,2026,2026-09-03T01:27:39.770127+00:00,2026-08-31,REET,189,9M,5,-0.0324904099056126,0.467065868263473,False,False,0.1065868263473054,0.155688622754491,False,False,0.177718131210295,0.4790419161676646,False,False,27.5,767.0499877929688
e1a76d04376066dfa6b31bbf,CLEAN_SHEET_R4_2026_V1,2026,2026-09-03T01:27:39.770127+00:00,2026-08-31,REM,189,9M,5,-0.0356971809535435,0.3053892215568862,False,False,0.1269461077844311,0.1796407185628742,False,False,0.1801362834576476,0.5089820359281437,False,False,21.700000762939453,767.0499877929688
2b0c41cc1521bfb5284a9ef3,CLEAN_SHEET_R4_2026_V1,2026,2026-09-03T01:27:39.770127+00:00,2026-08-31,REMX,189,9M,5,-0.0204814868768057,0.7664670658682635,False,False,0.3137724550898203,0.5209580838323353,False,False,0.4325240096059942,1.0,True,True,77.5199966430664,767.0499877929688
fdd648fab1c7a100589064fc,CLEAN_SHEET_R4_2026_V1,2026,2026-09-03T01:27:39.770127+00:00,2026-08-31,REZ,189,9M,5,-0.0387190431894918,0.2215568862275449,False,False,0.1712574850299401,0.2514970059880239,False,False,0.2050080153191295,0.6287425149700598,False,False,93.7699966430664,767.0499877929688
6fa720e3e8b047f77e448ba8,CLEAN_SHEET_R4_2026_V1,2026,2026-09-03T01:27:39.770127+00:00,2026-08-31,RSP,189,9M,5,-0.0317624661720641,0.4910179640718562,False,False,0.3377245508982036,0.5868263473053892,False,False,0.1332362538245553,0.1197604790419161,False,False,219.38999938964844,767.0499877929688
8cc5d20eb8417fab7ec6fa82,CLEAN_SHEET_R4_2026_V1,2026,2026-09-03T01:27:39.770127+00:00,2026-08-31,RWO,189,9M,5,-0.032680300603395,0.4550898203592814,False,False,0.1497005988023952,0.2155688622754491,False,False,0.1753878108571344,0.4730538922155688,False,False,49.470001220703125,767.0499877929688
22098c7f46f7b66db8927036,CLEAN_SHEET_R4_2026_V1,2026,2026-09-03T01:27:39.770127+00:00,2026-08-31,RXI,189,9M,5,-0.0392894292634482,0.2035928143712574,False,False,0.111377245508982,0.1616766467065868,False,False,0.1800492984529047,0.5029940119760479,False,False,198.4600067138672,767.0499877929688
53cb42b2a4d295f03dd4a9d5,CLEAN_SHEET_R4_2026_V1,2026,2026-09-03T01:27:39.770127+00:00,2026-08-31,SCHD,189,9M,5,-0.0337529736410745,0.3832335329341317,False,False,0.5365269461077844,0.8862275449101796,True,False,0.1314821539927193,0.0958083832335329,False,False,34.88999938964844,767.0499877929688
0e48de7b2988a3702a32e9be,CLEAN_SHEET_R4_2026_V1,2026,2026-09-03T01:27:39.770127+00:00,2026-08-31,SCHY,189,9M,5,-0.0412263764021561,0.1077844311377245,False,False,0.1904191616766467,0.2874251497005988,False,False,0.1345584213100311,0.1317365269461078,False,False,33.220001220703125,767.0499877929688
9de3ff64421a1d65321e4d43,CLEAN_SHEET_R4_2026_V1,2026,2026-09-03T01:27:39.770127+00:00,2026-08-31,SCZ,189,9M,5,-0.0399582307078228,0.155688622754491,False,False,0.2622754491017964,0.4191616766467065,False,False,0.1056806963177127,0.0119760479041916,False,False,86.80000305175781,767.0499877929688
f6e35d1bcfabafad9908a4bf,CLEAN_SHEET_R4_2026_V1,2026,2026-09-03T01:27:39.770127+00:00,2026-08-31,SKYY,189,9M,5,-0.0208966868717896,0.7485029940119761,False,False,0.5988023952095809,0.9281437125748504,True,True,0.1870456920011214,0.5508982035928144,False,False,165.33999633789062,767.0499877929688
caf0a77a5926d7b248f265f5,CLEAN_SHEET_R4_2026_V1,2026,2026-09-03T01:27:39.770127+00:00,2026-08-31,SLV,189,9M,5,-0.0251158628237432,0.6227544910179641,False,False,0.2574850299401198,0.4131736526946107,False,False,0.4148503252464055,0.9820359281437124,True,True,60.130001068115234,767.0499877929688
03a623b28918697f0c5fe660,CLEAN_SHEET_R4_2026_V1,2026,2026-09-03T01:27:39.770127+00:00,2026-08-31,SMH,189,9M,5,-0.0044535555565422,0.9880239520958084,True,True,0.3904191616766467,0.7065868263473054,False,False,0.3774118722924706,0.9520958083832336,True,True,556.6300048828125,767.0499877929688
578f32f9958eb2f47dd07030,CLEAN_SHEET_R4_2026_V1,2026,2026-09-03T01:27:39.770127+00:00,2026-08-31,SOXX,189,9M,5,-0.0044173540416559,0.994011976047904,True,True,0.3329341317365269,0.5748502994011976,False,False,0.3943691457642433,0.9640718562874252,True,True,511.0400085449219,767.0499877929688
641ab58a0c2d84d5ea0c2a8c,CLEAN_SHEET_R4_2026_V1,2026,2026-09-03T01:27:39.770127+00:00,2026-08-31,SPGM,189,9M,5,-0.0246524877121885,0.6347305389221557,False,False,0.2491017964071856,0.3892215568862275,False,False,0.1342712312298684,0.1257485029940119,False,False,87.44000244140625,767.0499877929688
d417d977f01c1d97cd0c50ee,CLEAN_SHEET_R4_2026_V1,2026,2026-09-03T01:27:39.770127+00:00,2026-08-31,SPY,189,9M,5,-0.0180449382476337,0.8502994011976048,True,False,0.3520958083832335,0.6407185628742516,False,False,0.1374037761494302,0.155688622754491,False,False,767.0499877929688,767.0499877929688
eae1572e7c71c1588045b16d,CLEAN_SHEET_R4_2026_V1,2026,2026-09-03T01:27:39.770127+00:00,2026-08-31,THD,189,9M,5,-0.0329165110778644,0.4431137724550898,False,False,0.1425149700598802,0.2065868263473053,False,False,0.164886364261347,0.3712574850299401,False,False,72.37000274658203,767.0499877929688
c508345cbe4141465ceb74d5,CLEAN_SHEET_R4_2026_V1,2026,2026-09-03T01:27:39.770127+00:00,2026-08-31,TUR,189,9M,5,-0.0448138362663009,0.0419161676646706,False,False,0.0550898203592814,0.1017964071856287,False,False,0.2297159422077798,0.7544910179640718,False,False,40.33000183105469,767.0499877929688
34bdde109d2969e0c96b9fd5,CLEAN_SHEET_R4_2026_V1,2026,2026-09-03T01:27:39.770127+00:00,2026-08-31,UAE,189,9M,5,-0.0350171810636876,0.3353293413173652,False,False,0.3221556886227545,0.5598802395209581,False,False,0.2072356536417528,0.6407185628742516,False,False,19.450000762939453,767.0499877929688
bfb1917f603cea598d8bc1d7,CLEAN_SHEET_R4_2026_V1,2026,2026-09-03T01:27:39.770127+00:00,2026-08-31,URA,189,9M,5,-0.0176614799955068,0.8622754491017964,True,False,0.3544910179640718,0.6467065868263473,False,False,0.4301168339775211,0.994011976047904,True,True,45.5099983215332,767.0499877929688
5bb37a81ff44a44706e5796e,CLEAN_SHEET_R4_2026_V1,2026,2026-09-03T01:27:39.770127+00:00,2026-08-31,URTH,189,9M,5,-0.0237629690526849,0.6706586826347305,False,False,0.3413173652694611,0.6077844311377245,False,False,0.1357755100112732,0.1497005988023952,False,False,208.82000732421875,767.0499877929688
8df9519322ae3b8afc639fb8,CLEAN_SHEET_R4_2026_V1,2026,2026-09-03T01:27:39.770127+00:00,2026-08-31,USMV,189,9M,5,-0.0397872662934612,0.1676646706586826,False,False,0.4574850299401197,0.8083832335329342,True,False,0.0999241724976497,0.0059880239520958,False,False,101.5199966430664,767.0499877929688
1b55f9b4bf9b5cd46f585f78,CLEAN_SHEET_R4_2026_V1,2026,2026-09-03T01:27:39.770127+00:00,2026-08-31,VEA,189,9M,5,-0.0299227326017082,0.5389221556886228,False,False,0.2994011976047904,0.4850299401197604,False,False,0.1325028863627532,0.1077844311377245,False,False,72.91999816894531,767.0499877929688
8873fa31abcc11cbf97c2987,CLEAN_SHEET_R4_2026_V1,2026,2026-09-03T01:27:39.770127+00:00,2026-08-31,VEU,189,9M,5,-0.0245627954746146,0.6407185628742516,False,False,0.3736526946107784,0.6706586826347305,False,False,0.1251288862421835,0.0538922155688622,False,False,85.25,767.0499877929688
afde9d634af6cc0f8d226a25,CLEAN_SHEET_R4_2026_V1,2026,2026-09-03T01:27:39.770127+00:00,2026-08-31,VGK,189,9M,5,-0.0305477658673756,0.5149700598802395,False,False,0.3437125748502994,0.6167664670658682,False,False,0.146317020565196,0.2035928143712574,False,False,91.66000366210938,767.0499877929688
a3e471bd437caeae07941d22,CLEAN_SHEET_R4_2026_V1,2026,2026-09-03T01:27:39.770127+00:00,2026-08-31,VNM,189,9M,5,-0.0445127427500277,0.0479041916167664,False,False,0.1413173652694611,0.1976047904191616,False,False,0.29769327736259,0.9161676646706588,True,True,18.059999465942383,767.0499877929688
8ece938e3223d3e9cb54aef3,CLEAN_SHEET_R4_2026_V1,2026,2026-09-03T01:27:39.770127+00:00,2026-08-31,VNQ,189,9M,5,-0.0374350424869727,0.2574850299401197,False,False,0.029940119760479,0.0898203592814371,False,False,0.1734556606424234,0.437125748502994,False,False,96.44000244140624,767.0499877929688
1fb0127ea852d73d8de60449,CLEAN_SHEET_R4_2026_V1,2026,2026-09-03T01:27:39.770127+00:00,2026-08-31,VPL,189,9M,5,-0.0190802381312387,0.8263473053892215,True,False,0.3461077844311377,0.6227544910179641,False,False,0.2706618203801351,0.8622754491017964,True,False,115.4499969482422,767.0499877929688
e77d56eea8be82b72a7b803f,CLEAN_SHEET_R4_2026_V1,2026,2026-09-03T01:27:39.770127+00:00,2026-08-31,VSS,189,9M,5,-0.0394739013649012,0.1916167664670658,False,False,0.3077844311377245,0.5029940119760479,False,False,0.1467857964642773,0.2215568862275449,False,False,160.10000610351562,767.0499877929688
bc904edcdb71636ce3208b24,CLEAN_SHEET_R4_2026_V1,2026,2026-09-03T01:27:39.770127+00:00,2026-08-31,VT,189,9M,5,-0.0195791771815735,0.8023952095808383,True,False,0.3892215568862275,0.7005988023952096,False,False,0.1297342421023254,0.0778443113772455,False,False,160.5500030517578,767.0499877929688
98324e0b9c3cb42bbe44aae6,CLEAN_SHEET_R4_2026_V1,2026,2026-09-03T01:27:39.770127+00:00,2026-08-31,VWO,189,9M,5,-0.0391533690733815,0.2095808383233532,False,False,0.1952095808383233,0.2934131736526946,False,False,0.1303909305533171,0.0898203592814371,False,False,60.52000045776367,767.0499877929688
5edef750b42243232485dd9d,CLEAN_SHEET_R4_2026_V1,2026,2026-09-03T01:27:39.770127+00:00,2026-08-31,VXUS,189,9M,5,-0.0327608948980656,0.4491017964071856,False,False,0.2706586826347305,0.4311377245508982,False,False,0.1167082312599043,0.0239520958083832,False,False,87.31999969482422,767.0499877929688
89d72df1db133851c8908112,CLEAN_SHEET_R4_2026_V1,2026,2026-09-03T01:27:39.770127+00:00,2026-08-31,VYMI,189,9M,5,-0.0370782622300214,0.2754491017964072,False,False,0.3952095808383233,0.7125748502994012,False,False,0.1192423653959216,0.029940119760479,False,False,105.16999816894533,767.0499877929688
4742e214406eefb7b1f74a24,CLEAN_SHEET_R4_2026_V1,2026,2026-09-03T01:27:39.770127+00:00,2026-08-31,XAR,189,9M,5,-0.04201755520984,0.0898203592814371,False,False,-0.0892215568862275,0.0179640718562874,False,False,0.2127075622306863,0.6646706586826348,False,False,256.5199890136719,767.0499877929688
e80acd170b70e27d21a8ed22,CLEAN_SHEET_R4_2026_V1,2026,2026-09-03T01:27:39.770127+00:00,2026-08-31,XBI,189,9M,5,-0.015219909513347,0.9221556886227544,True,True,0.62874251497006,0.940119760479042,True,True,0.2498447273062212,0.8143712574850299,True,False,162.5,767.0499877929688
db47ade70f4f670f660430ab,CLEAN_SHEET_R4_2026_V1,2026,2026-09-03T01:27:39.770127+00:00,2026-08-31,XHB,189,9M,5,-0.0364749473135123,0.2874251497005988,False,False,0.018562874251497,0.0658682634730539,False,False,0.2000142530487743,0.5988023952095808,False,False,102.80999755859376,767.0499877929688
74723219c144cdf7dd0faffa,CLEAN_SHEET_R4_2026_V1,2026,2026-09-03T01:27:39.770127+00:00,2026-08-31,XLB,189,9M,5,-0.039638955708671,0.1796407185628742,False,False,0.2119760479041915,0.3053892215568862,False,False,0.1493532124100652,0.2335329341317365,False,False,52.68999862670898,767.0499877929688
0ff7e0141aec62d167466bcb,CLEAN_SHEET_R4_2026_V1,2026,2026-09-03T01:27:39.770127+00:00,2026-08-31,XLC,189,9M,5,-0.0387356223766896,0.2155688622754491,False,False,0.0898203592814371,0.1377245508982036,False,False,0.2234607457462648,0.718562874251497,False,False,111.45999908447266,767.0499877929688
e3772f4d2e5661b7a1d0d32a,CLEAN_SHEET_R4_2026_V1,2026,2026-09-03T01:27:39.770127+00:00,2026-08-31,XLE,189,9M,5,-0.0309762813171672,0.5089820359281437,False,False,0.5718562874251496,0.9041916167664672,True,True,0.1467840611631884,0.2155688622754491,False,False,63.959999084472656,767.0499877929688
169458de4fe859beadb2673a,CLEAN_SHEET_R4_2026_V1,2026,2026-09-03T01:27:39.770127+00:00,2026-08-31,XLF,189,9M,5,-0.0238561125641608,0.6586826347305389,False,False,0.6035928143712574,0.934131736526946,True,True,0.1544313384789371,0.2754491017964072,False,False,57.709999084472656,767.0499877929688
b7482579289e680f24034b30,CLEAN_SHEET_R4_2026_V1,2026,2026-09-03T01:27:39.770127+00:00,2026-08-31,XLI,189,9M,5,-0.0345368900833633,0.3532934131736527,False,False,0.0802395209580838,0.1317365269461078,False,False,0.1859762392104547,0.5449101796407185,False,False,175.1300048828125,767.0499877929688
9313d2e8be4e0778c5305169,CLEAN_SHEET_R4_2026_V1,2026,2026-09-03T01:27:39.770127+00:00,2026-08-31,XLK,189,9M,5,-0.0092965460163652,0.9700598802395208,True,True,0.4622754491017964,0.8203592814371258,True,False,0.2914274562161384,0.8922155688622755,True,False,186.5,767.0499877929688
a40dfa38b75bdac9b26b2496,CLEAN_SHEET_R4_2026_V1,2026,2026-09-03T01:27:39.770127+00:00,2026-08-31,XLP,189,9M,5,-0.0380253083928049,0.2514970059880239,False,False,0.1520958083832335,0.2215568862275449,False,False,0.1745768740629997,0.4550898203592814,False,False,84.9800033569336,767.0499877929688
985021cf1dd3fc1483e60d3d,CLEAN_SHEET_R4_2026_V1,2026,2026-09-03T01:27:39.770127+00:00,2026-08-31,XLRE,189,9M,5,-0.0399803151809217,0.1497005988023952,False,False,-0.0059880239520958,0.0419161676646706,False,False,0.1665481160321312,0.4011976047904191,False,False,44.11000061035156,767.0499877929688
c43ee0dc6884b737bf12f32e,CLEAN_SHEET_R4_2026_V1,2026,2026-09-03T01:27:39.770127+00:00,2026-08-31,XLU,189,9M,5,-0.0462269905993478,0.0359281437125748,False,False,-0.1502994011976048,0.0119760479041916,False,False,0.2152013610128644,0.6766467065868264,False,False,42.22999954223633,767.0499877929688
0a71132864ba0ae63594d985,CLEAN_SHEET_R4_2026_V1,2026,2026-09-03T01:27:39.770127+00:00,2026-08-31,XLV,189,9M,5,-0.0253989183695701,0.6167664670658682,False,False,0.5269461077844311,0.8802395209580839,True,False,0.221223641908147,0.7065868263473054,False,False,170.5399932861328,767.0499877929688
e9f18d85072b23b59781d9d7,CLEAN_SHEET_R4_2026_V1,2026,2026-09-03T01:27:39.770127+00:00,2026-08-31,XLY,189,9M,5,-0.0410507814105718,0.1137724550898203,False,False,0.1365269461077844,0.1916167664670658,False,False,0.2192665378462656,0.6946107784431138,False,False,116.58999633789062,767.0499877929688
e3f0ba43caec8a356bfc394c,CLEAN_SHEET_R4_2026_V1,2026,2026-09-03T01:27:39.770127+00:00,2026-08-31,XME,189,9M,5,-0.0188878131718594,0.8323353293413174,True,False,0.3748502994011976,0.6766467065868264,False,False,0.3945177668635909,0.9700598802395208,True,True,118.12999725341795,767.0499877929688
7fa2cd171c9cf85c51ed8b7a,CLEAN_SHEET_R4_2026_V1,2026,2026-09-03T01:27:39.770127+00:00,2026-08-31,XOP,189,9M,5,-0.01930348930729,0.8203592814371258,True,False,0.725748502994012,0.994011976047904,True,True,0.161306391674368,0.3592814371257485,False,False,188.9600067138672,767.0499877929688
ad046a36d6de0747c4fe692e,CLEAN_SHEET_R4_2026_V1,2026,2026-09-03T01:27:39.770127+00:00,2026-08-31,XPH,189,9M,5,-0.0219399220572898,0.7125748502994012,False,False,0.488622754491018,0.8383233532934131,True,False,0.254159775014396,0.8383233532934131,True,False,70.62000274658203,767.0499877929688
02c2c169934e160cdaf4fe85,CLEAN_SHEET_R4_2026_V1,2026,2026-09-03T01:27:39.770127+00:00,2026-08-31,XRT,189,9M,5,-0.0320026335993351,0.4790419161676646,False,False,0.1820359281437125,0.2754491017964072,False,False,0.1908161296800452,0.5688622754491018,False,False,86.0999984741211,767.0499877929688
