prediction_id,model_version,market_date,ticker,primary_benchmark,outcome_as_of_market_date,matured_21,matured_63,matured_84,matured_126,fwd_relative_return_21,fwd_relative_return_63,fwd_relative_return_84,fwd_relative_return_126,fwd_relative_mdd_126,band_median_relative_return,investable_loose,investable_primary,investable_strict
PATH_RISK_V1_2026-08-12|2026-08-11|AAXJ,PATH_RISK_V1_2026-08-12,2026-08-11,AAXJ,ACWX,2026-10-07,True,False,False,False,0.0295137249,,,,,,,,
PATH_RISK_V1_2026-08-12|2026-08-11|AFK,PATH_RISK_V1_2026-08-12,2026-08-11,AFK,ACWX,2026-10-07,True,False,False,False,0.0413183125,,,,,,,,
PATH_RISK_V1_2026-08-12|2026-08-11|ARGT,PATH_RISK_V1_2026-08-12,2026-08-11,ARGT,ACWX,2026-10-07,True,False,False,False,0.0531832896,,,,,,,,
PATH_RISK_V1_2026-08-12|2026-08-11|ASEA,PATH_RISK_V1_2026-08-12,2026-08-11,ASEA,ACWX,2026-10-07,True,False,False,False,0.0127535292,,,,,,,,
PATH_RISK_V1_2026-08-12|2026-08-11|CIBR,PATH_RISK_V1_2026-08-12,2026-08-11,CIBR,SPY,2026-10-07,True,False,False,False,-0.0418163905,,,,,,,,
PATH_RISK_V1_2026-08-12|2026-08-11|ECH,PATH_RISK_V1_2026-08-12,2026-08-11,ECH,ACWX,2026-10-07,True,False,False,False,-0.0112805950,,,,,,,,
PATH_RISK_V1_2026-08-12|2026-08-11|EDEN,PATH_RISK_V1_2026-08-12,2026-08-11,EDEN,ACWX,2026-10-07,True,False,False,False,0.0313983088,,,,,,,,
PATH_RISK_V1_2026-08-12|2026-08-11|EEM,PATH_RISK_V1_2026-08-12,2026-08-11,EEM,ACWX,2026-10-07,True,False,False,False,0.0308101892,,,,,,,,
PATH_RISK_V1_2026-08-12|2026-08-11|EFA,PATH_RISK_V1_2026-08-12,2026-08-11,EFA,ACWX,2026-10-07,True,False,False,False,-0.0159754301,,,,,,,,
PATH_RISK_V1_2026-08-12|2026-08-11|EFNL,PATH_RISK_V1_2026-08-12,2026-08-11,EFNL,ACWX,2026-10-07,True,False,False,False,0.0566352221,,,,,,,,
PATH_RISK_V1_2026-08-12|2026-08-11|EIDO,PATH_RISK_V1_2026-08-12,2026-08-11,EIDO,ACWX,2026-10-07,True,False,False,False,0.0365001342,,,,,,,,
PATH_RISK_V1_2026-08-12|2026-08-11|EIRL,PATH_RISK_V1_2026-08-12,2026-08-11,EIRL,ACWX,2026-10-07,True,False,False,False,0.0324828158,,,,,,,,
PATH_RISK_V1_2026-08-12|2026-08-11|EIS,PATH_RISK_V1_2026-08-12,2026-08-11,EIS,ACWX,2026-10-07,True,False,False,False,0.0128739115,,,,,,,,
PATH_RISK_V1_2026-08-12|2026-08-11|EMXC,PATH_RISK_V1_2026-08-12,2026-08-11,EMXC,ACWX,2026-10-07,True,False,False,False,0.0551483617,,,,,,,,
PATH_RISK_V1_2026-08-12|2026-08-11|ENOR,PATH_RISK_V1_2026-08-12,2026-08-11,ENOR,ACWX,2026-10-07,True,False,False,False,0.0645944085,,,,,,,,
PATH_RISK_V1_2026-08-12|2026-08-11|ENZL,PATH_RISK_V1_2026-08-12,2026-08-11,ENZL,ACWX,2026-10-07,True,False,False,False,-0.0236885930,,,,,,,,
PATH_RISK_V1_2026-08-12|2026-08-11|EPHE,PATH_RISK_V1_2026-08-12,2026-08-11,EPHE,ACWX,2026-10-07,True,False,False,False,-0.0547212750,,,,,,,,
PATH_RISK_V1_2026-08-12|2026-08-11|EPOL,PATH_RISK_V1_2026-08-12,2026-08-11,EPOL,ACWX,2026-10-07,True,False,False,False,0.0238903715,,,,,,,,
PATH_RISK_V1_2026-08-12|2026-08-11|EPP,PATH_RISK_V1_2026-08-12,2026-08-11,EPP,ACWX,2026-10-07,True,False,False,False,-0.0171211412,,,,,,,,
PATH_RISK_V1_2026-08-12|2026-08-11|EPU,PATH_RISK_V1_2026-08-12,2026-08-11,EPU,ACWX,2026-10-07,True,False,False,False,0.0174145478,,,,,,,,
PATH_RISK_V1_2026-08-12|2026-08-11|EWA,PATH_RISK_V1_2026-08-12,2026-08-11,EWA,ACWX,2026-10-07,True,False,False,False,-0.0225863917,,,,,,,,
PATH_RISK_V1_2026-08-12|2026-08-11|EWC,PATH_RISK_V1_2026-08-12,2026-08-11,EWC,ACWX,2026-10-07,True,False,False,False,-0.0133107456,,,,,,,,
PATH_RISK_V1_2026-08-12|2026-08-11|EWD,PATH_RISK_V1_2026-08-12,2026-08-11,EWD,ACWX,2026-10-07,True,False,False,False,-0.0214231869,,,,,,,,
PATH_RISK_V1_2026-08-12|2026-08-11|EWG,PATH_RISK_V1_2026-08-12,2026-08-11,EWG,ACWX,2026-10-07,True,False,False,False,-0.0246953972,,,,,,,,
PATH_RISK_V1_2026-08-12|2026-08-11|EWH,PATH_RISK_V1_2026-08-12,2026-08-11,EWH,ACWX,2026-10-07,True,False,False,False,0.0062075381,,,,,,,,
PATH_RISK_V1_2026-08-12|2026-08-11|EWI,PATH_RISK_V1_2026-08-12,2026-08-11,EWI,ACWX,2026-10-07,True,False,False,False,-0.0265328432,,,,,,,,
PATH_RISK_V1_2026-08-12|2026-08-11|EWJ,PATH_RISK_V1_2026-08-12,2026-08-11,EWJ,ACWX,2026-10-07,True,False,False,False,0.0083282944,,,,,,,,
PATH_RISK_V1_2026-08-12|2026-08-11|EWL,PATH_RISK_V1_2026-08-12,2026-08-11,EWL,ACWX,2026-10-07,True,False,False,False,-0.0519862634,,,,,,,,
PATH_RISK_V1_2026-08-12|2026-08-11|EWM,PATH_RISK_V1_2026-08-12,2026-08-11,EWM,ACWX,2026-10-07,True,False,False,False,0.0005587885,,,,,,,,
PATH_RISK_V1_2026-08-12|2026-08-11|EWN,PATH_RISK_V1_2026-08-12,2026-08-11,EWN,ACWX,2026-10-07,True,False,False,False,-0.0208924525,,,,,,,,
PATH_RISK_V1_2026-08-12|2026-08-11|EWO,PATH_RISK_V1_2026-08-12,2026-08-11,EWO,ACWX,2026-10-07,True,False,False,False,0.0236938772,,,,,,,,
PATH_RISK_V1_2026-08-12|2026-08-11|EWP,PATH_RISK_V1_2026-08-12,2026-08-11,EWP,ACWX,2026-10-07,True,False,False,False,-0.0127930602,,,,,,,,
PATH_RISK_V1_2026-08-12|2026-08-11|EWQ,PATH_RISK_V1_2026-08-12,2026-08-11,EWQ,ACWX,2026-10-07,True,False,False,False,-0.0581471349,,,,,,,,
PATH_RISK_V1_2026-08-12|2026-08-11|EWS,PATH_RISK_V1_2026-08-12,2026-08-11,EWS,ACWX,2026-10-07,True,False,False,False,-0.0096671252,,,,,,,,
PATH_RISK_V1_2026-08-12|2026-08-11|EWT,PATH_RISK_V1_2026-08-12,2026-08-11,EWT,ACWX,2026-10-07,True,False,False,False,0.0548864751,,,,,,,,
PATH_RISK_V1_2026-08-12|2026-08-11|EWU,PATH_RISK_V1_2026-08-12,2026-08-11,EWU,ACWX,2026-10-07,True,False,False,False,-0.0093927464,,,,,,,,
PATH_RISK_V1_2026-08-12|2026-08-11|EWW,PATH_RISK_V1_2026-08-12,2026-08-11,EWW,ACWX,2026-10-07,True,False,False,False,-0.0064163224,,,,,,,,
PATH_RISK_V1_2026-08-12|2026-08-11|EWY,PATH_RISK_V1_2026-08-12,2026-08-11,EWY,ACWX,2026-10-07,True,False,False,False,0.1001941189,,,,,,,,
PATH_RISK_V1_2026-08-12|2026-08-11|EWZ,PATH_RISK_V1_2026-08-12,2026-08-11,EWZ,ACWX,2026-10-07,True,False,False,False,0.1423376276,,,,,,,,
PATH_RISK_V1_2026-08-12|2026-08-11|EXI,PATH_RISK_V1_2026-08-12,2026-08-11,EXI,ACWI,2026-10-07,True,False,False,False,-0.0509955412,,,,,,,,
PATH_RISK_V1_2026-08-12|2026-08-11|EZA,PATH_RISK_V1_2026-08-12,2026-08-11,EZA,ACWX,2026-10-07,True,False,False,False,0.0205980528,,,,,,,,
PATH_RISK_V1_2026-08-12|2026-08-11|FDN,PATH_RISK_V1_2026-08-12,2026-08-11,FDN,SPY,2026-10-07,True,False,False,False,-0.0000488188,,,,,,,,
PATH_RISK_V1_2026-08-12|2026-08-11|FEZ,PATH_RISK_V1_2026-08-12,2026-08-11,FEZ,ACWX,2026-10-07,True,False,False,False,-0.0324447658,,,,,,,,
PATH_RISK_V1_2026-08-12|2026-08-11|GREK,PATH_RISK_V1_2026-08-12,2026-08-11,GREK,ACWX,2026-10-07,True,False,False,False,0.0615905841,,,,,,,,
PATH_RISK_V1_2026-08-12|2026-08-11|IGV,PATH_RISK_V1_2026-08-12,2026-08-11,IGV,SPY,2026-10-07,True,False,False,False,-0.0098156730,,,,,,,,
PATH_RISK_V1_2026-08-12|2026-08-11|IHF,PATH_RISK_V1_2026-08-12,2026-08-11,IHF,SPY,2026-10-07,True,False,False,False,0.0231146021,,,,,,,,
PATH_RISK_V1_2026-08-12|2026-08-11|IHI,PATH_RISK_V1_2026-08-12,2026-08-11,IHI,SPY,2026-10-07,True,False,False,False,-0.0754730379,,,,,,,,
PATH_RISK_V1_2026-08-12|2026-08-11|ILF,PATH_RISK_V1_2026-08-12,2026-08-11,ILF,ACWX,2026-10-07,True,False,False,False,0.0803276737,,,,,,,,
PATH_RISK_V1_2026-08-12|2026-08-11|INDA,PATH_RISK_V1_2026-08-12,2026-08-11,INDA,ACWX,2026-10-07,True,False,False,False,-0.0331365243,,,,,,,,
PATH_RISK_V1_2026-08-12|2026-08-11|ITA,PATH_RISK_V1_2026-08-12,2026-08-11,ITA,SPY,2026-10-07,True,False,False,False,-0.1187481257,,,,,,,,
PATH_RISK_V1_2026-08-12|2026-08-11|IWM,PATH_RISK_V1_2026-08-12,2026-08-11,IWM,ITOT,2026-10-07,True,False,False,False,-0.0251203944,,,,,,,,
PATH_RISK_V1_2026-08-12|2026-08-11|IXC,PATH_RISK_V1_2026-08-12,2026-08-11,IXC,ACWI,2026-10-07,True,False,False,False,0.0770032853,,,,,,,,
PATH_RISK_V1_2026-08-12|2026-08-11|IXG,PATH_RISK_V1_2026-08-12,2026-08-11,IXG,ACWI,2026-10-07,True,False,False,False,0.0065600569,,,,,,,,
PATH_RISK_V1_2026-08-12|2026-08-11|IXJ,PATH_RISK_V1_2026-08-12,2026-08-11,IXJ,ACWI,2026-10-07,True,False,False,False,-0.0087823377,,,,,,,,
PATH_RISK_V1_2026-08-12|2026-08-11|IXN,PATH_RISK_V1_2026-08-12,2026-08-11,IXN,ACWI,2026-10-07,True,False,False,False,0.0204696189,,,,,,,,
PATH_RISK_V1_2026-08-12|2026-08-11|IXP,PATH_RISK_V1_2026-08-12,2026-08-11,IXP,ACWI,2026-10-07,True,False,False,False,0.0264885832,,,,,,,,
PATH_RISK_V1_2026-08-12|2026-08-11|IYG,PATH_RISK_V1_2026-08-12,2026-08-11,IYG,SPY,2026-10-07,True,False,False,False,0.0022798121,,,,,,,,
PATH_RISK_V1_2026-08-12|2026-08-11|IYT,PATH_RISK_V1_2026-08-12,2026-08-11,IYT,SPY,2026-10-07,True,False,False,False,-0.0410676029,,,,,,,,
PATH_RISK_V1_2026-08-12|2026-08-11|IYZ,PATH_RISK_V1_2026-08-12,2026-08-11,IYZ,SPY,2026-10-07,True,False,False,False,-0.0183683779,,,,,,,,
PATH_RISK_V1_2026-08-12|2026-08-11|JXI,PATH_RISK_V1_2026-08-12,2026-08-11,JXI,ACWI,2026-10-07,True,False,False,False,-0.0062717909,,,,,,,,
PATH_RISK_V1_2026-08-12|2026-08-11|KBE,PATH_RISK_V1_2026-08-12,2026-08-11,KBE,SPY,2026-10-07,True,False,False,False,-0.0199746788,,,,,,,,
PATH_RISK_V1_2026-08-12|2026-08-11|KIE,PATH_RISK_V1_2026-08-12,2026-08-11,KIE,SPY,2026-10-07,True,False,False,False,-0.0050978210,,,,,,,,
PATH_RISK_V1_2026-08-12|2026-08-11|KRE,PATH_RISK_V1_2026-08-12,2026-08-11,KRE,SPY,2026-10-07,True,False,False,False,-0.0229155084,,,,,,,,
PATH_RISK_V1_2026-08-12|2026-08-11|KSA,PATH_RISK_V1_2026-08-12,2026-08-11,KSA,ACWX,2026-10-07,True,False,False,False,0.0186457470,,,,,,,,
PATH_RISK_V1_2026-08-12|2026-08-11|KXI,PATH_RISK_V1_2026-08-12,2026-08-11,KXI,ACWI,2026-10-07,True,False,False,False,-0.0134039925,,,,,,,,
PATH_RISK_V1_2026-08-12|2026-08-11|MCHI,PATH_RISK_V1_2026-08-12,2026-08-11,MCHI,ACWX,2026-10-07,True,False,False,False,-0.0443832401,,,,,,,,
PATH_RISK_V1_2026-08-12|2026-08-11|MDY,PATH_RISK_V1_2026-08-12,2026-08-11,MDY,ITOT,2026-10-07,True,False,False,False,-0.0315824095,,,,,,,,
PATH_RISK_V1_2026-08-12|2026-08-11|MXI,PATH_RISK_V1_2026-08-12,2026-08-11,MXI,ACWI,2026-10-07,True,False,False,False,0.0007493521,,,,,,,,
PATH_RISK_V1_2026-08-12|2026-08-11|OIH,PATH_RISK_V1_2026-08-12,2026-08-11,OIH,SPY,2026-10-07,True,False,False,False,0.0288438807,,,,,,,,
PATH_RISK_V1_2026-08-12|2026-08-11|PAVE,PATH_RISK_V1_2026-08-12,2026-08-11,PAVE,SPY,2026-10-07,True,False,False,False,-0.0757011805,,,,,,,,
PATH_RISK_V1_2026-08-12|2026-08-11|PBJ,PATH_RISK_V1_2026-08-12,2026-08-11,PBJ,SPY,2026-10-07,True,False,False,False,0.0101213160,,,,,,,,
PATH_RISK_V1_2026-08-12|2026-08-11|PEJ,PATH_RISK_V1_2026-08-12,2026-08-11,PEJ,SPY,2026-10-07,True,False,False,False,-0.0586210085,,,,,,,,
PATH_RISK_V1_2026-08-12|2026-08-11|QAT,PATH_RISK_V1_2026-08-12,2026-08-11,QAT,ACWX,2026-10-07,True,False,False,False,-0.0130774073,,,,,,,,
PATH_RISK_V1_2026-08-12|2026-08-11|QQQ,PATH_RISK_V1_2026-08-12,2026-08-11,QQQ,SPY,2026-10-07,True,False,False,False,0.0029850244,,,,,,,,
PATH_RISK_V1_2026-08-12|2026-08-11|REM,PATH_RISK_V1_2026-08-12,2026-08-11,REM,SPY,2026-10-07,True,False,False,False,-0.0375910423,,,,,,,,
PATH_RISK_V1_2026-08-12|2026-08-11|REZ,PATH_RISK_V1_2026-08-12,2026-08-11,REZ,SPY,2026-10-07,True,False,False,False,0.0055403646,,,,,,,,
PATH_RISK_V1_2026-08-12|2026-08-11|RXI,PATH_RISK_V1_2026-08-12,2026-08-11,RXI,ACWI,2026-10-07,True,False,False,False,-0.0622699738,,,,,,,,
PATH_RISK_V1_2026-08-12|2026-08-11|SCZ,PATH_RISK_V1_2026-08-12,2026-08-11,SCZ,ACWX,2026-10-07,True,False,False,False,-0.0032710216,,,,,,,,
PATH_RISK_V1_2026-08-12|2026-08-11|SKYY,PATH_RISK_V1_2026-08-12,2026-08-11,SKYY,SPY,2026-10-07,True,False,False,False,-0.0114796835,,,,,,,,
PATH_RISK_V1_2026-08-12|2026-08-11|SMH,PATH_RISK_V1_2026-08-12,2026-08-11,SMH,SPY,2026-10-07,True,False,False,False,-0.0056523260,,,,,,,,
PATH_RISK_V1_2026-08-12|2026-08-11|THD,PATH_RISK_V1_2026-08-12,2026-08-11,THD,ACWX,2026-10-07,True,False,False,False,0.0240518950,,,,,,,,
PATH_RISK_V1_2026-08-12|2026-08-11|TUR,PATH_RISK_V1_2026-08-12,2026-08-11,TUR,ACWX,2026-10-07,True,False,False,False,0.0573030589,,,,,,,,
PATH_RISK_V1_2026-08-12|2026-08-11|UAE,PATH_RISK_V1_2026-08-12,2026-08-11,UAE,ACWX,2026-10-07,True,False,False,False,0.0164889308,,,,,,,,
PATH_RISK_V1_2026-08-12|2026-08-11|VEA,PATH_RISK_V1_2026-08-12,2026-08-11,VEA,ACWX,2026-10-07,True,False,False,False,-0.0040081105,,,,,,,,
PATH_RISK_V1_2026-08-12|2026-08-11|VGK,PATH_RISK_V1_2026-08-12,2026-08-11,VGK,ACWX,2026-10-07,True,False,False,False,-0.0247549916,,,,,,,,
PATH_RISK_V1_2026-08-12|2026-08-11|VNM,PATH_RISK_V1_2026-08-12,2026-08-11,VNM,ACWX,2026-10-07,True,False,False,False,0.0324671186,,,,,,,,
PATH_RISK_V1_2026-08-12|2026-08-11|VNQ,PATH_RISK_V1_2026-08-12,2026-08-11,VNQ,SPY,2026-10-07,True,False,False,False,-0.0070447092,,,,,,,,
PATH_RISK_V1_2026-08-12|2026-08-11|VPL,PATH_RISK_V1_2026-08-12,2026-08-11,VPL,ACWX,2026-10-07,True,False,False,False,0.0280489935,,,,,,,,
PATH_RISK_V1_2026-08-12|2026-08-11|VSS,PATH_RISK_V1_2026-08-12,2026-08-11,VSS,ACWX,2026-10-07,True,False,False,False,-0.0021555032,,,,,,,,
PATH_RISK_V1_2026-08-12|2026-08-11|VWO,PATH_RISK_V1_2026-08-12,2026-08-11,VWO,ACWX,2026-10-07,True,False,False,False,0.0036414529,,,,,,,,
PATH_RISK_V1_2026-08-12|2026-08-11|XBI,PATH_RISK_V1_2026-08-12,2026-08-11,XBI,SPY,2026-10-07,True,False,False,False,0.0087572623,,,,,,,,
PATH_RISK_V1_2026-08-12|2026-08-11|XHB,PATH_RISK_V1_2026-08-12,2026-08-11,XHB,SPY,2026-10-07,True,False,False,False,-0.1066374349,,,,,,,,
PATH_RISK_V1_2026-08-12|2026-08-11|XLB,PATH_RISK_V1_2026-08-12,2026-08-11,XLB,SPY,2026-10-07,True,False,False,False,-0.0305660755,,,,,,,,
PATH_RISK_V1_2026-08-12|2026-08-11|XLC,PATH_RISK_V1_2026-08-12,2026-08-11,XLC,SPY,2026-10-07,True,False,False,False,0.0188997863,,,,,,,,
PATH_RISK_V1_2026-08-12|2026-08-11|XLE,PATH_RISK_V1_2026-08-12,2026-08-11,XLE,SPY,2026-10-07,True,False,False,False,0.0835498610,,,,,,,,
PATH_RISK_V1_2026-08-12|2026-08-11|XLF,PATH_RISK_V1_2026-08-12,2026-08-11,XLF,SPY,2026-10-07,True,False,False,False,0.0004377461,,,,,,,,
PATH_RISK_V1_2026-08-12|2026-08-11|XLI,PATH_RISK_V1_2026-08-12,2026-08-11,XLI,SPY,2026-10-07,True,False,False,False,-0.0661556385,,,,,,,,
PATH_RISK_V1_2026-08-12|2026-08-11|XLK,PATH_RISK_V1_2026-08-12,2026-08-11,XLK,SPY,2026-10-07,True,False,False,False,0.0120443728,,,,,,,,
PATH_RISK_V1_2026-08-12|2026-08-11|XLP,PATH_RISK_V1_2026-08-12,2026-08-11,XLP,SPY,2026-10-07,True,False,False,False,-0.0024118950,,,,,,,,
PATH_RISK_V1_2026-08-12|2026-08-11|XLRE,PATH_RISK_V1_2026-08-12,2026-08-11,XLRE,SPY,2026-10-07,True,False,False,False,-0.0069611641,,,,,,,,
PATH_RISK_V1_2026-08-12|2026-08-11|XLU,PATH_RISK_V1_2026-08-12,2026-08-11,XLU,SPY,2026-10-07,True,False,False,False,-0.0090705870,,,,,,,,
PATH_RISK_V1_2026-08-12|2026-08-11|XLV,PATH_RISK_V1_2026-08-12,2026-08-11,XLV,SPY,2026-10-07,True,False,False,False,0.0025758058,,,,,,,,
PATH_RISK_V1_2026-08-12|2026-08-11|XLY,PATH_RISK_V1_2026-08-12,2026-08-11,XLY,SPY,2026-10-07,True,False,False,False,-0.0452809147,,,,,,,,
PATH_RISK_V1_2026-08-12|2026-08-11|XME,PATH_RISK_V1_2026-08-12,2026-08-11,XME,SPY,2026-10-07,True,False,False,False,-0.0096078705,,,,,,,,
PATH_RISK_V1_2026-08-12|2026-08-11|XOP,PATH_RISK_V1_2026-08-12,2026-08-11,XOP,SPY,2026-10-07,True,False,False,False,0.1142765266,,,,,,,,
PATH_RISK_V1_2026-08-12|2026-08-11|XPH,PATH_RISK_V1_2026-08-12,2026-08-11,XPH,SPY,2026-10-07,True,False,False,False,-0.0084250973,,,,,,,,
PATH_RISK_V1_2026-08-12|2026-08-11|XRT,PATH_RISK_V1_2026-08-12,2026-08-11,XRT,SPY,2026-10-07,True,False,False,False,-0.0512684184,,,,,,,,
PATH_RISK_V1_2026-08-12|2026-08-12|AAXJ,PATH_RISK_V1_2026-08-12,2026-08-12,AAXJ,ACWX,2026-10-07,True,False,False,False,0.0252077116,,,,,,,,
PATH_RISK_V1_2026-08-12|2026-08-12|AFK,PATH_RISK_V1_2026-08-12,2026-08-12,AFK,ACWX,2026-10-07,True,False,False,False,0.0387197416,,,,,,,,
PATH_RISK_V1_2026-08-12|2026-08-12|ARGT,PATH_RISK_V1_2026-08-12,2026-08-12,ARGT,ACWX,2026-10-07,True,False,False,False,0.0536319642,,,,,,,,
PATH_RISK_V1_2026-08-12|2026-08-12|ASEA,PATH_RISK_V1_2026-08-12,2026-08-12,ASEA,ACWX,2026-10-07,True,False,False,False,0.0163352178,,,,,,,,
PATH_RISK_V1_2026-08-12|2026-08-12|CIBR,PATH_RISK_V1_2026-08-12,2026-08-12,CIBR,SPY,2026-10-07,True,False,False,False,-0.0495785021,,,,,,,,
PATH_RISK_V1_2026-08-12|2026-08-12|ECH,PATH_RISK_V1_2026-08-12,2026-08-12,ECH,ACWX,2026-10-07,True,False,False,False,-0.0071080964,,,,,,,,
PATH_RISK_V1_2026-08-12|2026-08-12|EDEN,PATH_RISK_V1_2026-08-12,2026-08-12,EDEN,ACWX,2026-10-07,True,False,False,False,0.0117410442,,,,,,,,
PATH_RISK_V1_2026-08-12|2026-08-12|EEM,PATH_RISK_V1_2026-08-12,2026-08-12,EEM,ACWX,2026-10-07,True,False,False,False,0.0273712136,,,,,,,,
PATH_RISK_V1_2026-08-12|2026-08-12|EFA,PATH_RISK_V1_2026-08-12,2026-08-12,EFA,ACWX,2026-10-07,True,False,False,False,-0.0102247754,,,,,,,,
PATH_RISK_V1_2026-08-12|2026-08-12|EFNL,PATH_RISK_V1_2026-08-12,2026-08-12,EFNL,ACWX,2026-10-07,True,False,False,False,0.0519988735,,,,,,,,
PATH_RISK_V1_2026-08-12|2026-08-12|EIDO,PATH_RISK_V1_2026-08-12,2026-08-12,EIDO,ACWX,2026-10-07,True,False,False,False,0.0112312271,,,,,,,,
PATH_RISK_V1_2026-08-12|2026-08-12|EIRL,PATH_RISK_V1_2026-08-12,2026-08-12,EIRL,ACWX,2026-10-07,True,False,False,False,0.0307528330,,,,,,,,
PATH_RISK_V1_2026-08-12|2026-08-12|EIS,PATH_RISK_V1_2026-08-12,2026-08-12,EIS,ACWX,2026-10-07,True,False,False,False,0.0112952224,,,,,,,,
PATH_RISK_V1_2026-08-12|2026-08-12|EMXC,PATH_RISK_V1_2026-08-12,2026-08-12,EMXC,ACWX,2026-10-07,True,False,False,False,0.0455547025,,,,,,,,
PATH_RISK_V1_2026-08-12|2026-08-12|ENOR,PATH_RISK_V1_2026-08-12,2026-08-12,ENOR,ACWX,2026-10-07,True,False,False,False,0.0435188807,,,,,,,,
PATH_RISK_V1_2026-08-12|2026-08-12|ENZL,PATH_RISK_V1_2026-08-12,2026-08-12,ENZL,ACWX,2026-10-07,True,False,False,False,-0.0171335361,,,,,,,,
PATH_RISK_V1_2026-08-12|2026-08-12|EPHE,PATH_RISK_V1_2026-08-12,2026-08-12,EPHE,ACWX,2026-10-07,True,False,False,False,-0.0626981656,,,,,,,,
PATH_RISK_V1_2026-08-12|2026-08-12|EPOL,PATH_RISK_V1_2026-08-12,2026-08-12,EPOL,ACWX,2026-10-07,True,False,False,False,0.0281365425,,,,,,,,
PATH_RISK_V1_2026-08-12|2026-08-12|EPP,PATH_RISK_V1_2026-08-12,2026-08-12,EPP,ACWX,2026-10-07,True,False,False,False,-0.0084317695,,,,,,,,
PATH_RISK_V1_2026-08-12|2026-08-12|EPU,PATH_RISK_V1_2026-08-12,2026-08-12,EPU,ACWX,2026-10-07,True,False,False,False,0.0207623089,,,,,,,,
PATH_RISK_V1_2026-08-12|2026-08-12|EWA,PATH_RISK_V1_2026-08-12,2026-08-12,EWA,ACWX,2026-10-07,True,False,False,False,-0.0144044555,,,,,,,,
PATH_RISK_V1_2026-08-12|2026-08-12|EWC,PATH_RISK_V1_2026-08-12,2026-08-12,EWC,ACWX,2026-10-07,True,False,False,False,-0.0129171835,,,,,,,,
PATH_RISK_V1_2026-08-12|2026-08-12|EWD,PATH_RISK_V1_2026-08-12,2026-08-12,EWD,ACWX,2026-10-07,True,False,False,False,-0.0037016147,,,,,,,,
PATH_RISK_V1_2026-08-12|2026-08-12|EWG,PATH_RISK_V1_2026-08-12,2026-08-12,EWG,ACWX,2026-10-07,True,False,False,False,-0.0164696671,,,,,,,,
PATH_RISK_V1_2026-08-12|2026-08-12|EWH,PATH_RISK_V1_2026-08-12,2026-08-12,EWH,ACWX,2026-10-07,True,False,False,False,0.0096106685,,,,,,,,
PATH_RISK_V1_2026-08-12|2026-08-12|EWI,PATH_RISK_V1_2026-08-12,2026-08-12,EWI,ACWX,2026-10-07,True,False,False,False,-0.0129624154,,,,,,,,
PATH_RISK_V1_2026-08-12|2026-08-12|EWJ,PATH_RISK_V1_2026-08-12,2026-08-12,EWJ,ACWX,2026-10-07,True,False,False,False,0.0143974412,,,,,,,,
PATH_RISK_V1_2026-08-12|2026-08-12|EWL,PATH_RISK_V1_2026-08-12,2026-08-12,EWL,ACWX,2026-10-07,True,False,False,False,-0.0464997903,,,,,,,,
PATH_RISK_V1_2026-08-12|2026-08-12|EWM,PATH_RISK_V1_2026-08-12,2026-08-12,EWM,ACWX,2026-10-07,True,False,False,False,-0.0120341094,,,,,,,,
PATH_RISK_V1_2026-08-12|2026-08-12|EWN,PATH_RISK_V1_2026-08-12,2026-08-12,EWN,ACWX,2026-10-07,True,False,False,False,-0.0328740544,,,,,,,,
PATH_RISK_V1_2026-08-12|2026-08-12|EWO,PATH_RISK_V1_2026-08-12,2026-08-12,EWO,ACWX,2026-10-07,True,False,False,False,0.0158424672,,,,,,,,
PATH_RISK_V1_2026-08-12|2026-08-12|EWP,PATH_RISK_V1_2026-08-12,2026-08-12,EWP,ACWX,2026-10-07,True,False,False,False,-0.0041050854,,,,,,,,
PATH_RISK_V1_2026-08-12|2026-08-12|EWQ,PATH_RISK_V1_2026-08-12,2026-08-12,EWQ,ACWX,2026-10-07,True,False,False,False,-0.0481833095,,,,,,,,
PATH_RISK_V1_2026-08-12|2026-08-12|EWS,PATH_RISK_V1_2026-08-12,2026-08-12,EWS,ACWX,2026-10-07,True,False,False,False,0.0058741135,,,,,,,,
PATH_RISK_V1_2026-08-12|2026-08-12|EWT,PATH_RISK_V1_2026-08-12,2026-08-12,EWT,ACWX,2026-10-07,True,False,False,False,0.0513078556,,,,,,,,
PATH_RISK_V1_2026-08-12|2026-08-12|EWU,PATH_RISK_V1_2026-08-12,2026-08-12,EWU,ACWX,2026-10-07,True,False,False,False,-0.0024748552,,,,,,,,
PATH_RISK_V1_2026-08-12|2026-08-12|EWW,PATH_RISK_V1_2026-08-12,2026-08-12,EWW,ACWX,2026-10-07,True,False,False,False,-0.0077439915,,,,,,,,
PATH_RISK_V1_2026-08-12|2026-08-12|EWY,PATH_RISK_V1_2026-08-12,2026-08-12,EWY,ACWX,2026-10-07,True,False,False,False,0.0800107755,,,,,,,,
PATH_RISK_V1_2026-08-12|2026-08-12|EWZ,PATH_RISK_V1_2026-08-12,2026-08-12,EWZ,ACWX,2026-10-07,True,False,False,False,0.1351796316,,,,,,,,
PATH_RISK_V1_2026-08-12|2026-08-12|EXI,PATH_RISK_V1_2026-08-12,2026-08-12,EXI,ACWI,2026-10-07,True,False,False,False,-0.0472204588,,,,,,,,
PATH_RISK_V1_2026-08-12|2026-08-12|EZA,PATH_RISK_V1_2026-08-12,2026-08-12,EZA,ACWX,2026-10-07,True,False,False,False,0.0325437964,,,,,,,,
PATH_RISK_V1_2026-08-12|2026-08-12|FDN,PATH_RISK_V1_2026-08-12,2026-08-12,FDN,SPY,2026-10-07,True,False,False,False,0.0022989668,,,,,,,,
PATH_RISK_V1_2026-08-12|2026-08-12|FEZ,PATH_RISK_V1_2026-08-12,2026-08-12,FEZ,ACWX,2026-10-07,True,False,False,False,-0.0240520533,,,,,,,,
PATH_RISK_V1_2026-08-12|2026-08-12|GREK,PATH_RISK_V1_2026-08-12,2026-08-12,GREK,ACWX,2026-10-07,True,False,False,False,0.0729250100,,,,,,,,
PATH_RISK_V1_2026-08-12|2026-08-12|IGV,PATH_RISK_V1_2026-08-12,2026-08-12,IGV,SPY,2026-10-07,True,False,False,False,-0.0045673847,,,,,,,,
PATH_RISK_V1_2026-08-12|2026-08-12|IHF,PATH_RISK_V1_2026-08-12,2026-08-12,IHF,SPY,2026-10-07,True,False,False,False,0.0027606225,,,,,,,,
PATH_RISK_V1_2026-08-12|2026-08-12|IHI,PATH_RISK_V1_2026-08-12,2026-08-12,IHI,SPY,2026-10-07,True,False,False,False,-0.0829906299,,,,,,,,
PATH_RISK_V1_2026-08-12|2026-08-12|ILF,PATH_RISK_V1_2026-08-12,2026-08-12,ILF,ACWX,2026-10-07,True,False,False,False,0.0790705699,,,,,,,,
PATH_RISK_V1_2026-08-12|2026-08-12|INDA,PATH_RISK_V1_2026-08-12,2026-08-12,INDA,ACWX,2026-10-07,True,False,False,False,-0.0213339749,,,,,,,,
PATH_RISK_V1_2026-08-12|2026-08-12|ITA,PATH_RISK_V1_2026-08-12,2026-08-12,ITA,SPY,2026-10-07,True,False,False,False,-0.1202617281,,,,,,,,
PATH_RISK_V1_2026-08-12|2026-08-12|IWM,PATH_RISK_V1_2026-08-12,2026-08-12,IWM,ITOT,2026-10-07,True,False,False,False,-0.0316053358,,,,,,,,
PATH_RISK_V1_2026-08-12|2026-08-12|IXC,PATH_RISK_V1_2026-08-12,2026-08-12,IXC,ACWI,2026-10-07,True,False,False,False,0.0731198738,,,,,,,,
PATH_RISK_V1_2026-08-12|2026-08-12|IXG,PATH_RISK_V1_2026-08-12,2026-08-12,IXG,ACWI,2026-10-07,True,False,False,False,0.0081354564,,,,,,,,
PATH_RISK_V1_2026-08-12|2026-08-12|IXJ,PATH_RISK_V1_2026-08-12,2026-08-12,IXJ,ACWI,2026-10-07,True,False,False,False,-0.0151136069,,,,,,,,
PATH_RISK_V1_2026-08-12|2026-08-12|IXN,PATH_RISK_V1_2026-08-12,2026-08-12,IXN,ACWI,2026-10-07,True,False,False,False,0.0121399640,,,,,,,,
PATH_RISK_V1_2026-08-12|2026-08-12|IXP,PATH_RISK_V1_2026-08-12,2026-08-12,IXP,ACWI,2026-10-07,True,False,False,False,0.0450863670,,,,,,,,
PATH_RISK_V1_2026-08-12|2026-08-12|IYG,PATH_RISK_V1_2026-08-12,2026-08-12,IYG,SPY,2026-10-07,True,False,False,False,-0.0007495386,,,,,,,,
PATH_RISK_V1_2026-08-12|2026-08-12|IYT,PATH_RISK_V1_2026-08-12,2026-08-12,IYT,SPY,2026-10-07,True,False,False,False,-0.0451837203,,,,,,,,
PATH_RISK_V1_2026-08-12|2026-08-12|IYZ,PATH_RISK_V1_2026-08-12,2026-08-12,IYZ,SPY,2026-10-07,True,False,False,False,-0.0237970733,,,,,,,,
PATH_RISK_V1_2026-08-12|2026-08-12|JXI,PATH_RISK_V1_2026-08-12,2026-08-12,JXI,ACWI,2026-10-07,True,False,False,False,-0.0171318031,,,,,,,,
PATH_RISK_V1_2026-08-12|2026-08-12|KBE,PATH_RISK_V1_2026-08-12,2026-08-12,KBE,SPY,2026-10-07,True,False,False,False,-0.0316813040,,,,,,,,
PATH_RISK_V1_2026-08-12|2026-08-12|KIE,PATH_RISK_V1_2026-08-12,2026-08-12,KIE,SPY,2026-10-07,True,False,False,False,-0.0077318976,,,,,,,,
PATH_RISK_V1_2026-08-12|2026-08-12|KRE,PATH_RISK_V1_2026-08-12,2026-08-12,KRE,SPY,2026-10-07,True,False,False,False,-0.0347264211,,,,,,,,
PATH_RISK_V1_2026-08-12|2026-08-12|KSA,PATH_RISK_V1_2026-08-12,2026-08-12,KSA,ACWX,2026-10-07,True,False,False,False,0.0173863695,,,,,,,,
PATH_RISK_V1_2026-08-12|2026-08-12|KXI,PATH_RISK_V1_2026-08-12,2026-08-12,KXI,ACWI,2026-10-07,True,False,False,False,-0.0108066053,,,,,,,,
PATH_RISK_V1_2026-08-12|2026-08-12|MCHI,PATH_RISK_V1_2026-08-12,2026-08-12,MCHI,ACWX,2026-10-07,True,False,False,False,-0.0322661541,,,,,,,,
PATH_RISK_V1_2026-08-12|2026-08-12|MDY,PATH_RISK_V1_2026-08-12,2026-08-12,MDY,ITOT,2026-10-07,True,False,False,False,-0.0323852288,,,,,,,,
PATH_RISK_V1_2026-08-12|2026-08-12|MXI,PATH_RISK_V1_2026-08-12,2026-08-12,MXI,ACWI,2026-10-07,True,False,False,False,0.0030074078,,,,,,,,
PATH_RISK_V1_2026-08-12|2026-08-12|OIH,PATH_RISK_V1_2026-08-12,2026-08-12,OIH,SPY,2026-10-07,True,False,False,False,0.0289017381,,,,,,,,
PATH_RISK_V1_2026-08-12|2026-08-12|PAVE,PATH_RISK_V1_2026-08-12,2026-08-12,PAVE,SPY,2026-10-07,True,False,False,False,-0.0654775237,,,,,,,,
PATH_RISK_V1_2026-08-12|2026-08-12|PBJ,PATH_RISK_V1_2026-08-12,2026-08-12,PBJ,SPY,2026-10-07,True,False,False,False,0.0041102306,,,,,,,,
PATH_RISK_V1_2026-08-12|2026-08-12|PEJ,PATH_RISK_V1_2026-08-12,2026-08-12,PEJ,SPY,2026-10-07,True,False,False,False,-0.0690965250,,,,,,,,
PATH_RISK_V1_2026-08-12|2026-08-12|QAT,PATH_RISK_V1_2026-08-12,2026-08-12,QAT,ACWX,2026-10-07,True,False,False,False,-0.0132355154,,,,,,,,
PATH_RISK_V1_2026-08-12|2026-08-12|QQQ,PATH_RISK_V1_2026-08-12,2026-08-12,QQQ,SPY,2026-10-07,True,False,False,False,-0.0015892626,,,,,,,,
PATH_RISK_V1_2026-08-12|2026-08-12|REM,PATH_RISK_V1_2026-08-12,2026-08-12,REM,SPY,2026-10-07,True,False,False,False,-0.0439920401,,,,,,,,
PATH_RISK_V1_2026-08-12|2026-08-12|REZ,PATH_RISK_V1_2026-08-12,2026-08-12,REZ,SPY,2026-10-07,True,False,False,False,-0.0066398315,,,,,,,,
PATH_RISK_V1_2026-08-12|2026-08-12|RXI,PATH_RISK_V1_2026-08-12,2026-08-12,RXI,ACWI,2026-10-07,True,False,False,False,-0.0470232847,,,,,,,,
PATH_RISK_V1_2026-08-12|2026-08-12|SCZ,PATH_RISK_V1_2026-08-12,2026-08-12,SCZ,ACWX,2026-10-07,True,False,False,False,-0.0006088143,,,,,,,,
PATH_RISK_V1_2026-08-12|2026-08-12|SKYY,PATH_RISK_V1_2026-08-12,2026-08-12,SKYY,SPY,2026-10-07,True,False,False,False,-0.0147009508,,,,,,,,
PATH_RISK_V1_2026-08-12|2026-08-12|SMH,PATH_RISK_V1_2026-08-12,2026-08-12,SMH,SPY,2026-10-07,True,False,False,False,-0.0174414443,,,,,,,,
PATH_RISK_V1_2026-08-12|2026-08-12|THD,PATH_RISK_V1_2026-08-12,2026-08-12,THD,ACWX,2026-10-07,True,False,False,False,0.0187063147,,,,,,,,
PATH_RISK_V1_2026-08-12|2026-08-12|TUR,PATH_RISK_V1_2026-08-12,2026-08-12,TUR,ACWX,2026-10-07,True,False,False,False,0.0335638784,,,,,,,,
PATH_RISK_V1_2026-08-12|2026-08-12|UAE,PATH_RISK_V1_2026-08-12,2026-08-12,UAE,ACWX,2026-10-07,True,False,False,False,0.0192840060,,,,,,,,
PATH_RISK_V1_2026-08-12|2026-08-12|VEA,PATH_RISK_V1_2026-08-12,2026-08-12,VEA,ACWX,2026-10-07,True,False,False,False,-0.0019033765,,,,,,,,
PATH_RISK_V1_2026-08-12|2026-08-12|VGK,PATH_RISK_V1_2026-08-12,2026-08-12,VGK,ACWX,2026-10-07,True,False,False,False,-0.0178574613,,,,,,,,
PATH_RISK_V1_2026-08-12|2026-08-12|VNM,PATH_RISK_V1_2026-08-12,2026-08-12,VNM,ACWX,2026-10-07,True,False,False,False,-0.0104904720,,,,,,,,
PATH_RISK_V1_2026-08-12|2026-08-12|VNQ,PATH_RISK_V1_2026-08-12,2026-08-12,VNQ,SPY,2026-10-07,True,False,False,False,-0.0153416881,,,,,,,,
PATH_RISK_V1_2026-08-12|2026-08-12|VPL,PATH_RISK_V1_2026-08-12,2026-08-12,VPL,ACWX,2026-10-07,True,False,False,False,0.0278830881,,,,,,,,
PATH_RISK_V1_2026-08-12|2026-08-12|VSS,PATH_RISK_V1_2026-08-12,2026-08-12,VSS,ACWX,2026-10-07,True,False,False,False,-0.0005868379,,,,,,,,
PATH_RISK_V1_2026-08-12|2026-08-12|VWO,PATH_RISK_V1_2026-08-12,2026-08-12,VWO,ACWX,2026-10-07,True,False,False,False,0.0054728307,,,,,,,,
PATH_RISK_V1_2026-08-12|2026-08-12|XBI,PATH_RISK_V1_2026-08-12,2026-08-12,XBI,SPY,2026-10-07,True,False,False,False,-0.0094996311,,,,,,,,
PATH_RISK_V1_2026-08-12|2026-08-12|XHB,PATH_RISK_V1_2026-08-12,2026-08-12,XHB,SPY,2026-10-07,True,False,False,False,-0.0815286244,,,,,,,,
PATH_RISK_V1_2026-08-12|2026-08-12|XLB,PATH_RISK_V1_2026-08-12,2026-08-12,XLB,SPY,2026-10-07,True,False,False,False,-0.0206041244,,,,,,,,
PATH_RISK_V1_2026-08-12|2026-08-12|XLC,PATH_RISK_V1_2026-08-12,2026-08-12,XLC,SPY,2026-10-07,True,False,False,False,0.0320856020,,,,,,,,
PATH_RISK_V1_2026-08-12|2026-08-12|XLE,PATH_RISK_V1_2026-08-12,2026-08-12,XLE,SPY,2026-10-07,True,False,False,False,0.0787954641,,,,,,,,
PATH_RISK_V1_2026-08-12|2026-08-12|XLF,PATH_RISK_V1_2026-08-12,2026-08-12,XLF,SPY,2026-10-07,True,False,False,False,-0.0009628757,,,,,,,,
PATH_RISK_V1_2026-08-12|2026-08-12|XLI,PATH_RISK_V1_2026-08-12,2026-08-12,XLI,SPY,2026-10-07,True,False,False,False,-0.0627322493,,,,,,,,
PATH_RISK_V1_2026-08-12|2026-08-12|XLK,PATH_RISK_V1_2026-08-12,2026-08-12,XLK,SPY,2026-10-07,True,False,False,False,0.0043603387,,,,,,,,
PATH_RISK_V1_2026-08-12|2026-08-12|XLP,PATH_RISK_V1_2026-08-12,2026-08-12,XLP,SPY,2026-10-07,True,False,False,False,-0.0094667003,,,,,,,,
PATH_RISK_V1_2026-08-12|2026-08-12|XLRE,PATH_RISK_V1_2026-08-12,2026-08-12,XLRE,SPY,2026-10-07,True,False,False,False,-0.0135795019,,,,,,,,
PATH_RISK_V1_2026-08-12|2026-08-12|XLU,PATH_RISK_V1_2026-08-12,2026-08-12,XLU,SPY,2026-10-07,True,False,False,False,-0.0227007391,,,,,,,,
PATH_RISK_V1_2026-08-12|2026-08-12|XLV,PATH_RISK_V1_2026-08-12,2026-08-12,XLV,SPY,2026-10-07,True,False,False,False,-0.0077527786,,,,,,,,
PATH_RISK_V1_2026-08-12|2026-08-12|XLY,PATH_RISK_V1_2026-08-12,2026-08-12,XLY,SPY,2026-10-07,True,False,False,False,-0.0315384056,,,,,,,,
PATH_RISK_V1_2026-08-12|2026-08-12|XME,PATH_RISK_V1_2026-08-12,2026-08-12,XME,SPY,2026-10-07,True,False,False,False,-0.0166185327,,,,,,,,
PATH_RISK_V1_2026-08-12|2026-08-12|XOP,PATH_RISK_V1_2026-08-12,2026-08-12,XOP,SPY,2026-10-07,True,False,False,False,0.1077380646,,,,,,,,
PATH_RISK_V1_2026-08-12|2026-08-12|XPH,PATH_RISK_V1_2026-08-12,2026-08-12,XPH,SPY,2026-10-07,True,False,False,False,-0.0225710838,,,,,,,,
PATH_RISK_V1_2026-08-12|2026-08-12|XRT,PATH_RISK_V1_2026-08-12,2026-08-12,XRT,SPY,2026-10-07,True,False,False,False,-0.0346958033,,,,,,,,
PATH_RISK_V1_2026-08-12|2026-08-13|AFK,PATH_RISK_V1_2026-08-12,2026-08-13,AFK,ACWX,2026-10-07,True,False,False,False,0.0388898916,,,,,,,,
PATH_RISK_V1_2026-08-12|2026-08-13|ARGT,PATH_RISK_V1_2026-08-12,2026-08-13,ARGT,ACWX,2026-10-07,True,False,False,False,0.0709844436,,,,,,,,
PATH_RISK_V1_2026-08-12|2026-08-13|CIBR,PATH_RISK_V1_2026-08-12,2026-08-13,CIBR,SPY,2026-10-07,True,False,False,False,0.0008354683,,,,,,,,
PATH_RISK_V1_2026-08-12|2026-08-13|ECH,PATH_RISK_V1_2026-08-12,2026-08-13,ECH,ACWX,2026-10-07,True,False,False,False,-0.0004377422,,,,,,,,
PATH_RISK_V1_2026-08-12|2026-08-13|EEM,PATH_RISK_V1_2026-08-12,2026-08-13,EEM,ACWX,2026-10-07,True,False,False,False,0.0109321804,,,,,,,,
PATH_RISK_V1_2026-08-12|2026-08-13|EFA,PATH_RISK_V1_2026-08-12,2026-08-13,EFA,ACWX,2026-10-07,True,False,False,False,-0.0051885969,,,,,,,,
PATH_RISK_V1_2026-08-12|2026-08-13|EFNL,PATH_RISK_V1_2026-08-12,2026-08-13,EFNL,ACWX,2026-10-07,True,False,False,False,0.0111137902,,,,,,,,
PATH_RISK_V1_2026-08-12|2026-08-13|EIDO,PATH_RISK_V1_2026-08-12,2026-08-13,EIDO,ACWX,2026-10-07,True,False,False,False,0.0575171658,,,,,,,,
PATH_RISK_V1_2026-08-12|2026-08-13|EIRL,PATH_RISK_V1_2026-08-12,2026-08-13,EIRL,ACWX,2026-10-07,True,False,False,False,0.0243360997,,,,,,,,
PATH_RISK_V1_2026-08-12|2026-08-13|EIS,PATH_RISK_V1_2026-08-12,2026-08-13,EIS,ACWX,2026-10-07,True,False,False,False,0.0095226279,,,,,,,,
PATH_RISK_V1_2026-08-12|2026-08-13|EMXC,PATH_RISK_V1_2026-08-12,2026-08-13,EMXC,ACWX,2026-10-07,True,False,False,False,0.0184628481,,,,,,,,
PATH_RISK_V1_2026-08-12|2026-08-13|ENZL,PATH_RISK_V1_2026-08-12,2026-08-13,ENZL,ACWX,2026-10-07,True,False,False,False,-0.0184926493,,,,,,,,
PATH_RISK_V1_2026-08-12|2026-08-13|EPHE,PATH_RISK_V1_2026-08-12,2026-08-13,EPHE,ACWX,2026-10-07,True,False,False,False,-0.0393816543,,,,,,,,
PATH_RISK_V1_2026-08-12|2026-08-13|EPOL,PATH_RISK_V1_2026-08-12,2026-08-13,EPOL,ACWX,2026-10-07,True,False,False,False,0.0489224208,,,,,,,,
PATH_RISK_V1_2026-08-12|2026-08-13|EPP,PATH_RISK_V1_2026-08-12,2026-08-13,EPP,ACWX,2026-10-07,True,False,False,False,0.0084477308,,,,,,,,
PATH_RISK_V1_2026-08-12|2026-08-13|EWC,PATH_RISK_V1_2026-08-12,2026-08-13,EWC,ACWX,2026-10-07,True,False,False,False,-0.0048162275,,,,,,,,
PATH_RISK_V1_2026-08-12|2026-08-13|EWD,PATH_RISK_V1_2026-08-12,2026-08-13,EWD,ACWX,2026-10-07,True,False,False,False,-0.0021271426,,,,,,,,
PATH_RISK_V1_2026-08-12|2026-08-13|EWG,PATH_RISK_V1_2026-08-12,2026-08-13,EWG,ACWX,2026-10-07,True,False,False,False,-0.0075437187,,,,,,,,
PATH_RISK_V1_2026-08-12|2026-08-13|EWH,PATH_RISK_V1_2026-08-12,2026-08-13,EWH,ACWX,2026-10-07,True,False,False,False,0.0314906298,,,,,,,,
PATH_RISK_V1_2026-08-12|2026-08-13|EWI,PATH_RISK_V1_2026-08-12,2026-08-13,EWI,ACWX,2026-10-07,True,False,False,False,-0.0169106433,,,,,,,,
PATH_RISK_V1_2026-08-12|2026-08-13|EWJ,PATH_RISK_V1_2026-08-12,2026-08-13,EWJ,ACWX,2026-10-07,True,False,False,False,0.0122700269,,,,,,,,
PATH_RISK_V1_2026-08-12|2026-08-13|EWL,PATH_RISK_V1_2026-08-12,2026-08-13,EWL,ACWX,2026-10-07,True,False,False,False,-0.0299733700,,,,,,,,
PATH_RISK_V1_2026-08-12|2026-08-13|EWM,PATH_RISK_V1_2026-08-12,2026-08-13,EWM,ACWX,2026-10-07,True,False,False,False,0.0098946647,,,,,,,,
PATH_RISK_V1_2026-08-12|2026-08-13|EWO,PATH_RISK_V1_2026-08-12,2026-08-13,EWO,ACWX,2026-10-07,True,False,False,False,0.0045665387,,,,,,,,
PATH_RISK_V1_2026-08-12|2026-08-13|EWQ,PATH_RISK_V1_2026-08-12,2026-08-13,EWQ,ACWX,2026-10-07,True,False,False,False,-0.0401713777,,,,,,,,
PATH_RISK_V1_2026-08-12|2026-08-13|EWS,PATH_RISK_V1_2026-08-12,2026-08-13,EWS,ACWX,2026-10-07,True,False,False,False,0.0263843519,,,,,,,,
PATH_RISK_V1_2026-08-12|2026-08-13|EWT,PATH_RISK_V1_2026-08-12,2026-08-13,EWT,ACWX,2026-10-07,True,False,False,False,0.0187469583,,,,,,,,
PATH_RISK_V1_2026-08-12|2026-08-13|EWU,PATH_RISK_V1_2026-08-12,2026-08-13,EWU,ACWX,2026-10-07,True,False,False,False,0.0140943630,,,,,,,,
PATH_RISK_V1_2026-08-12|2026-08-13|EWY,PATH_RISK_V1_2026-08-12,2026-08-13,EWY,ACWX,2026-10-07,True,False,False,False,0.0077774209,,,,,,,,
PATH_RISK_V1_2026-08-12|2026-08-13|EWZ,PATH_RISK_V1_2026-08-12,2026-08-13,EWZ,ACWX,2026-10-07,True,False,False,False,0.1409855183,,,,,,,,
PATH_RISK_V1_2026-08-12|2026-08-13|EXI,PATH_RISK_V1_2026-08-12,2026-08-13,EXI,ACWI,2026-10-07,True,False,False,False,-0.0501664270,,,,,,,,
PATH_RISK_V1_2026-08-12|2026-08-13|FEZ,PATH_RISK_V1_2026-08-12,2026-08-13,FEZ,ACWX,2026-10-07,True,False,False,False,-0.0233050552,,,,,,,,
PATH_RISK_V1_2026-08-12|2026-08-13|GREK,PATH_RISK_V1_2026-08-12,2026-08-13,GREK,ACWX,2026-10-07,True,False,False,False,0.0708080176,,,,,,,,
PATH_RISK_V1_2026-08-12|2026-08-13|IGV,PATH_RISK_V1_2026-08-12,2026-08-13,IGV,SPY,2026-10-07,True,False,False,False,0.0258055859,,,,,,,,
PATH_RISK_V1_2026-08-12|2026-08-13|IHF,PATH_RISK_V1_2026-08-12,2026-08-13,IHF,SPY,2026-10-07,True,False,False,False,0.0349153320,,,,,,,,
PATH_RISK_V1_2026-08-12|2026-08-13|IHI,PATH_RISK_V1_2026-08-12,2026-08-13,IHI,SPY,2026-10-07,True,False,False,False,-0.0550937157,,,,,,,,
PATH_RISK_V1_2026-08-12|2026-08-13|ILF,PATH_RISK_V1_2026-08-12,2026-08-13,ILF,ACWX,2026-10-07,True,False,False,False,0.0866074307,,,,,,,,
PATH_RISK_V1_2026-08-12|2026-08-13|INDA,PATH_RISK_V1_2026-08-12,2026-08-13,INDA,ACWX,2026-10-07,True,False,False,False,-0.0101766045,,,,,,,,
PATH_RISK_V1_2026-08-12|2026-08-13|ITA,PATH_RISK_V1_2026-08-12,2026-08-13,ITA,SPY,2026-10-07,True,False,False,False,-0.1124465842,,,,,,,,
PATH_RISK_V1_2026-08-12|2026-08-13|IWM,PATH_RISK_V1_2026-08-12,2026-08-13,IWM,ITOT,2026-10-07,True,False,False,False,-0.0266779371,,,,,,,,
PATH_RISK_V1_2026-08-12|2026-08-13|IXC,PATH_RISK_V1_2026-08-12,2026-08-13,IXC,ACWI,2026-10-07,True,False,False,False,0.0825706025,,,,,,,,
PATH_RISK_V1_2026-08-12|2026-08-13|IXG,PATH_RISK_V1_2026-08-12,2026-08-13,IXG,ACWI,2026-10-07,True,False,False,False,0.0146430980,,,,,,,,
PATH_RISK_V1_2026-08-12|2026-08-13|IXJ,PATH_RISK_V1_2026-08-12,2026-08-13,IXJ,ACWI,2026-10-07,True,False,False,False,0.0142102459,,,,,,,,
PATH_RISK_V1_2026-08-12|2026-08-13|IXN,PATH_RISK_V1_2026-08-12,2026-08-13,IXN,ACWI,2026-10-07,True,False,False,False,-0.0121262789,,,,,,,,
PATH_RISK_V1_2026-08-12|2026-08-13|IYG,PATH_RISK_V1_2026-08-12,2026-08-13,IYG,SPY,2026-10-07,True,False,False,False,-0.0012778774,,,,,,,,
PATH_RISK_V1_2026-08-12|2026-08-13|IYT,PATH_RISK_V1_2026-08-12,2026-08-13,IYT,SPY,2026-10-07,True,False,False,False,-0.0414522617,,,,,,,,
PATH_RISK_V1_2026-08-12|2026-08-13|IYZ,PATH_RISK_V1_2026-08-12,2026-08-13,IYZ,SPY,2026-10-07,True,False,False,False,-0.0128222018,,,,,,,,
PATH_RISK_V1_2026-08-12|2026-08-13|KBE,PATH_RISK_V1_2026-08-12,2026-08-13,KBE,SPY,2026-10-07,True,False,False,False,-0.0244723978,,,,,,,,
PATH_RISK_V1_2026-08-12|2026-08-13|KIE,PATH_RISK_V1_2026-08-12,2026-08-13,KIE,SPY,2026-10-07,True,False,False,False,0.0135513812,,,,,,,,
PATH_RISK_V1_2026-08-12|2026-08-13|KRE,PATH_RISK_V1_2026-08-12,2026-08-13,KRE,SPY,2026-10-07,True,False,False,False,-0.0255200906,,,,,,,,
PATH_RISK_V1_2026-08-12|2026-08-13|KSA,PATH_RISK_V1_2026-08-12,2026-08-13,KSA,ACWX,2026-10-07,True,False,False,False,0.0193452509,,,,,,,,
PATH_RISK_V1_2026-08-12|2026-08-13|KXI,PATH_RISK_V1_2026-08-12,2026-08-13,KXI,ACWI,2026-10-07,True,False,False,False,0.0046373428,,,,,,,,
PATH_RISK_V1_2026-08-12|2026-08-13|MDY,PATH_RISK_V1_2026-08-12,2026-08-13,MDY,ITOT,2026-10-07,True,False,False,False,-0.0342487614,,,,,,,,
PATH_RISK_V1_2026-08-12|2026-08-13|OIH,PATH_RISK_V1_2026-08-12,2026-08-13,OIH,SPY,2026-10-07,True,False,False,False,0.0011522208,,,,,,,,
PATH_RISK_V1_2026-08-12|2026-08-13|PAVE,PATH_RISK_V1_2026-08-12,2026-08-13,PAVE,SPY,2026-10-07,True,False,False,False,-0.0704063605,,,,,,,,
PATH_RISK_V1_2026-08-12|2026-08-13|PEJ,PATH_RISK_V1_2026-08-12,2026-08-13,PEJ,SPY,2026-10-07,True,False,False,False,-0.0571876651,,,,,,,,
PATH_RISK_V1_2026-08-12|2026-08-13|QAT,PATH_RISK_V1_2026-08-12,2026-08-13,QAT,ACWX,2026-10-07,True,False,False,False,0.0023415729,,,,,,,,
PATH_RISK_V1_2026-08-12|2026-08-13|QQQ,PATH_RISK_V1_2026-08-12,2026-08-13,QQQ,SPY,2026-10-07,True,False,False,False,-0.0096235258,,,,,,,,
PATH_RISK_V1_2026-08-12|2026-08-13|REM,PATH_RISK_V1_2026-08-12,2026-08-13,REM,SPY,2026-10-07,True,False,False,False,-0.0451051788,,,,,,,,
PATH_RISK_V1_2026-08-12|2026-08-13|SCZ,PATH_RISK_V1_2026-08-12,2026-08-13,SCZ,ACWX,2026-10-07,True,False,False,False,0.0041273252,,,,,,,,
PATH_RISK_V1_2026-08-12|2026-08-13|SKYY,PATH_RISK_V1_2026-08-12,2026-08-13,SKYY,SPY,2026-10-07,True,False,False,False,-0.0148202627,,,,,,,,
PATH_RISK_V1_2026-08-12|2026-08-13|SMH,PATH_RISK_V1_2026-08-12,2026-08-13,SMH,SPY,2026-10-07,True,False,False,False,-0.0602958025,,,,,,,,
PATH_RISK_V1_2026-08-12|2026-08-13|THD,PATH_RISK_V1_2026-08-12,2026-08-13,THD,ACWX,2026-10-07,True,False,False,False,0.0262558310,,,,,,,,
PATH_RISK_V1_2026-08-12|2026-08-13|TUR,PATH_RISK_V1_2026-08-12,2026-08-13,TUR,ACWX,2026-10-07,True,False,False,False,0.0318811632,,,,,,,,
PATH_RISK_V1_2026-08-12|2026-08-13|UAE,PATH_RISK_V1_2026-08-12,2026-08-13,UAE,ACWX,2026-10-07,True,False,False,False,0.0454888769,,,,,,,,
PATH_RISK_V1_2026-08-12|2026-08-13|VEA,PATH_RISK_V1_2026-08-12,2026-08-13,VEA,ACWX,2026-10-07,True,False,False,False,-0.0037779997,,,,,,,,
PATH_RISK_V1_2026-08-12|2026-08-13|VNM,PATH_RISK_V1_2026-08-12,2026-08-13,VNM,ACWX,2026-10-07,True,False,False,False,0.0110077591,,,,,,,,
PATH_RISK_V1_2026-08-12|2026-08-13|VNQ,PATH_RISK_V1_2026-08-12,2026-08-13,VNQ,SPY,2026-10-07,True,False,False,False,-0.0217327952,,,,,,,,
PATH_RISK_V1_2026-08-12|2026-08-13|VPL,PATH_RISK_V1_2026-08-12,2026-08-13,VPL,ACWX,2026-10-07,True,False,False,False,0.0132590495,,,,,,,,
PATH_RISK_V1_2026-08-12|2026-08-13|VSS,PATH_RISK_V1_2026-08-12,2026-08-13,VSS,ACWX,2026-10-07,True,False,False,False,-0.0000914178,,,,,,,,
PATH_RISK_V1_2026-08-12|2026-08-13|VWO,PATH_RISK_V1_2026-08-12,2026-08-13,VWO,ACWX,2026-10-07,True,False,False,False,0.0091443958,,,,,,,,
PATH_RISK_V1_2026-08-12|2026-08-13|XBI,PATH_RISK_V1_2026-08-12,2026-08-13,XBI,SPY,2026-10-07,True,False,False,False,0.0271656446,,,,,,,,
PATH_RISK_V1_2026-08-12|2026-08-13|XHB,PATH_RISK_V1_2026-08-12,2026-08-13,XHB,SPY,2026-10-07,True,False,False,False,-0.0827571664,,,,,,,,
PATH_RISK_V1_2026-08-12|2026-08-13|XLB,PATH_RISK_V1_2026-08-12,2026-08-13,XLB,SPY,2026-10-07,True,False,False,False,-0.0132272788,,,,,,,,
PATH_RISK_V1_2026-08-12|2026-08-13|XLC,PATH_RISK_V1_2026-08-12,2026-08-13,XLC,SPY,2026-10-07,True,False,False,False,0.0452328911,,,,,,,,
PATH_RISK_V1_2026-08-12|2026-08-13|XLE,PATH_RISK_V1_2026-08-12,2026-08-13,XLE,SPY,2026-10-07,True,False,False,False,0.0804416553,,,,,,,,
PATH_RISK_V1_2026-08-12|2026-08-13|XLF,PATH_RISK_V1_2026-08-12,2026-08-13,XLF,SPY,2026-10-07,True,False,False,False,0.0007586707,,,,,,,,
PATH_RISK_V1_2026-08-12|2026-08-13|XLI,PATH_RISK_V1_2026-08-12,2026-08-13,XLI,SPY,2026-10-07,True,False,False,False,-0.0649298622,,,,,,,,
PATH_RISK_V1_2026-08-12|2026-08-13|XLK,PATH_RISK_V1_2026-08-12,2026-08-13,XLK,SPY,2026-10-07,True,False,False,False,-0.0124375039,,,,,,,,
PATH_RISK_V1_2026-08-12|2026-08-13|XLP,PATH_RISK_V1_2026-08-12,2026-08-13,XLP,SPY,2026-10-07,True,False,False,False,0.0035600241,,,,,,,,
PATH_RISK_V1_2026-08-12|2026-08-13|XLRE,PATH_RISK_V1_2026-08-12,2026-08-13,XLRE,SPY,2026-10-07,True,False,False,False,-0.0229740037,,,,,,,,
PATH_RISK_V1_2026-08-12|2026-08-13|XLU,PATH_RISK_V1_2026-08-12,2026-08-13,XLU,SPY,2026-10-07,True,False,False,False,-0.0291924541,,,,,,,,
PATH_RISK_V1_2026-08-12|2026-08-13|XLV,PATH_RISK_V1_2026-08-12,2026-08-13,XLV,SPY,2026-10-07,True,False,False,False,0.0185174273,,,,,,,,
PATH_RISK_V1_2026-08-12|2026-08-13|XLY,PATH_RISK_V1_2026-08-12,2026-08-13,XLY,SPY,2026-10-07,True,False,False,False,-0.0259910036,,,,,,,,
PATH_RISK_V1_2026-08-12|2026-08-13|XME,PATH_RISK_V1_2026-08-12,2026-08-13,XME,SPY,2026-10-07,True,False,False,False,-0.0228898366,,,,,,,,
PATH_RISK_V1_2026-08-12|2026-08-13|XOP,PATH_RISK_V1_2026-08-12,2026-08-13,XOP,SPY,2026-10-07,True,False,False,False,0.1039383252,,,,,,,,
PATH_RISK_V1_2026-08-12|2026-08-13|XPH,PATH_RISK_V1_2026-08-12,2026-08-13,XPH,SPY,2026-10-07,True,False,False,False,-0.0080442650,,,,,,,,
PATH_RISK_V1_2026-08-12|2026-08-13|XRT,PATH_RISK_V1_2026-08-12,2026-08-13,XRT,SPY,2026-10-07,True,False,False,False,-0.0208227511,,,,,,,,
PATH_RISK_V1_2026-08-12|2026-08-14|AAXJ,PATH_RISK_V1_2026-08-12,2026-08-14,AAXJ,ACWX,2026-10-07,True,False,False,False,0.0083703553,,,,,,,,
PATH_RISK_V1_2026-08-12|2026-08-14|AFK,PATH_RISK_V1_2026-08-12,2026-08-14,AFK,ACWX,2026-10-07,True,False,False,False,0.0527411069,,,,,,,,
PATH_RISK_V1_2026-08-12|2026-08-14|ARGT,PATH_RISK_V1_2026-08-12,2026-08-14,ARGT,ACWX,2026-10-07,True,False,False,False,0.0653453156,,,,,,,,
PATH_RISK_V1_2026-08-12|2026-08-14|ASEA,PATH_RISK_V1_2026-08-12,2026-08-14,ASEA,ACWX,2026-10-07,True,False,False,False,0.0169479804,,,,,,,,
PATH_RISK_V1_2026-08-12|2026-08-14|CIBR,PATH_RISK_V1_2026-08-12,2026-08-14,CIBR,SPY,2026-10-07,True,False,False,False,0.0394281156,,,,,,,,
PATH_RISK_V1_2026-08-12|2026-08-14|ECH,PATH_RISK_V1_2026-08-12,2026-08-14,ECH,ACWX,2026-10-07,True,False,False,False,-0.0047180520,,,,,,,,
PATH_RISK_V1_2026-08-12|2026-08-14|EEM,PATH_RISK_V1_2026-08-12,2026-08-14,EEM,ACWX,2026-10-07,True,False,False,False,0.0124630187,,,,,,,,
PATH_RISK_V1_2026-08-12|2026-08-14|EFA,PATH_RISK_V1_2026-08-12,2026-08-14,EFA,ACWX,2026-10-07,True,False,False,False,-0.0050353346,,,,,,,,
PATH_RISK_V1_2026-08-12|2026-08-14|EIDO,PATH_RISK_V1_2026-08-12,2026-08-14,EIDO,ACWX,2026-10-07,True,False,False,False,0.0410145292,,,,,,,,
PATH_RISK_V1_2026-08-12|2026-08-14|EIRL,PATH_RISK_V1_2026-08-12,2026-08-14,EIRL,ACWX,2026-10-07,True,False,False,False,0.0246848622,,,,,,,,
PATH_RISK_V1_2026-08-12|2026-08-14|EIS,PATH_RISK_V1_2026-08-12,2026-08-14,EIS,ACWX,2026-10-07,True,False,False,False,0.0085245676,,,,,,,,
PATH_RISK_V1_2026-08-12|2026-08-14|ENZL,PATH_RISK_V1_2026-08-12,2026-08-14,ENZL,ACWX,2026-10-07,True,False,False,False,-0.0264425234,,,,,,,,
PATH_RISK_V1_2026-08-12|2026-08-14|EPHE,PATH_RISK_V1_2026-08-12,2026-08-14,EPHE,ACWX,2026-10-07,True,False,False,False,-0.0436736917,,,,,,,,
PATH_RISK_V1_2026-08-12|2026-08-14|EPOL,PATH_RISK_V1_2026-08-12,2026-08-14,EPOL,ACWX,2026-10-07,True,False,False,False,0.0350094031,,,,,,,,
PATH_RISK_V1_2026-08-12|2026-08-14|EPP,PATH_RISK_V1_2026-08-12,2026-08-14,EPP,ACWX,2026-10-07,True,False,False,False,0.0054164109,,,,,,,,
PATH_RISK_V1_2026-08-12|2026-08-14|EPU,PATH_RISK_V1_2026-08-12,2026-08-14,EPU,ACWX,2026-10-07,True,False,False,False,0.0235840677,,,,,,,,
PATH_RISK_V1_2026-08-12|2026-08-14|EWA,PATH_RISK_V1_2026-08-12,2026-08-14,EWA,ACWX,2026-10-07,True,False,False,False,-0.0007374287,,,,,,,,
PATH_RISK_V1_2026-08-12|2026-08-14|EWC,PATH_RISK_V1_2026-08-12,2026-08-14,EWC,ACWX,2026-10-07,True,False,False,False,-0.0064212795,,,,,,,,
PATH_RISK_V1_2026-08-12|2026-08-14|EWD,PATH_RISK_V1_2026-08-12,2026-08-14,EWD,ACWX,2026-10-07,True,False,False,False,-0.0064380005,,,,,,,,
PATH_RISK_V1_2026-08-12|2026-08-14|EWG,PATH_RISK_V1_2026-08-12,2026-08-14,EWG,ACWX,2026-10-07,True,False,False,False,-0.0123044449,,,,,,,,
PATH_RISK_V1_2026-08-12|2026-08-14|EWH,PATH_RISK_V1_2026-08-12,2026-08-14,EWH,ACWX,2026-10-07,True,False,False,False,0.0292142022,,,,,,,,
PATH_RISK_V1_2026-08-12|2026-08-14|EWI,PATH_RISK_V1_2026-08-12,2026-08-14,EWI,ACWX,2026-10-07,True,False,False,False,-0.0152970492,,,,,,,,
PATH_RISK_V1_2026-08-12|2026-08-14|EWJ,PATH_RISK_V1_2026-08-12,2026-08-14,EWJ,ACWX,2026-10-07,True,False,False,False,0.0120791580,,,,,,,,
PATH_RISK_V1_2026-08-12|2026-08-14|EWL,PATH_RISK_V1_2026-08-12,2026-08-14,EWL,ACWX,2026-10-07,True,False,False,False,-0.0234016002,,,,,,,,
PATH_RISK_V1_2026-08-12|2026-08-14|EWM,PATH_RISK_V1_2026-08-12,2026-08-14,EWM,ACWX,2026-10-07,True,False,False,False,0.0090677997,,,,,,,,
PATH_RISK_V1_2026-08-12|2026-08-14|EWN,PATH_RISK_V1_2026-08-12,2026-08-14,EWN,ACWX,2026-10-07,True,False,False,False,-0.0504963035,,,,,,,,
PATH_RISK_V1_2026-08-12|2026-08-14|EWO,PATH_RISK_V1_2026-08-12,2026-08-14,EWO,ACWX,2026-10-07,True,False,False,False,0.0016998217,,,,,,,,
PATH_RISK_V1_2026-08-12|2026-08-14|EWP,PATH_RISK_V1_2026-08-12,2026-08-14,EWP,ACWX,2026-10-07,True,False,False,False,-0.0030055990,,,,,,,,
PATH_RISK_V1_2026-08-12|2026-08-14|EWQ,PATH_RISK_V1_2026-08-12,2026-08-14,EWQ,ACWX,2026-10-07,True,False,False,False,-0.0431513670,,,,,,,,
PATH_RISK_V1_2026-08-12|2026-08-14|EWS,PATH_RISK_V1_2026-08-12,2026-08-14,EWS,ACWX,2026-10-07,True,False,False,False,0.0088025183,,,,,,,,
PATH_RISK_V1_2026-08-12|2026-08-14|EWT,PATH_RISK_V1_2026-08-12,2026-08-14,EWT,ACWX,2026-10-07,True,False,False,False,0.0217185440,,,,,,,,
PATH_RISK_V1_2026-08-12|2026-08-14|EWU,PATH_RISK_V1_2026-08-12,2026-08-14,EWU,ACWX,2026-10-07,True,False,False,False,0.0157746717,,,,,,,,
PATH_RISK_V1_2026-08-12|2026-08-14|EWW,PATH_RISK_V1_2026-08-12,2026-08-14,EWW,ACWX,2026-10-07,True,False,False,False,0.0121511154,,,,,,,,
PATH_RISK_V1_2026-08-12|2026-08-14|EWY,PATH_RISK_V1_2026-08-12,2026-08-14,EWY,ACWX,2026-10-07,True,False,False,False,0.0070062303,,,,,,,,
PATH_RISK_V1_2026-08-12|2026-08-14|EWZ,PATH_RISK_V1_2026-08-12,2026-08-14,EWZ,ACWX,2026-10-07,True,False,False,False,0.1419178823,,,,,,,,
PATH_RISK_V1_2026-08-12|2026-08-14|EXI,PATH_RISK_V1_2026-08-12,2026-08-14,EXI,ACWI,2026-10-07,True,False,False,False,-0.0531042418,,,,,,,,
PATH_RISK_V1_2026-08-12|2026-08-14|EZA,PATH_RISK_V1_2026-08-12,2026-08-14,EZA,ACWX,2026-10-07,True,False,False,False,0.0466592223,,,,,,,,
PATH_RISK_V1_2026-08-12|2026-08-14|FDN,PATH_RISK_V1_2026-08-12,2026-08-14,FDN,SPY,2026-10-07,True,False,False,False,0.0198137551,,,,,,,,
PATH_RISK_V1_2026-08-12|2026-08-14|FEZ,PATH_RISK_V1_2026-08-12,2026-08-14,FEZ,ACWX,2026-10-07,True,False,False,False,-0.0239496001,,,,,,,,
PATH_RISK_V1_2026-08-12|2026-08-14|GREK,PATH_RISK_V1_2026-08-12,2026-08-14,GREK,ACWX,2026-10-07,True,False,False,False,0.0654083403,,,,,,,,
PATH_RISK_V1_2026-08-12|2026-08-14|IGV,PATH_RISK_V1_2026-08-12,2026-08-14,IGV,SPY,2026-10-07,True,False,False,False,0.0394972949,,,,,,,,
PATH_RISK_V1_2026-08-12|2026-08-14|IHF,PATH_RISK_V1_2026-08-12,2026-08-14,IHF,SPY,2026-10-07,True,False,False,False,0.0257557663,,,,,,,,
PATH_RISK_V1_2026-08-12|2026-08-14|IHI,PATH_RISK_V1_2026-08-12,2026-08-14,IHI,SPY,2026-10-07,True,False,False,False,-0.0466540441,,,,,,,,
PATH_RISK_V1_2026-08-12|2026-08-14|ILF,PATH_RISK_V1_2026-08-12,2026-08-14,ILF,ACWX,2026-10-07,True,False,False,False,0.0838475191,,,,,,,,
PATH_RISK_V1_2026-08-12|2026-08-14|ITA,PATH_RISK_V1_2026-08-12,2026-08-14,ITA,SPY,2026-10-07,True,False,False,False,-0.1327359936,,,,,,,,
PATH_RISK_V1_2026-08-12|2026-08-14|IWM,PATH_RISK_V1_2026-08-12,2026-08-14,IWM,ITOT,2026-10-07,True,False,False,False,-0.0355091509,,,,,,,,
PATH_RISK_V1_2026-08-12|2026-08-14|IXC,PATH_RISK_V1_2026-08-12,2026-08-14,IXC,ACWI,2026-10-07,True,False,False,False,0.0968266238,,,,,,,,
PATH_RISK_V1_2026-08-12|2026-08-14|IXG,PATH_RISK_V1_2026-08-12,2026-08-14,IXG,ACWI,2026-10-07,True,False,False,False,0.0115747344,,,,,,,,
PATH_RISK_V1_2026-08-12|2026-08-14|IXJ,PATH_RISK_V1_2026-08-12,2026-08-14,IXJ,ACWI,2026-10-07,True,False,False,False,0.0233490453,,,,,,,,
PATH_RISK_V1_2026-08-12|2026-08-14|IXN,PATH_RISK_V1_2026-08-12,2026-08-14,IXN,ACWI,2026-10-07,True,False,False,False,-0.0067838688,,,,,,,,
PATH_RISK_V1_2026-08-12|2026-08-14|IXP,PATH_RISK_V1_2026-08-12,2026-08-14,IXP,ACWI,2026-10-07,True,False,False,False,0.0549173193,,,,,,,,
PATH_RISK_V1_2026-08-12|2026-08-14|IYG,PATH_RISK_V1_2026-08-12,2026-08-14,IYG,SPY,2026-10-07,True,False,False,False,-0.0006820166,,,,,,,,
PATH_RISK_V1_2026-08-12|2026-08-14|IYT,PATH_RISK_V1_2026-08-12,2026-08-14,IYT,SPY,2026-10-07,True,False,False,False,-0.0386970304,,,,,,,,
PATH_RISK_V1_2026-08-12|2026-08-14|IYZ,PATH_RISK_V1_2026-08-12,2026-08-14,IYZ,SPY,2026-10-07,True,False,False,False,-0.0056659970,,,,,,,,
PATH_RISK_V1_2026-08-12|2026-08-14|JXI,PATH_RISK_V1_2026-08-12,2026-08-14,JXI,ACWI,2026-10-07,True,False,False,False,-0.0233313960,,,,,,,,
PATH_RISK_V1_2026-08-12|2026-08-14|KBE,PATH_RISK_V1_2026-08-12,2026-08-14,KBE,SPY,2026-10-07,True,False,False,False,-0.0281830353,,,,,,,,
PATH_RISK_V1_2026-08-12|2026-08-14|KIE,PATH_RISK_V1_2026-08-12,2026-08-14,KIE,SPY,2026-10-07,True,False,False,False,0.0069925593,,,,,,,,
PATH_RISK_V1_2026-08-12|2026-08-14|KRE,PATH_RISK_V1_2026-08-12,2026-08-14,KRE,SPY,2026-10-07,True,False,False,False,-0.0260138048,,,,,,,,
PATH_RISK_V1_2026-08-12|2026-08-14|KXI,PATH_RISK_V1_2026-08-12,2026-08-14,KXI,ACWI,2026-10-07,True,False,False,False,-0.0004505920,,,,,,,,
PATH_RISK_V1_2026-08-12|2026-08-14|MCHI,PATH_RISK_V1_2026-08-12,2026-08-14,MCHI,ACWX,2026-10-07,True,False,False,False,-0.0067390887,,,,,,,,
PATH_RISK_V1_2026-08-12|2026-08-14|MDY,PATH_RISK_V1_2026-08-12,2026-08-14,MDY,ITOT,2026-10-07,True,False,False,False,-0.0382812721,,,,,,,,
PATH_RISK_V1_2026-08-12|2026-08-14|MXI,PATH_RISK_V1_2026-08-12,2026-08-14,MXI,ACWI,2026-10-07,True,False,False,False,0.0156224342,,,,,,,,
PATH_RISK_V1_2026-08-12|2026-08-14|OIH,PATH_RISK_V1_2026-08-12,2026-08-14,OIH,SPY,2026-10-07,True,False,False,False,0.0011299163,,,,,,,,
PATH_RISK_V1_2026-08-12|2026-08-14|PBJ,PATH_RISK_V1_2026-08-12,2026-08-14,PBJ,SPY,2026-10-07,True,False,False,False,0.0043233645,,,,,,,,
PATH_RISK_V1_2026-08-12|2026-08-14|PEJ,PATH_RISK_V1_2026-08-12,2026-08-14,PEJ,SPY,2026-10-07,True,False,False,False,-0.0722043554,,,,,,,,
PATH_RISK_V1_2026-08-12|2026-08-14|QQQ,PATH_RISK_V1_2026-08-12,2026-08-14,QQQ,SPY,2026-10-07,True,False,False,False,-0.0121771611,,,,,,,,
PATH_RISK_V1_2026-08-12|2026-08-14|REM,PATH_RISK_V1_2026-08-12,2026-08-14,REM,SPY,2026-10-07,True,False,False,False,-0.0551871005,,,,,,,,
PATH_RISK_V1_2026-08-12|2026-08-14|REZ,PATH_RISK_V1_2026-08-12,2026-08-14,REZ,SPY,2026-10-07,True,False,False,False,-0.0108310793,,,,,,,,
PATH_RISK_V1_2026-08-12|2026-08-14|RXI,PATH_RISK_V1_2026-08-12,2026-08-14,RXI,ACWI,2026-10-07,True,False,False,False,-0.0448847646,,,,,,,,
PATH_RISK_V1_2026-08-12|2026-08-14|SCZ,PATH_RISK_V1_2026-08-12,2026-08-14,SCZ,ACWX,2026-10-07,True,False,False,False,0.0013058013,,,,,,,,
PATH_RISK_V1_2026-08-12|2026-08-14|SKYY,PATH_RISK_V1_2026-08-12,2026-08-14,SKYY,SPY,2026-10-07,True,False,False,False,0.0066077272,,,,,,,,
PATH_RISK_V1_2026-08-12|2026-08-14|SMH,PATH_RISK_V1_2026-08-12,2026-08-14,SMH,SPY,2026-10-07,True,False,False,False,-0.0546873962,,,,,,,,
PATH_RISK_V1_2026-08-12|2026-08-14|THD,PATH_RISK_V1_2026-08-12,2026-08-14,THD,ACWX,2026-10-07,True,False,False,False,0.0194940315,,,,,,,,
PATH_RISK_V1_2026-08-12|2026-08-14|TUR,PATH_RISK_V1_2026-08-12,2026-08-14,TUR,ACWX,2026-10-07,True,False,False,False,0.0035313138,,,,,,,,
PATH_RISK_V1_2026-08-12|2026-08-14|VEA,PATH_RISK_V1_2026-08-12,2026-08-14,VEA,ACWX,2026-10-07,True,False,False,False,-0.0030228185,,,,,,,,
PATH_RISK_V1_2026-08-12|2026-08-14|VGK,PATH_RISK_V1_2026-08-12,2026-08-14,VGK,ACWX,2026-10-07,True,False,False,False,-0.0123101407,,,,,,,,
PATH_RISK_V1_2026-08-12|2026-08-14|VNM,PATH_RISK_V1_2026-08-12,2026-08-14,VNM,ACWX,2026-10-07,True,False,False,False,0.0404908829,,,,,,,,
PATH_RISK_V1_2026-08-12|2026-08-14|VNQ,PATH_RISK_V1_2026-08-12,2026-08-14,VNQ,SPY,2026-10-07,True,False,False,False,-0.0240372934,,,,,,,,
PATH_RISK_V1_2026-08-12|2026-08-14|VPL,PATH_RISK_V1_2026-08-12,2026-08-14,VPL,ACWX,2026-10-07,True,False,False,False,0.0143585812,,,,,,,,
PATH_RISK_V1_2026-08-12|2026-08-14|VSS,PATH_RISK_V1_2026-08-12,2026-08-14,VSS,ACWX,2026-10-07,True,False,False,False,-0.0010603435,,,,,,,,
PATH_RISK_V1_2026-08-12|2026-08-14|VWO,PATH_RISK_V1_2026-08-12,2026-08-14,VWO,ACWX,2026-10-07,True,False,False,False,0.0103654102,,,,,,,,
PATH_RISK_V1_2026-08-12|2026-08-14|XBI,PATH_RISK_V1_2026-08-12,2026-08-14,XBI,SPY,2026-10-07,True,False,False,False,0.0030102890,,,,,,,,
PATH_RISK_V1_2026-08-12|2026-08-14|XHB,PATH_RISK_V1_2026-08-12,2026-08-14,XHB,SPY,2026-10-07,True,False,False,False,-0.0808477677,,,,,,,,
PATH_RISK_V1_2026-08-12|2026-08-14|XLB,PATH_RISK_V1_2026-08-12,2026-08-14,XLB,SPY,2026-10-07,True,False,False,False,-0.0102917968,,,,,,,,
PATH_RISK_V1_2026-08-12|2026-08-14|XLE,PATH_RISK_V1_2026-08-12,2026-08-14,XLE,SPY,2026-10-07,True,False,False,False,0.0915778212,,,,,,,,
PATH_RISK_V1_2026-08-12|2026-08-14|XLF,PATH_RISK_V1_2026-08-12,2026-08-14,XLF,SPY,2026-10-07,True,False,False,False,0.0019325113,,,,,,,,
PATH_RISK_V1_2026-08-12|2026-08-14|XLI,PATH_RISK_V1_2026-08-12,2026-08-14,XLI,SPY,2026-10-07,True,False,False,False,-0.0720354890,,,,,,,,
PATH_RISK_V1_2026-08-12|2026-08-14|XLK,PATH_RISK_V1_2026-08-12,2026-08-14,XLK,SPY,2026-10-07,True,False,False,False,-0.0088036679,,,,,,,,
PATH_RISK_V1_2026-08-12|2026-08-14|XLP,PATH_RISK_V1_2026-08-12,2026-08-14,XLP,SPY,2026-10-07,True,False,False,False,-0.0030788238,,,,,,,,
PATH_RISK_V1_2026-08-12|2026-08-14|XLU,PATH_RISK_V1_2026-08-12,2026-08-14,XLU,SPY,2026-10-07,True,False,False,False,-0.0441473681,,,,,,,,
PATH_RISK_V1_2026-08-12|2026-08-14|XLV,PATH_RISK_V1_2026-08-12,2026-08-14,XLV,SPY,2026-10-07,True,False,False,False,0.0267962923,,,,,,,,
PATH_RISK_V1_2026-08-12|2026-08-14|XLY,PATH_RISK_V1_2026-08-12,2026-08-14,XLY,SPY,2026-10-07,True,False,False,False,-0.0384582820,,,,,,,,
PATH_RISK_V1_2026-08-12|2026-08-14|XME,PATH_RISK_V1_2026-08-12,2026-08-14,XME,SPY,2026-10-07,True,False,False,False,-0.0423577781,,,,,,,,
PATH_RISK_V1_2026-08-12|2026-08-14|XOP,PATH_RISK_V1_2026-08-12,2026-08-14,XOP,SPY,2026-10-07,True,False,False,False,0.1341155432,,,,,,,,
PATH_RISK_V1_2026-08-12|2026-08-14|XPH,PATH_RISK_V1_2026-08-12,2026-08-14,XPH,SPY,2026-10-07,True,False,False,False,-0.0354875085,,,,,,,,
PATH_RISK_V1_2026-08-12|2026-08-14|XRT,PATH_RISK_V1_2026-08-12,2026-08-14,XRT,SPY,2026-10-07,True,False,False,False,-0.0410097471,,,,,,,,
PATH_RISK_V1_2026-08-12|2026-08-17|AAXJ,PATH_RISK_V1_2026-08-12,2026-08-17,AAXJ,ACWX,2026-10-07,True,False,False,False,0.0024695228,,,,,,,,
PATH_RISK_V1_2026-08-12|2026-08-17|ARGT,PATH_RISK_V1_2026-08-12,2026-08-17,ARGT,ACWX,2026-10-07,True,False,False,False,0.0543046499,,,,,,,,
PATH_RISK_V1_2026-08-12|2026-08-17|ASEA,PATH_RISK_V1_2026-08-12,2026-08-17,ASEA,ACWX,2026-10-07,True,False,False,False,0.0025423685,,,,,,,,
PATH_RISK_V1_2026-08-12|2026-08-17|CIBR,PATH_RISK_V1_2026-08-12,2026-08-17,CIBR,SPY,2026-10-07,True,False,False,False,0.0509944110,,,,,,,,
PATH_RISK_V1_2026-08-12|2026-08-17|ECH,PATH_RISK_V1_2026-08-12,2026-08-17,ECH,ACWX,2026-10-07,True,False,False,False,-0.0087943477,,,,,,,,
PATH_RISK_V1_2026-08-12|2026-08-17|EDEN,PATH_RISK_V1_2026-08-12,2026-08-17,EDEN,ACWX,2026-10-07,True,False,False,False,-0.0078743868,,,,,,,,
PATH_RISK_V1_2026-08-12|2026-08-17|EEM,PATH_RISK_V1_2026-08-12,2026-08-17,EEM,ACWX,2026-10-07,True,False,False,False,0.0066515985,,,,,,,,
PATH_RISK_V1_2026-08-12|2026-08-17|EFA,PATH_RISK_V1_2026-08-12,2026-08-17,EFA,ACWX,2026-10-07,True,False,False,False,-0.0014537371,,,,,,,,
PATH_RISK_V1_2026-08-12|2026-08-17|EFNL,PATH_RISK_V1_2026-08-12,2026-08-17,EFNL,ACWX,2026-10-07,True,False,False,False,0.0334384354,,,,,,,,
PATH_RISK_V1_2026-08-12|2026-08-17|EIDO,PATH_RISK_V1_2026-08-12,2026-08-17,EIDO,ACWX,2026-10-07,True,False,False,False,0.0319776101,,,,,,,,
PATH_RISK_V1_2026-08-12|2026-08-17|EIRL,PATH_RISK_V1_2026-08-12,2026-08-17,EIRL,ACWX,2026-10-07,True,False,False,False,0.0337678601,,,,,,,,
PATH_RISK_V1_2026-08-12|2026-08-17|EMXC,PATH_RISK_V1_2026-08-12,2026-08-17,EMXC,ACWX,2026-10-07,True,False,False,False,0.0189908799,,,,,,,,
PATH_RISK_V1_2026-08-12|2026-08-17|ENZL,PATH_RISK_V1_2026-08-12,2026-08-17,ENZL,ACWX,2026-10-07,True,False,False,False,-0.0167660192,,,,,,,,
PATH_RISK_V1_2026-08-12|2026-08-17|EPHE,PATH_RISK_V1_2026-08-12,2026-08-17,EPHE,ACWX,2026-10-07,True,False,False,False,-0.0494380581,,,,,,,,
PATH_RISK_V1_2026-08-12|2026-08-17|EPOL,PATH_RISK_V1_2026-08-12,2026-08-17,EPOL,ACWX,2026-10-07,True,False,False,False,0.0360851263,,,,,,,,
PATH_RISK_V1_2026-08-12|2026-08-17|EPP,PATH_RISK_V1_2026-08-12,2026-08-17,EPP,ACWX,2026-10-07,True,False,False,False,-0.0012057003,,,,,,,,
PATH_RISK_V1_2026-08-12|2026-08-17|EPU,PATH_RISK_V1_2026-08-12,2026-08-17,EPU,ACWX,2026-10-07,True,False,False,False,0.0320840821,,,,,,,,
PATH_RISK_V1_2026-08-12|2026-08-17|EWA,PATH_RISK_V1_2026-08-12,2026-08-17,EWA,ACWX,2026-10-07,True,False,False,False,-0.0058298663,,,,,,,,
PATH_RISK_V1_2026-08-12|2026-08-17|EWC,PATH_RISK_V1_2026-08-12,2026-08-17,EWC,ACWX,2026-10-07,True,False,False,False,-0.0073143692,,,,,,,,
PATH_RISK_V1_2026-08-12|2026-08-17|EWD,PATH_RISK_V1_2026-08-12,2026-08-17,EWD,ACWX,2026-10-07,True,False,False,False,0.0032528425,,,,,,,,
PATH_RISK_V1_2026-08-12|2026-08-17|EWG,PATH_RISK_V1_2026-08-12,2026-08-17,EWG,ACWX,2026-10-07,True,False,False,False,-0.0047295925,,,,,,,,
PATH_RISK_V1_2026-08-12|2026-08-17|EWH,PATH_RISK_V1_2026-08-12,2026-08-17,EWH,ACWX,2026-10-07,True,False,False,False,0.0215308435,,,,,,,,
PATH_RISK_V1_2026-08-12|2026-08-17|EWI,PATH_RISK_V1_2026-08-12,2026-08-17,EWI,ACWX,2026-10-07,True,False,False,False,-0.0095444554,,,,,,,,
PATH_RISK_V1_2026-08-12|2026-08-17|EWJ,PATH_RISK_V1_2026-08-12,2026-08-17,EWJ,ACWX,2026-10-07,True,False,False,False,0.0189748495,,,,,,,,
PATH_RISK_V1_2026-08-12|2026-08-17|EWL,PATH_RISK_V1_2026-08-12,2026-08-17,EWL,ACWX,2026-10-07,True,False,False,False,-0.0158755136,,,,,,,,
PATH_RISK_V1_2026-08-12|2026-08-17|EWM,PATH_RISK_V1_2026-08-12,2026-08-17,EWM,ACWX,2026-10-07,True,False,False,False,0.0073152049,,,,,,,,
PATH_RISK_V1_2026-08-12|2026-08-17|EWN,PATH_RISK_V1_2026-08-12,2026-08-17,EWN,ACWX,2026-10-07,True,False,False,False,-0.0448436520,,,,,,,,
PATH_RISK_V1_2026-08-12|2026-08-17|EWP,PATH_RISK_V1_2026-08-12,2026-08-17,EWP,ACWX,2026-10-07,True,False,False,False,0.0052150000,,,,,,,,
PATH_RISK_V1_2026-08-12|2026-08-17|EWQ,PATH_RISK_V1_2026-08-12,2026-08-17,EWQ,ACWX,2026-10-07,True,False,False,False,-0.0342451629,,,,,,,,
PATH_RISK_V1_2026-08-12|2026-08-17|EWS,PATH_RISK_V1_2026-08-12,2026-08-17,EWS,ACWX,2026-10-07,True,False,False,False,-0.0053203709,,,,,,,,
PATH_RISK_V1_2026-08-12|2026-08-17|EWT,PATH_RISK_V1_2026-08-12,2026-08-17,EWT,ACWX,2026-10-07,True,False,False,False,0.0368985107,,,,,,,,
PATH_RISK_V1_2026-08-12|2026-08-17|EWU,PATH_RISK_V1_2026-08-12,2026-08-17,EWU,ACWX,2026-10-07,True,False,False,False,0.0161714289,,,,,,,,
PATH_RISK_V1_2026-08-12|2026-08-17|EWW,PATH_RISK_V1_2026-08-12,2026-08-17,EWW,ACWX,2026-10-07,True,False,False,False,0.0033532401,,,,,,,,
PATH_RISK_V1_2026-08-12|2026-08-17|EWY,PATH_RISK_V1_2026-08-12,2026-08-17,EWY,ACWX,2026-10-07,True,False,False,False,-0.0220979033,,,,,,,,
PATH_RISK_V1_2026-08-12|2026-08-17|EWZ,PATH_RISK_V1_2026-08-12,2026-08-17,EWZ,ACWX,2026-10-07,True,False,False,False,0.1377052338,,,,,,,,
PATH_RISK_V1_2026-08-12|2026-08-17|EXI,PATH_RISK_V1_2026-08-12,2026-08-17,EXI,ACWI,2026-10-07,True,False,False,False,-0.0488716359,,,,,,,,
PATH_RISK_V1_2026-08-12|2026-08-17|FDN,PATH_RISK_V1_2026-08-12,2026-08-17,FDN,SPY,2026-10-07,True,False,False,False,0.0308355990,,,,,,,,
PATH_RISK_V1_2026-08-12|2026-08-17|FEZ,PATH_RISK_V1_2026-08-12,2026-08-17,FEZ,ACWX,2026-10-07,True,False,False,False,-0.0208934705,,,,,,,,
PATH_RISK_V1_2026-08-12|2026-08-17|GREK,PATH_RISK_V1_2026-08-12,2026-08-17,GREK,ACWX,2026-10-07,True,False,False,False,0.0642784578,,,,,,,,
PATH_RISK_V1_2026-08-12|2026-08-17|IGV,PATH_RISK_V1_2026-08-12,2026-08-17,IGV,SPY,2026-10-07,True,False,False,False,0.0545328823,,,,,,,,
PATH_RISK_V1_2026-08-12|2026-08-17|IHI,PATH_RISK_V1_2026-08-12,2026-08-17,IHI,SPY,2026-10-07,True,False,False,False,-0.0329561435,,,,,,,,
PATH_RISK_V1_2026-08-12|2026-08-17|ILF,PATH_RISK_V1_2026-08-12,2026-08-17,ILF,ACWX,2026-10-07,True,False,False,False,0.0737665833,,,,,,,,
PATH_RISK_V1_2026-08-12|2026-08-17|INDA,PATH_RISK_V1_2026-08-12,2026-08-17,INDA,ACWX,2026-10-07,True,False,False,False,-0.0129323510,,,,,,,,
PATH_RISK_V1_2026-08-12|2026-08-17|ITA,PATH_RISK_V1_2026-08-12,2026-08-17,ITA,SPY,2026-10-07,True,False,False,False,-0.1208541321,,,,,,,,
PATH_RISK_V1_2026-08-12|2026-08-17|IWM,PATH_RISK_V1_2026-08-12,2026-08-17,IWM,ITOT,2026-10-07,True,False,False,False,-0.0363577166,,,,,,,,
PATH_RISK_V1_2026-08-12|2026-08-17|IXC,PATH_RISK_V1_2026-08-12,2026-08-17,IXC,ACWI,2026-10-07,True,False,False,False,0.0549082329,,,,,,,,
PATH_RISK_V1_2026-08-12|2026-08-17|IXG,PATH_RISK_V1_2026-08-12,2026-08-17,IXG,ACWI,2026-10-07,True,False,False,False,0.0053042361,,,,,,,,
PATH_RISK_V1_2026-08-12|2026-08-17|IXJ,PATH_RISK_V1_2026-08-12,2026-08-17,IXJ,ACWI,2026-10-07,True,False,False,False,0.0244660585,,,,,,,,
PATH_RISK_V1_2026-08-12|2026-08-17|IXN,PATH_RISK_V1_2026-08-12,2026-08-17,IXN,ACWI,2026-10-07,True,False,False,False,-0.0067308352,,,,,,,,
PATH_RISK_V1_2026-08-12|2026-08-17|IYG,PATH_RISK_V1_2026-08-12,2026-08-17,IYG,SPY,2026-10-07,True,False,False,False,-0.0099113762,,,,,,,,
PATH_RISK_V1_2026-08-12|2026-08-17|IYT,PATH_RISK_V1_2026-08-12,2026-08-17,IYT,SPY,2026-10-07,True,False,False,False,-0.0572067217,,,,,,,,
PATH_RISK_V1_2026-08-12|2026-08-17|IYZ,PATH_RISK_V1_2026-08-12,2026-08-17,IYZ,SPY,2026-10-07,True,False,False,False,-0.0154508094,,,,,,,,
PATH_RISK_V1_2026-08-12|2026-08-17|KBE,PATH_RISK_V1_2026-08-12,2026-08-17,KBE,SPY,2026-10-07,True,False,False,False,-0.0370247560,,,,,,,,
PATH_RISK_V1_2026-08-12|2026-08-17|KIE,PATH_RISK_V1_2026-08-12,2026-08-17,KIE,SPY,2026-10-07,True,False,False,False,0.0149682152,,,,,,,,
PATH_RISK_V1_2026-08-12|2026-08-17|KRE,PATH_RISK_V1_2026-08-12,2026-08-17,KRE,SPY,2026-10-07,True,False,False,False,-0.0368756851,,,,,,,,
PATH_RISK_V1_2026-08-12|2026-08-17|MCHI,PATH_RISK_V1_2026-08-12,2026-08-17,MCHI,ACWX,2026-10-07,True,False,False,False,-0.0203425470,,,,,,,,
PATH_RISK_V1_2026-08-12|2026-08-17|MDY,PATH_RISK_V1_2026-08-12,2026-08-17,MDY,ITOT,2026-10-07,True,False,False,False,-0.0418715057,,,,,,,,
PATH_RISK_V1_2026-08-12|2026-08-17|OIH,PATH_RISK_V1_2026-08-12,2026-08-17,OIH,SPY,2026-10-07,True,False,False,False,-0.0395602159,,,,,,,,
PATH_RISK_V1_2026-08-12|2026-08-17|PAVE,PATH_RISK_V1_2026-08-12,2026-08-17,PAVE,SPY,2026-10-07,True,False,False,False,-0.0796429256,,,,,,,,
PATH_RISK_V1_2026-08-12|2026-08-17|PBJ,PATH_RISK_V1_2026-08-12,2026-08-17,PBJ,SPY,2026-10-07,True,False,False,False,0.0064640976,,,,,,,,
PATH_RISK_V1_2026-08-12|2026-08-17|PEJ,PATH_RISK_V1_2026-08-12,2026-08-17,PEJ,SPY,2026-10-07,True,False,False,False,-0.0639141958,,,,,,,,
PATH_RISK_V1_2026-08-12|2026-08-17|QAT,PATH_RISK_V1_2026-08-12,2026-08-17,QAT,ACWX,2026-10-07,True,False,False,False,0.0063404990,,,,,,,,
PATH_RISK_V1_2026-08-12|2026-08-17|QQQ,PATH_RISK_V1_2026-08-12,2026-08-17,QQQ,SPY,2026-10-07,True,False,False,False,-0.0106158171,,,,,,,,
PATH_RISK_V1_2026-08-12|2026-08-17|REM,PATH_RISK_V1_2026-08-12,2026-08-17,REM,SPY,2026-10-07,True,False,False,False,-0.0596354942,,,,,,,,
PATH_RISK_V1_2026-08-12|2026-08-17|RXI,PATH_RISK_V1_2026-08-12,2026-08-17,RXI,ACWI,2026-10-07,True,False,False,False,-0.0396007161,,,,,,,,
PATH_RISK_V1_2026-08-12|2026-08-17|SCZ,PATH_RISK_V1_2026-08-12,2026-08-17,SCZ,ACWX,2026-10-07,True,False,False,False,0.0119097159,,,,,,,,
PATH_RISK_V1_2026-08-12|2026-08-17|SKYY,PATH_RISK_V1_2026-08-12,2026-08-17,SKYY,SPY,2026-10-07,True,False,False,False,0.0224826823,,,,,,,,
PATH_RISK_V1_2026-08-12|2026-08-17|SMH,PATH_RISK_V1_2026-08-12,2026-08-17,SMH,SPY,2026-10-07,True,False,False,False,-0.0589801505,,,,,,,,
PATH_RISK_V1_2026-08-12|2026-08-17|THD,PATH_RISK_V1_2026-08-12,2026-08-17,THD,ACWX,2026-10-07,True,False,False,False,-0.0079209111,,,,,,,,
PATH_RISK_V1_2026-08-12|2026-08-17|TUR,PATH_RISK_V1_2026-08-12,2026-08-17,TUR,ACWX,2026-10-07,True,False,False,False,-0.0538336056,,,,,,,,
PATH_RISK_V1_2026-08-12|2026-08-17|UAE,PATH_RISK_V1_2026-08-12,2026-08-17,UAE,ACWX,2026-10-07,True,False,False,False,0.0602134089,,,,,,,,
PATH_RISK_V1_2026-08-12|2026-08-17|VEA,PATH_RISK_V1_2026-08-12,2026-08-17,VEA,ACWX,2026-10-07,True,False,False,False,-0.0028442424,,,,,,,,
PATH_RISK_V1_2026-08-12|2026-08-17|VGK,PATH_RISK_V1_2026-08-12,2026-08-17,VGK,ACWX,2026-10-07,True,False,False,False,-0.0076911751,,,,,,,,
PATH_RISK_V1_2026-08-12|2026-08-17|VNM,PATH_RISK_V1_2026-08-12,2026-08-17,VNM,ACWX,2026-10-07,True,False,False,False,0.0443869885,,,,,,,,
PATH_RISK_V1_2026-08-12|2026-08-17|VNQ,PATH_RISK_V1_2026-08-12,2026-08-17,VNQ,SPY,2026-10-07,True,False,False,False,-0.0223685329,,,,,,,,
PATH_RISK_V1_2026-08-12|2026-08-17|VSS,PATH_RISK_V1_2026-08-12,2026-08-17,VSS,ACWX,2026-10-07,True,False,False,False,0.0032917887,,,,,,,,
PATH_RISK_V1_2026-08-12|2026-08-17|VWO,PATH_RISK_V1_2026-08-12,2026-08-17,VWO,ACWX,2026-10-07,True,False,False,False,0.0104984718,,,,,,,,
PATH_RISK_V1_2026-08-12|2026-08-17|XBI,PATH_RISK_V1_2026-08-12,2026-08-17,XBI,SPY,2026-10-07,True,False,False,False,-0.0096708765,,,,,,,,
PATH_RISK_V1_2026-08-12|2026-08-17|XHB,PATH_RISK_V1_2026-08-12,2026-08-17,XHB,SPY,2026-10-07,True,False,False,False,-0.0831841598,,,,,,,,
PATH_RISK_V1_2026-08-12|2026-08-17|XLB,PATH_RISK_V1_2026-08-12,2026-08-17,XLB,SPY,2026-10-07,True,False,False,False,-0.0121830979,,,,,,,,
PATH_RISK_V1_2026-08-12|2026-08-17|XLC,PATH_RISK_V1_2026-08-12,2026-08-17,XLC,SPY,2026-10-07,True,False,False,False,0.0448505569,,,,,,,,
PATH_RISK_V1_2026-08-12|2026-08-17|XLE,PATH_RISK_V1_2026-08-12,2026-08-17,XLE,SPY,2026-10-07,True,False,False,False,0.0484357305,,,,,,,,
PATH_RISK_V1_2026-08-12|2026-08-17|XLF,PATH_RISK_V1_2026-08-12,2026-08-17,XLF,SPY,2026-10-07,True,False,False,False,-0.0046700825,,,,,,,,
PATH_RISK_V1_2026-08-12|2026-08-17|XLI,PATH_RISK_V1_2026-08-12,2026-08-17,XLI,SPY,2026-10-07,True,False,False,False,-0.0721553615,,,,,,,,
PATH_RISK_V1_2026-08-12|2026-08-17|XLK,PATH_RISK_V1_2026-08-12,2026-08-17,XLK,SPY,2026-10-07,True,False,False,False,-0.0097109139,,,,,,,,
PATH_RISK_V1_2026-08-12|2026-08-17|XLP,PATH_RISK_V1_2026-08-12,2026-08-17,XLP,SPY,2026-10-07,True,False,False,False,0.0083572522,,,,,,,,
PATH_RISK_V1_2026-08-12|2026-08-17|XLRE,PATH_RISK_V1_2026-08-12,2026-08-17,XLRE,SPY,2026-10-07,True,False,False,False,-0.0214785038,,,,,,,,
PATH_RISK_V1_2026-08-12|2026-08-17|XLU,PATH_RISK_V1_2026-08-12,2026-08-17,XLU,SPY,2026-10-07,True,False,False,False,-0.0416404738,,,,,,,,
PATH_RISK_V1_2026-08-12|2026-08-17|XLV,PATH_RISK_V1_2026-08-12,2026-08-17,XLV,SPY,2026-10-07,True,False,False,False,0.0291098059,,,,,,,,
PATH_RISK_V1_2026-08-12|2026-08-17|XLY,PATH_RISK_V1_2026-08-12,2026-08-17,XLY,SPY,2026-10-07,True,False,False,False,-0.0329704216,,,,,,,,
PATH_RISK_V1_2026-08-12|2026-08-17|XME,PATH_RISK_V1_2026-08-12,2026-08-17,XME,SPY,2026-10-07,True,False,False,False,-0.0562583892,,,,,,,,
PATH_RISK_V1_2026-08-12|2026-08-17|XOP,PATH_RISK_V1_2026-08-12,2026-08-17,XOP,SPY,2026-10-07,True,False,False,False,0.0719180490,,,,,,,,
PATH_RISK_V1_2026-08-12|2026-08-17|XPH,PATH_RISK_V1_2026-08-12,2026-08-17,XPH,SPY,2026-10-07,True,False,False,False,-0.0281273597,,,,,,,,
PATH_RISK_V1_2026-08-12|2026-08-17|XRT,PATH_RISK_V1_2026-08-12,2026-08-17,XRT,SPY,2026-10-07,True,False,False,False,-0.0316097604,,,,,,,,
PATH_RISK_V1_2026-08-12|2026-08-18|AAXJ,PATH_RISK_V1_2026-08-12,2026-08-18,AAXJ,ACWX,2026-10-07,True,False,False,False,0.0221969781,,,,,,,,
PATH_RISK_V1_2026-08-12|2026-08-18|AFK,PATH_RISK_V1_2026-08-12,2026-08-18,AFK,ACWX,2026-10-07,True,False,False,False,0.0485954079,,,,,,,,
PATH_RISK_V1_2026-08-12|2026-08-18|CIBR,PATH_RISK_V1_2026-08-12,2026-08-18,CIBR,SPY,2026-10-07,True,False,False,False,0.0499440003,,,,,,,,
PATH_RISK_V1_2026-08-12|2026-08-18|ECH,PATH_RISK_V1_2026-08-12,2026-08-18,ECH,ACWX,2026-10-07,True,False,False,False,-0.0114611592,,,,,,,,
PATH_RISK_V1_2026-08-12|2026-08-18|EDEN,PATH_RISK_V1_2026-08-12,2026-08-18,EDEN,ACWX,2026-10-07,True,False,False,False,-0.0087260509,,,,,,,,
PATH_RISK_V1_2026-08-12|2026-08-18|EEM,PATH_RISK_V1_2026-08-12,2026-08-18,EEM,ACWX,2026-10-07,True,False,False,False,0.0245620388,,,,,,,,
PATH_RISK_V1_2026-08-12|2026-08-18|EFA,PATH_RISK_V1_2026-08-12,2026-08-18,EFA,ACWX,2026-10-07,True,False,False,False,-0.0109511026,,,,,,,,
PATH_RISK_V1_2026-08-12|2026-08-18|EFNL,PATH_RISK_V1_2026-08-12,2026-08-18,EFNL,ACWX,2026-10-07,True,False,False,False,0.0389091869,,,,,,,,
PATH_RISK_V1_2026-08-12|2026-08-18|EIDO,PATH_RISK_V1_2026-08-12,2026-08-18,EIDO,ACWX,2026-10-07,True,False,False,False,0.0140633170,,,,,,,,
PATH_RISK_V1_2026-08-12|2026-08-18|EIS,PATH_RISK_V1_2026-08-12,2026-08-18,EIS,ACWX,2026-10-07,True,False,False,False,0.0261378229,,,,,,,,
PATH_RISK_V1_2026-08-12|2026-08-18|EMXC,PATH_RISK_V1_2026-08-12,2026-08-18,EMXC,ACWX,2026-10-07,True,False,False,False,0.0471651384,,,,,,,,
PATH_RISK_V1_2026-08-12|2026-08-18|ENOR,PATH_RISK_V1_2026-08-12,2026-08-18,ENOR,ACWX,2026-10-07,True,False,False,False,0.0294331230,,,,,,,,
PATH_RISK_V1_2026-08-12|2026-08-18|ENZL,PATH_RISK_V1_2026-08-12,2026-08-18,ENZL,ACWX,2026-10-07,True,False,False,False,-0.0287933420,,,,,,,,
PATH_RISK_V1_2026-08-12|2026-08-18|EPOL,PATH_RISK_V1_2026-08-12,2026-08-18,EPOL,ACWX,2026-10-07,True,False,False,False,0.0268929329,,,,,,,,
PATH_RISK_V1_2026-08-12|2026-08-18|EPP,PATH_RISK_V1_2026-08-12,2026-08-18,EPP,ACWX,2026-10-07,True,False,False,False,-0.0135286200,,,,,,,,
PATH_RISK_V1_2026-08-12|2026-08-18|EPU,PATH_RISK_V1_2026-08-12,2026-08-18,EPU,ACWX,2026-10-07,True,False,False,False,0.0360866789,,,,,,,,
PATH_RISK_V1_2026-08-12|2026-08-18|EWA,PATH_RISK_V1_2026-08-12,2026-08-18,EWA,ACWX,2026-10-07,True,False,False,False,-0.0156980259,,,,,,,,
PATH_RISK_V1_2026-08-12|2026-08-18|EWC,PATH_RISK_V1_2026-08-12,2026-08-18,EWC,ACWX,2026-10-07,True,False,False,False,-0.0184883800,,,,,,,,
PATH_RISK_V1_2026-08-12|2026-08-18|EWG,PATH_RISK_V1_2026-08-12,2026-08-18,EWG,ACWX,2026-10-07,True,False,False,False,-0.0221554414,,,,,,,,
PATH_RISK_V1_2026-08-12|2026-08-18|EWH,PATH_RISK_V1_2026-08-12,2026-08-18,EWH,ACWX,2026-10-07,True,False,False,False,0.0045358050,,,,,,,,
PATH_RISK_V1_2026-08-12|2026-08-18|EWJ,PATH_RISK_V1_2026-08-12,2026-08-18,EWJ,ACWX,2026-10-07,True,False,False,False,0.0271682350,,,,,,,,
PATH_RISK_V1_2026-08-12|2026-08-18|EWM,PATH_RISK_V1_2026-08-12,2026-08-18,EWM,ACWX,2026-10-07,True,False,False,False,-0.0250149027,,,,,,,,
PATH_RISK_V1_2026-08-12|2026-08-18|EWN,PATH_RISK_V1_2026-08-12,2026-08-18,EWN,ACWX,2026-10-07,True,False,False,False,-0.0463536239,,,,,,,,
PATH_RISK_V1_2026-08-12|2026-08-18|EWO,PATH_RISK_V1_2026-08-12,2026-08-18,EWO,ACWX,2026-10-07,True,False,False,False,0.0002916017,,,,,,,,
PATH_RISK_V1_2026-08-12|2026-08-18|EWP,PATH_RISK_V1_2026-08-12,2026-08-18,EWP,ACWX,2026-10-07,True,False,False,False,-0.0065701410,,,,,,,,
PATH_RISK_V1_2026-08-12|2026-08-18|EWQ,PATH_RISK_V1_2026-08-12,2026-08-18,EWQ,ACWX,2026-10-07,True,False,False,False,-0.0495583351,,,,,,,,
PATH_RISK_V1_2026-08-12|2026-08-18|EWS,PATH_RISK_V1_2026-08-12,2026-08-18,EWS,ACWX,2026-10-07,True,False,False,False,-0.0123327917,,,,,,,,
PATH_RISK_V1_2026-08-12|2026-08-18|EWT,PATH_RISK_V1_2026-08-12,2026-08-18,EWT,ACWX,2026-10-07,True,False,False,False,0.0604240730,,,,,,,,
PATH_RISK_V1_2026-08-12|2026-08-18|EWU,PATH_RISK_V1_2026-08-12,2026-08-18,EWU,ACWX,2026-10-07,True,False,False,False,-0.0038414869,,,,,,,,
PATH_RISK_V1_2026-08-12|2026-08-18|EWW,PATH_RISK_V1_2026-08-12,2026-08-18,EWW,ACWX,2026-10-07,True,False,False,False,-0.0017630379,,,,,,,,
PATH_RISK_V1_2026-08-12|2026-08-18|EWY,PATH_RISK_V1_2026-08-12,2026-08-18,EWY,ACWX,2026-10-07,True,False,False,False,0.0731259216,,,,,,,,
PATH_RISK_V1_2026-08-12|2026-08-18|EWZ,PATH_RISK_V1_2026-08-12,2026-08-18,EWZ,ACWX,2026-10-07,True,False,False,False,0.1204650478,,,,,,,,
PATH_RISK_V1_2026-08-12|2026-08-18|EZA,PATH_RISK_V1_2026-08-12,2026-08-18,EZA,ACWX,2026-10-07,True,False,False,False,0.0242296178,,,,,,,,
PATH_RISK_V1_2026-08-12|2026-08-18|FDN,PATH_RISK_V1_2026-08-12,2026-08-18,FDN,SPY,2026-10-07,True,False,False,False,0.0341645389,,,,,,,,
PATH_RISK_V1_2026-08-12|2026-08-18|GREK,PATH_RISK_V1_2026-08-12,2026-08-18,GREK,ACWX,2026-10-07,True,False,False,False,0.0319727383,,,,,,,,
PATH_RISK_V1_2026-08-12|2026-08-18|IGV,PATH_RISK_V1_2026-08-12,2026-08-18,IGV,SPY,2026-10-07,True,False,False,False,0.0440638049,,,,,,,,
PATH_RISK_V1_2026-08-12|2026-08-18|IHF,PATH_RISK_V1_2026-08-12,2026-08-18,IHF,SPY,2026-10-07,True,False,False,False,0.0099206697,,,,,,,,
PATH_RISK_V1_2026-08-12|2026-08-18|IHI,PATH_RISK_V1_2026-08-12,2026-08-18,IHI,SPY,2026-10-07,True,False,False,False,-0.0600614041,,,,,,,,
PATH_RISK_V1_2026-08-12|2026-08-18|ILF,PATH_RISK_V1_2026-08-12,2026-08-18,ILF,ACWX,2026-10-07,True,False,False,False,0.0673631843,,,,,,,,
PATH_RISK_V1_2026-08-12|2026-08-18|INDA,PATH_RISK_V1_2026-08-12,2026-08-18,INDA,ACWX,2026-10-07,True,False,False,False,-0.0272373169,,,,,,,,
PATH_RISK_V1_2026-08-12|2026-08-18|ITA,PATH_RISK_V1_2026-08-12,2026-08-18,ITA,SPY,2026-10-07,True,False,False,False,-0.1454244769,,,,,,,,
PATH_RISK_V1_2026-08-12|2026-08-18|IWM,PATH_RISK_V1_2026-08-12,2026-08-18,IWM,ITOT,2026-10-07,True,False,False,False,-0.0372833267,,,,,,,,
PATH_RISK_V1_2026-08-12|2026-08-18|IXC,PATH_RISK_V1_2026-08-12,2026-08-18,IXC,ACWI,2026-10-07,True,False,False,False,0.0218377264,,,,,,,,
PATH_RISK_V1_2026-08-12|2026-08-18|IXG,PATH_RISK_V1_2026-08-12,2026-08-18,IXG,ACWI,2026-10-07,True,False,False,False,-0.0087931835,,,,,,,,
PATH_RISK_V1_2026-08-12|2026-08-18|IXJ,PATH_RISK_V1_2026-08-12,2026-08-18,IXJ,ACWI,2026-10-07,True,False,False,False,-0.0069411649,,,,,,,,
PATH_RISK_V1_2026-08-12|2026-08-18|IXN,PATH_RISK_V1_2026-08-12,2026-08-18,IXN,ACWI,2026-10-07,True,False,False,False,0.0242532438,,,,,,,,
PATH_RISK_V1_2026-08-12|2026-08-18|IXP,PATH_RISK_V1_2026-08-12,2026-08-18,IXP,ACWI,2026-10-07,True,False,False,False,0.0439940027,,,,,,,,
PATH_RISK_V1_2026-08-12|2026-08-18|IYG,PATH_RISK_V1_2026-08-12,2026-08-18,IYG,SPY,2026-10-07,True,False,False,False,-0.0310367177,,,,,,,,
PATH_RISK_V1_2026-08-12|2026-08-18|IYT,PATH_RISK_V1_2026-08-12,2026-08-18,IYT,SPY,2026-10-07,True,False,False,False,-0.0543361707,,,,,,,,
PATH_RISK_V1_2026-08-12|2026-08-18|IYZ,PATH_RISK_V1_2026-08-12,2026-08-18,IYZ,SPY,2026-10-07,True,False,False,False,-0.0142281801,,,,,,,,
PATH_RISK_V1_2026-08-12|2026-08-18|JXI,PATH_RISK_V1_2026-08-12,2026-08-18,JXI,ACWI,2026-10-07,True,False,False,False,-0.0290560695,,,,,,,,
PATH_RISK_V1_2026-08-12|2026-08-18|KBE,PATH_RISK_V1_2026-08-12,2026-08-18,KBE,SPY,2026-10-07,True,False,False,False,-0.0495173393,,,,,,,,
PATH_RISK_V1_2026-08-12|2026-08-18|KIE,PATH_RISK_V1_2026-08-12,2026-08-18,KIE,SPY,2026-10-07,True,False,False,False,-0.0095083571,,,,,,,,
PATH_RISK_V1_2026-08-12|2026-08-18|KSA,PATH_RISK_V1_2026-08-12,2026-08-18,KSA,ACWX,2026-10-07,True,False,False,False,-0.0152516211,,,,,,,,
PATH_RISK_V1_2026-08-12|2026-08-18|KXI,PATH_RISK_V1_2026-08-12,2026-08-18,KXI,ACWI,2026-10-07,True,False,False,False,-0.0156659723,,,,,,,,
PATH_RISK_V1_2026-08-12|2026-08-18|MCHI,PATH_RISK_V1_2026-08-12,2026-08-18,MCHI,ACWX,2026-10-07,True,False,False,False,-0.0401193210,,,,,,,,
PATH_RISK_V1_2026-08-12|2026-08-18|MDY,PATH_RISK_V1_2026-08-12,2026-08-18,MDY,ITOT,2026-10-07,True,False,False,False,-0.0398442446,,,,,,,,
PATH_RISK_V1_2026-08-12|2026-08-18|OIH,PATH_RISK_V1_2026-08-12,2026-08-18,OIH,SPY,2026-10-07,True,False,False,False,-0.0412428982,,,,,,,,
PATH_RISK_V1_2026-08-12|2026-08-18|PAVE,PATH_RISK_V1_2026-08-12,2026-08-18,PAVE,SPY,2026-10-07,True,False,False,False,-0.0709038733,,,,,,,,
PATH_RISK_V1_2026-08-12|2026-08-18|PBJ,PATH_RISK_V1_2026-08-12,2026-08-18,PBJ,SPY,2026-10-07,True,False,False,False,-0.0170876906,,,,,,,,
PATH_RISK_V1_2026-08-12|2026-08-18|PEJ,PATH_RISK_V1_2026-08-12,2026-08-18,PEJ,SPY,2026-10-07,True,False,False,False,-0.0775282204,,,,,,,,
PATH_RISK_V1_2026-08-12|2026-08-18|QAT,PATH_RISK_V1_2026-08-12,2026-08-18,QAT,ACWX,2026-10-07,True,False,False,False,-0.0182422089,,,,,,,,
PATH_RISK_V1_2026-08-12|2026-08-18|QQQ,PATH_RISK_V1_2026-08-12,2026-08-18,QQQ,SPY,2026-10-07,True,False,False,False,0.0055322939,,,,,,,,
PATH_RISK_V1_2026-08-12|2026-08-18|REZ,PATH_RISK_V1_2026-08-12,2026-08-18,REZ,SPY,2026-10-07,True,False,False,False,-0.0228444023,,,,,,,,
PATH_RISK_V1_2026-08-12|2026-08-18|RXI,PATH_RISK_V1_2026-08-12,2026-08-18,RXI,ACWI,2026-10-07,True,False,False,False,-0.0480603106,,,,,,,,
PATH_RISK_V1_2026-08-12|2026-08-18|SCZ,PATH_RISK_V1_2026-08-12,2026-08-18,SCZ,ACWX,2026-10-07,True,False,False,False,0.0026248843,,,,,,,,
PATH_RISK_V1_2026-08-12|2026-08-18|SKYY,PATH_RISK_V1_2026-08-12,2026-08-18,SKYY,SPY,2026-10-07,True,False,False,False,0.0251936590,,,,,,,,
PATH_RISK_V1_2026-08-12|2026-08-18|SMH,PATH_RISK_V1_2026-08-12,2026-08-18,SMH,SPY,2026-10-07,True,False,False,False,-0.0098191136,,,,,,,,
PATH_RISK_V1_2026-08-12|2026-08-18|THD,PATH_RISK_V1_2026-08-12,2026-08-18,THD,ACWX,2026-10-07,True,False,False,False,-0.0116021589,,,,,,,,
PATH_RISK_V1_2026-08-12|2026-08-18|TUR,PATH_RISK_V1_2026-08-12,2026-08-18,TUR,ACWX,2026-10-07,True,False,False,False,-0.0477240487,,,,,,,,
PATH_RISK_V1_2026-08-12|2026-08-18|UAE,PATH_RISK_V1_2026-08-12,2026-08-18,UAE,ACWX,2026-10-07,True,False,False,False,0.0332582252,,,,,,,,
PATH_RISK_V1_2026-08-12|2026-08-18|VEA,PATH_RISK_V1_2026-08-12,2026-08-18,VEA,ACWX,2026-10-07,True,False,False,False,-0.0027958052,,,,,,,,
PATH_RISK_V1_2026-08-12|2026-08-18|VGK,PATH_RISK_V1_2026-08-12,2026-08-18,VGK,ACWX,2026-10-07,True,False,False,False,-0.0233032862,,,,,,,,
PATH_RISK_V1_2026-08-12|2026-08-18|VNQ,PATH_RISK_V1_2026-08-12,2026-08-18,VNQ,SPY,2026-10-07,True,False,False,False,-0.0329172969,,,,,,,,
PATH_RISK_V1_2026-08-12|2026-08-18|VPL,PATH_RISK_V1_2026-08-12,2026-08-18,VPL,ACWX,2026-10-07,True,False,False,False,0.0330527652,,,,,,,,
PATH_RISK_V1_2026-08-12|2026-08-18|VSS,PATH_RISK_V1_2026-08-12,2026-08-18,VSS,ACWX,2026-10-07,True,False,False,False,0.0016011952,,,,,,,,
PATH_RISK_V1_2026-08-12|2026-08-18|VWO,PATH_RISK_V1_2026-08-12,2026-08-18,VWO,ACWX,2026-10-07,True,False,False,False,0.0050507492,,,,,,,,
PATH_RISK_V1_2026-08-12|2026-08-18|XBI,PATH_RISK_V1_2026-08-12,2026-08-18,XBI,SPY,2026-10-07,True,False,False,False,-0.0053310466,,,,,,,,
PATH_RISK_V1_2026-08-12|2026-08-18|XLB,PATH_RISK_V1_2026-08-12,2026-08-18,XLB,SPY,2026-10-07,True,False,False,False,-0.0144359855,,,,,,,,
PATH_RISK_V1_2026-08-12|2026-08-18|XLC,PATH_RISK_V1_2026-08-12,2026-08-18,XLC,SPY,2026-10-07,True,False,False,False,0.0233936055,,,,,,,,
PATH_RISK_V1_2026-08-12|2026-08-18|XLE,PATH_RISK_V1_2026-08-12,2026-08-18,XLE,SPY,2026-10-07,True,False,False,False,0.0190026326,,,,,,,,
PATH_RISK_V1_2026-08-12|2026-08-18|XLF,PATH_RISK_V1_2026-08-12,2026-08-18,XLF,SPY,2026-10-07,True,False,False,False,-0.0277422295,,,,,,,,
PATH_RISK_V1_2026-08-12|2026-08-18|XLI,PATH_RISK_V1_2026-08-12,2026-08-18,XLI,SPY,2026-10-07,True,False,False,False,-0.0734604166,,,,,,,,
PATH_RISK_V1_2026-08-12|2026-08-18|XLK,PATH_RISK_V1_2026-08-12,2026-08-18,XLK,SPY,2026-10-07,True,False,False,False,0.0195886422,,,,,,,,
PATH_RISK_V1_2026-08-12|2026-08-18|XLP,PATH_RISK_V1_2026-08-12,2026-08-18,XLP,SPY,2026-10-07,True,False,False,False,-0.0182170879,,,,,,,,
PATH_RISK_V1_2026-08-12|2026-08-18|XLU,PATH_RISK_V1_2026-08-12,2026-08-18,XLU,SPY,2026-10-07,True,False,False,False,-0.0469073334,,,,,,,,
PATH_RISK_V1_2026-08-12|2026-08-18|XLV,PATH_RISK_V1_2026-08-12,2026-08-18,XLV,SPY,2026-10-07,True,False,False,False,0.0009050294,,,,,,,,
PATH_RISK_V1_2026-08-12|2026-08-18|XLY,PATH_RISK_V1_2026-08-12,2026-08-18,XLY,SPY,2026-10-07,True,False,False,False,-0.0366241051,,,,,,,,
PATH_RISK_V1_2026-08-12|2026-08-18|XME,PATH_RISK_V1_2026-08-12,2026-08-18,XME,SPY,2026-10-07,True,False,False,False,-0.0140985792,,,,,,,,
PATH_RISK_V1_2026-08-12|2026-08-18|XOP,PATH_RISK_V1_2026-08-12,2026-08-18,XOP,SPY,2026-10-07,True,False,False,False,0.0456694891,,,,,,,,
PATH_RISK_V1_2026-08-12|2026-08-18|XPH,PATH_RISK_V1_2026-08-12,2026-08-18,XPH,SPY,2026-10-07,True,False,False,False,-0.0589249520,,,,,,,,
PATH_RISK_V1_2026-08-12|2026-08-18|XRT,PATH_RISK_V1_2026-08-12,2026-08-18,XRT,SPY,2026-10-07,True,False,False,False,-0.0434210669,,,,,,,,
PATH_RISK_V1_2026-08-12|2026-08-19|AAXJ,PATH_RISK_V1_2026-08-12,2026-08-19,AAXJ,ACWX,2026-10-07,True,False,False,False,0.0256414654,,,,,,,,
PATH_RISK_V1_2026-08-12|2026-08-19|AFK,PATH_RISK_V1_2026-08-12,2026-08-19,AFK,ACWX,2026-10-07,True,False,False,False,0.0174114011,,,,,,,,
PATH_RISK_V1_2026-08-12|2026-08-19|CIBR,PATH_RISK_V1_2026-08-12,2026-08-19,CIBR,SPY,2026-10-07,True,False,False,False,0.0528212586,,,,,,,,
PATH_RISK_V1_2026-08-12|2026-08-19|ECH,PATH_RISK_V1_2026-08-12,2026-08-19,ECH,ACWX,2026-10-07,True,False,False,False,-0.0182596637,,,,,,,,
PATH_RISK_V1_2026-08-12|2026-08-19|EEM,PATH_RISK_V1_2026-08-12,2026-08-19,EEM,ACWX,2026-10-07,True,False,False,False,0.0269424008,,,,,,,,
PATH_RISK_V1_2026-08-12|2026-08-19|EFA,PATH_RISK_V1_2026-08-12,2026-08-19,EFA,ACWX,2026-10-07,True,False,False,False,-0.0124596578,,,,,,,,
PATH_RISK_V1_2026-08-12|2026-08-19|EIRL,PATH_RISK_V1_2026-08-12,2026-08-19,EIRL,ACWX,2026-10-07,True,False,False,False,0.0101487825,,,,,,,,
PATH_RISK_V1_2026-08-12|2026-08-19|EIS,PATH_RISK_V1_2026-08-12,2026-08-19,EIS,ACWX,2026-10-07,True,False,False,False,0.0271732417,,,,,,,,
PATH_RISK_V1_2026-08-12|2026-08-19|ENZL,PATH_RISK_V1_2026-08-12,2026-08-19,ENZL,ACWX,2026-10-07,True,False,False,False,-0.0450415790,,,,,,,,
PATH_RISK_V1_2026-08-12|2026-08-19|EPHE,PATH_RISK_V1_2026-08-12,2026-08-19,EPHE,ACWX,2026-10-07,True,False,False,False,-0.0601905188,,,,,,,,
PATH_RISK_V1_2026-08-12|2026-08-19|EPOL,PATH_RISK_V1_2026-08-12,2026-08-19,EPOL,ACWX,2026-10-07,True,False,False,False,0.0085326681,,,,,,,,
PATH_RISK_V1_2026-08-12|2026-08-19|EPP,PATH_RISK_V1_2026-08-12,2026-08-19,EPP,ACWX,2026-10-07,True,False,False,False,-0.0220965130,,,,,,,,
PATH_RISK_V1_2026-08-12|2026-08-19|EPU,PATH_RISK_V1_2026-08-12,2026-08-19,EPU,ACWX,2026-10-07,True,False,False,False,0.0214013509,,,,,,,,
PATH_RISK_V1_2026-08-12|2026-08-19|EWA,PATH_RISK_V1_2026-08-12,2026-08-19,EWA,ACWX,2026-10-07,True,False,False,False,-0.0283828835,,,,,,,,
PATH_RISK_V1_2026-08-12|2026-08-19|EWC,PATH_RISK_V1_2026-08-12,2026-08-19,EWC,ACWX,2026-10-07,True,False,False,False,-0.0135262477,,,,,,,,
PATH_RISK_V1_2026-08-12|2026-08-19|EWG,PATH_RISK_V1_2026-08-12,2026-08-19,EWG,ACWX,2026-10-07,True,False,False,False,-0.0306194184,,,,,,,,
PATH_RISK_V1_2026-08-12|2026-08-19|EWH,PATH_RISK_V1_2026-08-12,2026-08-19,EWH,ACWX,2026-10-07,True,False,False,False,-0.0070556277,,,,,,,,
PATH_RISK_V1_2026-08-12|2026-08-19|EWJ,PATH_RISK_V1_2026-08-12,2026-08-19,EWJ,ACWX,2026-10-07,True,False,False,False,0.0365710391,,,,,,,,
PATH_RISK_V1_2026-08-12|2026-08-19|EWL,PATH_RISK_V1_2026-08-12,2026-08-19,EWL,ACWX,2026-10-07,True,False,False,False,-0.0566031263,,,,,,,,
PATH_RISK_V1_2026-08-12|2026-08-19|EWM,PATH_RISK_V1_2026-08-12,2026-08-19,EWM,ACWX,2026-10-07,True,False,False,False,-0.0291174788,,,,,,,,
PATH_RISK_V1_2026-08-12|2026-08-19|EWN,PATH_RISK_V1_2026-08-12,2026-08-19,EWN,ACWX,2026-10-07,True,False,False,False,-0.0207630761,,,,,,,,
PATH_RISK_V1_2026-08-12|2026-08-19|EWQ,PATH_RISK_V1_2026-08-12,2026-08-19,EWQ,ACWX,2026-10-07,True,False,False,False,-0.0612476515,,,,,,,,
PATH_RISK_V1_2026-08-12|2026-08-19|EWS,PATH_RISK_V1_2026-08-12,2026-08-19,EWS,ACWX,2026-10-07,True,False,False,False,-0.0147866501,,,,,,,,
PATH_RISK_V1_2026-08-12|2026-08-19|EWT,PATH_RISK_V1_2026-08-12,2026-08-19,EWT,ACWX,2026-10-07,True,False,False,False,0.0799836758,,,,,,,,
PATH_RISK_V1_2026-08-12|2026-08-19|EWU,PATH_RISK_V1_2026-08-12,2026-08-19,EWU,ACWX,2026-10-07,True,False,False,False,-0.0142619175,,,,,,,,
PATH_RISK_V1_2026-08-12|2026-08-19|EWW,PATH_RISK_V1_2026-08-12,2026-08-19,EWW,ACWX,2026-10-07,True,False,False,False,-0.0114156446,,,,,,,,
PATH_RISK_V1_2026-08-12|2026-08-19|EWY,PATH_RISK_V1_2026-08-12,2026-08-19,EWY,ACWX,2026-10-07,True,False,False,False,0.0527969694,,,,,,,,
PATH_RISK_V1_2026-08-12|2026-08-19|EWZ,PATH_RISK_V1_2026-08-12,2026-08-19,EWZ,ACWX,2026-10-07,True,False,False,False,0.1092247026,,,,,,,,
PATH_RISK_V1_2026-08-12|2026-08-19|FDN,PATH_RISK_V1_2026-08-12,2026-08-19,FDN,SPY,2026-10-07,True,False,False,False,0.0136831536,,,,,,,,
PATH_RISK_V1_2026-08-12|2026-08-19|FEZ,PATH_RISK_V1_2026-08-12,2026-08-19,FEZ,ACWX,2026-10-07,True,False,False,False,-0.0355315404,,,,,,,,
PATH_RISK_V1_2026-08-12|2026-08-19|GREK,PATH_RISK_V1_2026-08-12,2026-08-19,GREK,ACWX,2026-10-07,True,False,False,False,0.0364784470,,,,,,,,
PATH_RISK_V1_2026-08-12|2026-08-19|IGV,PATH_RISK_V1_2026-08-12,2026-08-19,IGV,SPY,2026-10-07,True,False,False,False,0.0222613500,,,,,,,,
PATH_RISK_V1_2026-08-12|2026-08-19|IHF,PATH_RISK_V1_2026-08-12,2026-08-19,IHF,SPY,2026-10-07,True,False,False,False,0.0034125827,,,,,,,,
PATH_RISK_V1_2026-08-12|2026-08-19|IHI,PATH_RISK_V1_2026-08-12,2026-08-19,IHI,SPY,2026-10-07,True,False,False,False,-0.0779836350,,,,,,,,
PATH_RISK_V1_2026-08-12|2026-08-19|ILF,PATH_RISK_V1_2026-08-12,2026-08-19,ILF,ACWX,2026-10-07,True,False,False,False,0.0540593273,,,,,,,,
PATH_RISK_V1_2026-08-12|2026-08-19|IWM,PATH_RISK_V1_2026-08-12,2026-08-19,IWM,ITOT,2026-10-07,True,False,False,False,-0.0450388272,,,,,,,,
PATH_RISK_V1_2026-08-12|2026-08-19|IXC,PATH_RISK_V1_2026-08-12,2026-08-19,IXC,ACWI,2026-10-07,True,False,False,False,0.0225622798,,,,,,,,
PATH_RISK_V1_2026-08-12|2026-08-19|IXG,PATH_RISK_V1_2026-08-12,2026-08-19,IXG,ACWI,2026-10-07,True,False,False,False,-0.0038042987,,,,,,,,
PATH_RISK_V1_2026-08-12|2026-08-19|IXJ,PATH_RISK_V1_2026-08-12,2026-08-19,IXJ,ACWI,2026-10-07,True,False,False,False,-0.0369111537,,,,,,,,
PATH_RISK_V1_2026-08-12|2026-08-19|IXN,PATH_RISK_V1_2026-08-12,2026-08-19,IXN,ACWI,2026-10-07,True,False,False,False,0.0425285777,,,,,,,,
PATH_RISK_V1_2026-08-12|2026-08-19|IYG,PATH_RISK_V1_2026-08-12,2026-08-19,IYG,SPY,2026-10-07,True,False,False,False,-0.0206567928,,,,,,,,
PATH_RISK_V1_2026-08-12|2026-08-19|IYT,PATH_RISK_V1_2026-08-12,2026-08-19,IYT,SPY,2026-10-07,True,False,False,False,-0.0642303257,,,,,,,,
PATH_RISK_V1_2026-08-12|2026-08-19|IYZ,PATH_RISK_V1_2026-08-12,2026-08-19,IYZ,SPY,2026-10-07,True,False,False,False,-0.0107656625,,,,,,,,
PATH_RISK_V1_2026-08-12|2026-08-19|KBE,PATH_RISK_V1_2026-08-12,2026-08-19,KBE,SPY,2026-10-07,True,False,False,False,-0.0292536430,,,,,,,,
PATH_RISK_V1_2026-08-12|2026-08-19|KIE,PATH_RISK_V1_2026-08-12,2026-08-19,KIE,SPY,2026-10-07,True,False,False,False,-0.0127456081,,,,,,,,
PATH_RISK_V1_2026-08-12|2026-08-19|KRE,PATH_RISK_V1_2026-08-12,2026-08-19,KRE,SPY,2026-10-07,True,False,False,False,-0.0230404713,,,,,,,,
PATH_RISK_V1_2026-08-12|2026-08-19|MCHI,PATH_RISK_V1_2026-08-12,2026-08-19,MCHI,ACWX,2026-10-07,True,False,False,False,-0.0295754683,,,,,,,,
PATH_RISK_V1_2026-08-12|2026-08-19|MDY,PATH_RISK_V1_2026-08-12,2026-08-19,MDY,ITOT,2026-10-07,True,False,False,False,-0.0377398702,,,,,,,,
PATH_RISK_V1_2026-08-12|2026-08-19|OIH,PATH_RISK_V1_2026-08-12,2026-08-19,OIH,SPY,2026-10-07,True,False,False,False,-0.0408878893,,,,,,,,
PATH_RISK_V1_2026-08-12|2026-08-19|PBJ,PATH_RISK_V1_2026-08-12,2026-08-19,PBJ,SPY,2026-10-07,True,False,False,False,-0.0323303367,,,,,,,,
PATH_RISK_V1_2026-08-12|2026-08-19|PEJ,PATH_RISK_V1_2026-08-12,2026-08-19,PEJ,SPY,2026-10-07,True,False,False,False,-0.0860409841,,,,,,,,
PATH_RISK_V1_2026-08-12|2026-08-19|QQQ,PATH_RISK_V1_2026-08-12,2026-08-19,QQQ,SPY,2026-10-07,True,False,False,False,0.0147278008,,,,,,,,
PATH_RISK_V1_2026-08-12|2026-08-19|REZ,PATH_RISK_V1_2026-08-12,2026-08-19,REZ,SPY,2026-10-07,True,False,False,False,-0.0462769532,,,,,,,,
PATH_RISK_V1_2026-08-12|2026-08-19|SCZ,PATH_RISK_V1_2026-08-12,2026-08-19,SCZ,ACWX,2026-10-07,True,False,False,False,0.0014380368,,,,,,,,
PATH_RISK_V1_2026-08-12|2026-08-19|SKYY,PATH_RISK_V1_2026-08-12,2026-08-19,SKYY,SPY,2026-10-07,True,False,False,False,0.0124866015,,,,,,,,
PATH_RISK_V1_2026-08-12|2026-08-19|SMH,PATH_RISK_V1_2026-08-12,2026-08-19,SMH,SPY,2026-10-07,True,False,False,False,0.0288653860,,,,,,,,
PATH_RISK_V1_2026-08-12|2026-08-19|THD,PATH_RISK_V1_2026-08-12,2026-08-19,THD,ACWX,2026-10-07,True,False,False,False,-0.0084221610,,,,,,,,
PATH_RISK_V1_2026-08-12|2026-08-19|TUR,PATH_RISK_V1_2026-08-12,2026-08-19,TUR,ACWX,2026-10-07,True,False,False,False,-0.0711205453,,,,,,,,
PATH_RISK_V1_2026-08-12|2026-08-19|VEA,PATH_RISK_V1_2026-08-12,2026-08-19,VEA,ACWX,2026-10-07,True,False,False,False,-0.0048626694,,,,,,,,
PATH_RISK_V1_2026-08-12|2026-08-19|VGK,PATH_RISK_V1_2026-08-12,2026-08-19,VGK,ACWX,2026-10-07,True,False,False,False,-0.0288869043,,,,,,,,
PATH_RISK_V1_2026-08-12|2026-08-19|VNM,PATH_RISK_V1_2026-08-12,2026-08-19,VNM,ACWX,2026-10-07,True,False,False,False,0.0454624954,,,,,,,,
PATH_RISK_V1_2026-08-12|2026-08-19|VNQ,PATH_RISK_V1_2026-08-12,2026-08-19,VNQ,SPY,2026-10-07,True,False,False,False,-0.0510433023,,,,,,,,
PATH_RISK_V1_2026-08-12|2026-08-19|VPL,PATH_RISK_V1_2026-08-12,2026-08-19,VPL,ACWX,2026-10-07,True,False,False,False,0.0321745358,,,,,,,,
PATH_RISK_V1_2026-08-12|2026-08-19|VSS,PATH_RISK_V1_2026-08-12,2026-08-19,VSS,ACWX,2026-10-07,True,False,False,False,0.0033989064,,,,,,,,
PATH_RISK_V1_2026-08-12|2026-08-19|VWO,PATH_RISK_V1_2026-08-12,2026-08-19,VWO,ACWX,2026-10-07,True,False,False,False,0.0142713618,,,,,,,,
PATH_RISK_V1_2026-08-12|2026-08-19|XBI,PATH_RISK_V1_2026-08-12,2026-08-19,XBI,SPY,2026-10-07,True,False,False,False,-0.0690390366,,,,,,,,
PATH_RISK_V1_2026-08-12|2026-08-19|XHB,PATH_RISK_V1_2026-08-12,2026-08-19,XHB,SPY,2026-10-07,True,False,False,False,-0.1030068438,,,,,,,,
PATH_RISK_V1_2026-08-12|2026-08-19|XLB,PATH_RISK_V1_2026-08-12,2026-08-19,XLB,SPY,2026-10-07,True,False,False,False,-0.0413429342,,,,,,,,
PATH_RISK_V1_2026-08-12|2026-08-19|XLE,PATH_RISK_V1_2026-08-12,2026-08-19,XLE,SPY,2026-10-07,True,False,False,False,0.0187386781,,,,,,,,
PATH_RISK_V1_2026-08-12|2026-08-19|XLF,PATH_RISK_V1_2026-08-12,2026-08-19,XLF,SPY,2026-10-07,True,False,False,False,-0.0212111769,,,,,,,,
PATH_RISK_V1_2026-08-12|2026-08-19|XLI,PATH_RISK_V1_2026-08-12,2026-08-19,XLI,SPY,2026-10-07,True,False,False,False,-0.0603576729,,,,,,,,
PATH_RISK_V1_2026-08-12|2026-08-19|XLK,PATH_RISK_V1_2026-08-12,2026-08-19,XLK,SPY,2026-10-07,True,False,False,False,0.0398624275,,,,,,,,
PATH_RISK_V1_2026-08-12|2026-08-19|XLP,PATH_RISK_V1_2026-08-12,2026-08-19,XLP,SPY,2026-10-07,True,False,False,False,-0.0363522624,,,,,,,,
PATH_RISK_V1_2026-08-12|2026-08-19|XLU,PATH_RISK_V1_2026-08-12,2026-08-19,XLU,SPY,2026-10-07,True,False,False,False,-0.0596347081,,,,,,,,
PATH_RISK_V1_2026-08-12|2026-08-19|XLV,PATH_RISK_V1_2026-08-12,2026-08-19,XLV,SPY,2026-10-07,True,False,False,False,-0.0346188394,,,,,,,,
PATH_RISK_V1_2026-08-12|2026-08-19|XLY,PATH_RISK_V1_2026-08-12,2026-08-19,XLY,SPY,2026-10-07,True,False,False,False,-0.0570316729,,,,,,,,
PATH_RISK_V1_2026-08-12|2026-08-19|XME,PATH_RISK_V1_2026-08-12,2026-08-19,XME,SPY,2026-10-07,True,False,False,False,-0.0650059054,,,,,,,,
PATH_RISK_V1_2026-08-12|2026-08-19|XOP,PATH_RISK_V1_2026-08-12,2026-08-19,XOP,SPY,2026-10-07,True,False,False,False,0.0303095886,,,,,,,,
PATH_RISK_V1_2026-08-12|2026-08-19|XPH,PATH_RISK_V1_2026-08-12,2026-08-19,XPH,SPY,2026-10-07,True,False,False,False,-0.0896532352,,,,,,,,
PATH_RISK_V1_2026-08-12|2026-08-20|IGV,PATH_RISK_V1_2026-08-12,2026-08-20,IGV,SPY,2026-10-07,True,False,False,False,0.0338407629,,,,,,,,
PATH_RISK_V1_2026-08-12|2026-08-20|SMH,PATH_RISK_V1_2026-08-12,2026-08-20,SMH,SPY,2026-10-07,True,False,False,False,0.0418115711,,,,,,,,
PATH_RISK_V1_2026-08-12|2026-08-20|XBI,PATH_RISK_V1_2026-08-12,2026-08-20,XBI,SPY,2026-10-07,True,False,False,False,-0.0475344210,,,,,,,,
PATH_RISK_V1_2026-08-12|2026-08-20|XLE,PATH_RISK_V1_2026-08-12,2026-08-20,XLE,SPY,2026-10-07,True,False,False,False,-0.0307071995,,,,,,,,
PATH_RISK_V1_2026-08-12|2026-08-20|XLF,PATH_RISK_V1_2026-08-12,2026-08-20,XLF,SPY,2026-10-07,True,False,False,False,-0.0312498415,,,,,,,,
PATH_RISK_V1_2026-08-12|2026-08-20|XLK,PATH_RISK_V1_2026-08-12,2026-08-20,XLK,SPY,2026-10-07,True,False,False,False,0.0477989530,,,,,,,,
PATH_RISK_V1_2026-08-12|2026-08-20|XLP,PATH_RISK_V1_2026-08-12,2026-08-20,XLP,SPY,2026-10-07,True,False,False,False,-0.0495147669,,,,,,,,
PATH_RISK_V1_2026-08-12|2026-08-20|XLU,PATH_RISK_V1_2026-08-12,2026-08-20,XLU,SPY,2026-10-07,True,False,False,False,-0.0796948473,,,,,,,,
PATH_RISK_V1_2026-08-12|2026-08-20|XLV,PATH_RISK_V1_2026-08-12,2026-08-20,XLV,SPY,2026-10-07,True,False,False,False,-0.0321264495,,,,,,,,
PATH_RISK_V1_2026-08-12|2026-08-20|XOP,PATH_RISK_V1_2026-08-12,2026-08-20,XOP,SPY,2026-10-07,True,False,False,False,-0.0268347460,,,,,,,,
PATH_RISK_V1_2026-08-12|2026-08-21|AAXJ,PATH_RISK_V1_2026-08-12,2026-08-21,AAXJ,ACWX,2026-10-07,True,False,False,False,0.0354586075,,,,,,,,
PATH_RISK_V1_2026-08-12|2026-08-21|AFK,PATH_RISK_V1_2026-08-12,2026-08-21,AFK,ACWX,2026-10-07,True,False,False,False,-0.0158169180,,,,,,,,
PATH_RISK_V1_2026-08-12|2026-08-21|ARGT,PATH_RISK_V1_2026-08-12,2026-08-21,ARGT,ACWX,2026-10-07,True,False,False,False,0.0020399510,,,,,,,,
PATH_RISK_V1_2026-08-12|2026-08-21|ASEA,PATH_RISK_V1_2026-08-12,2026-08-21,ASEA,ACWX,2026-10-07,True,False,False,False,-0.0065702622,,,,,,,,
PATH_RISK_V1_2026-08-12|2026-08-21|CIBR,PATH_RISK_V1_2026-08-12,2026-08-21,CIBR,SPY,2026-10-07,True,False,False,False,0.0680808306,,,,,,,,
PATH_RISK_V1_2026-08-12|2026-08-21|EEM,PATH_RISK_V1_2026-08-12,2026-08-21,EEM,ACWX,2026-10-07,True,False,False,False,0.0308219916,,,,,,,,
PATH_RISK_V1_2026-08-12|2026-08-21|EFA,PATH_RISK_V1_2026-08-12,2026-08-21,EFA,ACWX,2026-10-07,True,False,False,False,-0.0148112592,,,,,,,,
PATH_RISK_V1_2026-08-12|2026-08-21|EFNL,PATH_RISK_V1_2026-08-12,2026-08-21,EFNL,ACWX,2026-10-07,True,False,False,False,0.0269023924,,,,,,,,
PATH_RISK_V1_2026-08-12|2026-08-21|EIS,PATH_RISK_V1_2026-08-12,2026-08-21,EIS,ACWX,2026-10-07,True,False,False,False,0.0338183476,,,,,,,,
PATH_RISK_V1_2026-08-12|2026-08-21|EMXC,PATH_RISK_V1_2026-08-12,2026-08-21,EMXC,ACWX,2026-10-07,True,False,False,False,0.0494037334,,,,,,,,
PATH_RISK_V1_2026-08-12|2026-08-21|ENOR,PATH_RISK_V1_2026-08-12,2026-08-21,ENOR,ACWX,2026-10-07,True,False,False,False,-0.0104182109,,,,,,,,
PATH_RISK_V1_2026-08-12|2026-08-21|ENZL,PATH_RISK_V1_2026-08-12,2026-08-21,ENZL,ACWX,2026-10-07,True,False,False,False,-0.0484608158,,,,,,,,
PATH_RISK_V1_2026-08-12|2026-08-21|EPOL,PATH_RISK_V1_2026-08-12,2026-08-21,EPOL,ACWX,2026-10-07,True,False,False,False,0.0272073106,,,,,,,,
PATH_RISK_V1_2026-08-12|2026-08-21|EPP,PATH_RISK_V1_2026-08-12,2026-08-21,EPP,ACWX,2026-10-07,True,False,False,False,-0.0278504670,,,,,,,,
PATH_RISK_V1_2026-08-12|2026-08-21|EPU,PATH_RISK_V1_2026-08-12,2026-08-21,EPU,ACWX,2026-10-07,True,False,False,False,-0.0085150233,,,,,,,,
PATH_RISK_V1_2026-08-12|2026-08-21|EWA,PATH_RISK_V1_2026-08-12,2026-08-21,EWA,ACWX,2026-10-07,True,False,False,False,-0.0335973875,,,,,,,,
PATH_RISK_V1_2026-08-12|2026-08-21|EWC,PATH_RISK_V1_2026-08-12,2026-08-21,EWC,ACWX,2026-10-07,True,False,False,False,-0.0244057206,,,,,,,,
PATH_RISK_V1_2026-08-12|2026-08-21|EWH,PATH_RISK_V1_2026-08-12,2026-08-21,EWH,ACWX,2026-10-07,True,False,False,False,-0.0205848393,,,,,,,,
PATH_RISK_V1_2026-08-12|2026-08-21|EWI,PATH_RISK_V1_2026-08-12,2026-08-21,EWI,ACWX,2026-10-07,True,False,False,False,-0.0330941123,,,,,,,,
PATH_RISK_V1_2026-08-12|2026-08-21|EWJ,PATH_RISK_V1_2026-08-12,2026-08-21,EWJ,ACWX,2026-10-07,True,False,False,False,0.0391564189,,,,,,,,
PATH_RISK_V1_2026-08-12|2026-08-21|EWM,PATH_RISK_V1_2026-08-12,2026-08-21,EWM,ACWX,2026-10-07,True,False,False,False,-0.0217734339,,,,,,,,
PATH_RISK_V1_2026-08-12|2026-08-21|EWN,PATH_RISK_V1_2026-08-12,2026-08-21,EWN,ACWX,2026-10-07,True,False,False,False,-0.0114006322,,,,,,,,
PATH_RISK_V1_2026-08-12|2026-08-21|EWO,PATH_RISK_V1_2026-08-12,2026-08-21,EWO,ACWX,2026-10-07,True,False,False,False,0.0093078559,,,,,,,,
PATH_RISK_V1_2026-08-12|2026-08-21|EWP,PATH_RISK_V1_2026-08-12,2026-08-21,EWP,ACWX,2026-10-07,True,False,False,False,-0.0205168760,,,,,,,,
PATH_RISK_V1_2026-08-12|2026-08-21|EWQ,PATH_RISK_V1_2026-08-12,2026-08-21,EWQ,ACWX,2026-10-07,True,False,False,False,-0.0573010470,,,,,,,,
PATH_RISK_V1_2026-08-12|2026-08-21|EWS,PATH_RISK_V1_2026-08-12,2026-08-21,EWS,ACWX,2026-10-07,True,False,False,False,-0.0040522590,,,,,,,,
PATH_RISK_V1_2026-08-12|2026-08-21|EWT,PATH_RISK_V1_2026-08-12,2026-08-21,EWT,ACWX,2026-10-07,True,False,False,False,0.1050612352,,,,,,,,
PATH_RISK_V1_2026-08-12|2026-08-21|EWU,PATH_RISK_V1_2026-08-12,2026-08-21,EWU,ACWX,2026-10-07,True,False,False,False,-0.0246987401,,,,,,,,
PATH_RISK_V1_2026-08-12|2026-08-21|EWY,PATH_RISK_V1_2026-08-12,2026-08-21,EWY,ACWX,2026-10-07,True,False,False,False,0.0814594062,,,,,,,,
PATH_RISK_V1_2026-08-12|2026-08-21|EWZ,PATH_RISK_V1_2026-08-12,2026-08-21,EWZ,ACWX,2026-10-07,True,False,False,False,0.0926740434,,,,,,,,
PATH_RISK_V1_2026-08-12|2026-08-21|EZA,PATH_RISK_V1_2026-08-12,2026-08-21,EZA,ACWX,2026-10-07,True,False,False,False,-0.0451132051,,,,,,,,
PATH_RISK_V1_2026-08-12|2026-08-21|FDN,PATH_RISK_V1_2026-08-12,2026-08-21,FDN,SPY,2026-10-07,True,False,False,False,0.0108612188,,,,,,,,
PATH_RISK_V1_2026-08-12|2026-08-21|FEZ,PATH_RISK_V1_2026-08-12,2026-08-21,FEZ,ACWX,2026-10-07,True,False,False,False,-0.0352369480,,,,,,,,
PATH_RISK_V1_2026-08-12|2026-08-21|GREK,PATH_RISK_V1_2026-08-12,2026-08-21,GREK,ACWX,2026-10-07,True,False,False,False,0.0055506041,,,,,,,,
PATH_RISK_V1_2026-08-12|2026-08-21|IGV,PATH_RISK_V1_2026-08-12,2026-08-21,IGV,SPY,2026-10-07,True,False,False,False,0.0199368533,,,,,,,,
PATH_RISK_V1_2026-08-12|2026-08-21|IHI,PATH_RISK_V1_2026-08-12,2026-08-21,IHI,SPY,2026-10-07,True,False,False,False,-0.0789651958,,,,,,,,
PATH_RISK_V1_2026-08-12|2026-08-21|ILF,PATH_RISK_V1_2026-08-12,2026-08-21,ILF,ACWX,2026-10-07,True,False,False,False,0.0339102765,,,,,,,,
PATH_RISK_V1_2026-08-12|2026-08-21|INDA,PATH_RISK_V1_2026-08-12,2026-08-21,INDA,ACWX,2026-10-07,True,False,False,False,-0.0259459465,,,,,,,,
PATH_RISK_V1_2026-08-12|2026-08-21|ITA,PATH_RISK_V1_2026-08-12,2026-08-21,ITA,SPY,2026-10-07,True,False,False,False,-0.1084495528,,,,,,,,
PATH_RISK_V1_2026-08-12|2026-08-21|IWM,PATH_RISK_V1_2026-08-12,2026-08-21,IWM,ITOT,2026-10-07,True,False,False,False,-0.0477776601,,,,,,,,
PATH_RISK_V1_2026-08-12|2026-08-21|IXC,PATH_RISK_V1_2026-08-12,2026-08-21,IXC,ACWI,2026-10-07,True,False,False,False,-0.0290867410,,,,,,,,
PATH_RISK_V1_2026-08-12|2026-08-21|IXJ,PATH_RISK_V1_2026-08-12,2026-08-21,IXJ,ACWI,2026-10-07,True,False,False,False,-0.0381686961,,,,,,,,
PATH_RISK_V1_2026-08-12|2026-08-21|IYT,PATH_RISK_V1_2026-08-12,2026-08-21,IYT,SPY,2026-10-07,True,False,False,False,-0.0883815846,,,,,,,,
PATH_RISK_V1_2026-08-12|2026-08-21|IYZ,PATH_RISK_V1_2026-08-12,2026-08-21,IYZ,SPY,2026-10-07,True,False,False,False,-0.0376886484,,,,,,,,
PATH_RISK_V1_2026-08-12|2026-08-21|KBE,PATH_RISK_V1_2026-08-12,2026-08-21,KBE,SPY,2026-10-07,True,False,False,False,-0.0574826910,,,,,,,,
PATH_RISK_V1_2026-08-12|2026-08-21|KIE,PATH_RISK_V1_2026-08-12,2026-08-21,KIE,SPY,2026-10-07,True,False,False,False,-0.0519065239,,,,,,,,
PATH_RISK_V1_2026-08-12|2026-08-21|KRE,PATH_RISK_V1_2026-08-12,2026-08-21,KRE,SPY,2026-10-07,True,False,False,False,-0.0554268078,,,,,,,,
PATH_RISK_V1_2026-08-12|2026-08-21|KXI,PATH_RISK_V1_2026-08-12,2026-08-21,KXI,ACWI,2026-10-07,True,False,False,False,-0.0348260802,,,,,,,,
PATH_RISK_V1_2026-08-12|2026-08-21|MCHI,PATH_RISK_V1_2026-08-12,2026-08-21,MCHI,ACWX,2026-10-07,True,False,False,False,-0.0240801576,,,,,,,,
PATH_RISK_V1_2026-08-12|2026-08-21|MDY,PATH_RISK_V1_2026-08-12,2026-08-21,MDY,ITOT,2026-10-07,True,False,False,False,-0.0470859630,,,,,,,,
PATH_RISK_V1_2026-08-12|2026-08-21|OIH,PATH_RISK_V1_2026-08-12,2026-08-21,OIH,SPY,2026-10-07,True,False,False,False,-0.0605585931,,,,,,,,
PATH_RISK_V1_2026-08-12|2026-08-21|PAVE,PATH_RISK_V1_2026-08-12,2026-08-21,PAVE,SPY,2026-10-07,True,False,False,False,-0.0617480212,,,,,,,,
PATH_RISK_V1_2026-08-12|2026-08-21|PEJ,PATH_RISK_V1_2026-08-12,2026-08-21,PEJ,SPY,2026-10-07,True,False,False,False,-0.0927724554,,,,,,,,
PATH_RISK_V1_2026-08-12|2026-08-21|QAT,PATH_RISK_V1_2026-08-12,2026-08-21,QAT,ACWX,2026-10-07,True,False,False,False,-0.0235501955,,,,,,,,
PATH_RISK_V1_2026-08-12|2026-08-21|QQQ,PATH_RISK_V1_2026-08-12,2026-08-21,QQQ,SPY,2026-10-07,True,False,False,False,0.0358162780,,,,,,,,
PATH_RISK_V1_2026-08-12|2026-08-21|REM,PATH_RISK_V1_2026-08-12,2026-08-21,REM,SPY,2026-10-07,True,False,False,False,-0.0845858005,,,,,,,,
PATH_RISK_V1_2026-08-12|2026-08-21|REZ,PATH_RISK_V1_2026-08-12,2026-08-21,REZ,SPY,2026-10-07,True,False,False,False,-0.0712206701,,,,,,,,
PATH_RISK_V1_2026-08-12|2026-08-21|SCZ,PATH_RISK_V1_2026-08-12,2026-08-21,SCZ,ACWX,2026-10-07,True,False,False,False,0.0000129239,,,,,,,,
PATH_RISK_V1_2026-08-12|2026-08-21|SKYY,PATH_RISK_V1_2026-08-12,2026-08-21,SKYY,SPY,2026-10-07,True,False,False,False,0.0253770507,,,,,,,,
PATH_RISK_V1_2026-08-12|2026-08-21|SMH,PATH_RISK_V1_2026-08-12,2026-08-21,SMH,SPY,2026-10-07,True,False,False,False,0.0705427594,,,,,,,,
PATH_RISK_V1_2026-08-12|2026-08-21|THD,PATH_RISK_V1_2026-08-12,2026-08-21,THD,ACWX,2026-10-07,True,False,False,False,-0.0019297005,,,,,,,,
PATH_RISK_V1_2026-08-12|2026-08-21|TUR,PATH_RISK_V1_2026-08-12,2026-08-21,TUR,ACWX,2026-10-07,True,False,False,False,-0.0820328403,,,,,,,,
PATH_RISK_V1_2026-08-12|2026-08-21|UAE,PATH_RISK_V1_2026-08-12,2026-08-21,UAE,ACWX,2026-10-07,True,False,False,False,0.0372468127,,,,,,,,
PATH_RISK_V1_2026-08-12|2026-08-21|VEA,PATH_RISK_V1_2026-08-12,2026-08-21,VEA,ACWX,2026-10-07,True,False,False,False,-0.0059455708,,,,,,,,
PATH_RISK_V1_2026-08-12|2026-08-21|VNM,PATH_RISK_V1_2026-08-12,2026-08-21,VNM,ACWX,2026-10-07,True,False,False,False,-0.0188866687,,,,,,,,
PATH_RISK_V1_2026-08-12|2026-08-21|VNQ,PATH_RISK_V1_2026-08-12,2026-08-21,VNQ,SPY,2026-10-07,True,False,False,False,-0.0612880445,,,,,,,,
PATH_RISK_V1_2026-08-12|2026-08-21|VPL,PATH_RISK_V1_2026-08-12,2026-08-21,VPL,ACWX,2026-10-07,True,False,False,False,0.0358178319,,,,,,,,
PATH_RISK_V1_2026-08-12|2026-08-21|VSS,PATH_RISK_V1_2026-08-12,2026-08-21,VSS,ACWX,2026-10-07,True,False,False,False,0.0015322637,,,,,,,,
PATH_RISK_V1_2026-08-12|2026-08-21|VWO,PATH_RISK_V1_2026-08-12,2026-08-21,VWO,ACWX,2026-10-07,True,False,False,False,0.0139806986,,,,,,,,
PATH_RISK_V1_2026-08-12|2026-08-21|XBI,PATH_RISK_V1_2026-08-12,2026-08-21,XBI,SPY,2026-10-07,True,False,False,False,-0.0353602300,,,,,,,,
PATH_RISK_V1_2026-08-12|2026-08-21|XHB,PATH_RISK_V1_2026-08-12,2026-08-21,XHB,SPY,2026-10-07,True,False,False,False,-0.0729521039,,,,,,,,
PATH_RISK_V1_2026-08-12|2026-08-21|XLB,PATH_RISK_V1_2026-08-12,2026-08-21,XLB,SPY,2026-10-07,True,False,False,False,-0.0635925085,,,,,,,,
PATH_RISK_V1_2026-08-12|2026-08-21|XLC,PATH_RISK_V1_2026-08-12,2026-08-21,XLC,SPY,2026-10-07,True,False,False,False,0.0098441435,,,,,,,,
PATH_RISK_V1_2026-08-12|2026-08-21|XLE,PATH_RISK_V1_2026-08-12,2026-08-21,XLE,SPY,2026-10-07,True,False,False,False,-0.0355239066,,,,,,,,
PATH_RISK_V1_2026-08-12|2026-08-21|XLF,PATH_RISK_V1_2026-08-12,2026-08-21,XLF,SPY,2026-10-07,True,False,False,False,-0.0550734730,,,,,,,,
PATH_RISK_V1_2026-08-12|2026-08-21|XLI,PATH_RISK_V1_2026-08-12,2026-08-21,XLI,SPY,2026-10-07,True,False,False,False,-0.0645330667,,,,,,,,
PATH_RISK_V1_2026-08-12|2026-08-21|XLK,PATH_RISK_V1_2026-08-12,2026-08-21,XLK,SPY,2026-10-07,True,False,False,False,0.0587031955,,,,,,,,
PATH_RISK_V1_2026-08-12|2026-08-21|XLP,PATH_RISK_V1_2026-08-12,2026-08-21,XLP,SPY,2026-10-07,True,False,False,False,-0.0435507130,,,,,,,,
PATH_RISK_V1_2026-08-12|2026-08-21|XLRE,PATH_RISK_V1_2026-08-12,2026-08-21,XLRE,SPY,2026-10-07,True,False,False,False,-0.0610440157,,,,,,,,
PATH_RISK_V1_2026-08-12|2026-08-21|XLU,PATH_RISK_V1_2026-08-12,2026-08-21,XLU,SPY,2026-10-07,True,False,False,False,-0.0572014571,,,,,,,,
PATH_RISK_V1_2026-08-12|2026-08-21|XLV,PATH_RISK_V1_2026-08-12,2026-08-21,XLV,SPY,2026-10-07,True,False,False,False,-0.0354323560,,,,,,,,
PATH_RISK_V1_2026-08-12|2026-08-21|XLY,PATH_RISK_V1_2026-08-12,2026-08-21,XLY,SPY,2026-10-07,True,False,False,False,-0.0579031378,,,,,,,,
PATH_RISK_V1_2026-08-12|2026-08-21|XME,PATH_RISK_V1_2026-08-12,2026-08-21,XME,SPY,2026-10-07,True,False,False,False,-0.0729758687,,,,,,,,
PATH_RISK_V1_2026-08-12|2026-08-21|XOP,PATH_RISK_V1_2026-08-12,2026-08-21,XOP,SPY,2026-10-07,True,False,False,False,-0.0499049903,,,,,,,,
PATH_RISK_V1_2026-08-12|2026-08-21|XPH,PATH_RISK_V1_2026-08-12,2026-08-21,XPH,SPY,2026-10-07,True,False,False,False,-0.0663087842,,,,,,,,
PATH_RISK_V1_2026-08-12|2026-08-21|XRT,PATH_RISK_V1_2026-08-12,2026-08-21,XRT,SPY,2026-10-07,True,False,False,False,-0.0558576374,,,,,,,,
PATH_RISK_V1_2026-08-12|2026-08-24|AAXJ,PATH_RISK_V1_2026-08-12,2026-08-24,AAXJ,ACWX,2026-10-07,True,False,False,False,0.0429043069,,,,,,,,
PATH_RISK_V1_2026-08-12|2026-08-24|AFK,PATH_RISK_V1_2026-08-12,2026-08-24,AFK,ACWX,2026-10-07,True,False,False,False,-0.0183834463,,,,,,,,
PATH_RISK_V1_2026-08-12|2026-08-24|ARGT,PATH_RISK_V1_2026-08-12,2026-08-24,ARGT,ACWX,2026-10-07,True,False,False,False,-0.0283464634,,,,,,,,
PATH_RISK_V1_2026-08-12|2026-08-24|ASEA,PATH_RISK_V1_2026-08-12,2026-08-24,ASEA,ACWX,2026-10-07,True,False,False,False,-0.0041688610,,,,,,,,
PATH_RISK_V1_2026-08-12|2026-08-24|CIBR,PATH_RISK_V1_2026-08-12,2026-08-24,CIBR,SPY,2026-10-07,True,False,False,False,0.1065741331,,,,,,,,
PATH_RISK_V1_2026-08-12|2026-08-24|EDEN,PATH_RISK_V1_2026-08-12,2026-08-24,EDEN,ACWX,2026-10-07,True,False,False,False,-0.0553081866,,,,,,,,
PATH_RISK_V1_2026-08-12|2026-08-24|EEM,PATH_RISK_V1_2026-08-12,2026-08-24,EEM,ACWX,2026-10-07,True,False,False,False,0.0362435417,,,,,,,,
PATH_RISK_V1_2026-08-12|2026-08-24|EFA,PATH_RISK_V1_2026-08-12,2026-08-24,EFA,ACWX,2026-10-07,True,False,False,False,-0.0184936442,,,,,,,,
PATH_RISK_V1_2026-08-12|2026-08-24|EFNL,PATH_RISK_V1_2026-08-12,2026-08-24,EFNL,ACWX,2026-10-07,True,False,False,False,0.0191731749,,,,,,,,
PATH_RISK_V1_2026-08-12|2026-08-24|EIDO,PATH_RISK_V1_2026-08-12,2026-08-24,EIDO,ACWX,2026-10-07,True,False,False,False,-0.0194355638,,,,,,,,
PATH_RISK_V1_2026-08-12|2026-08-24|EIS,PATH_RISK_V1_2026-08-12,2026-08-24,EIS,ACWX,2026-10-07,True,False,False,False,0.0405952164,,,,,,,,
PATH_RISK_V1_2026-08-12|2026-08-24|EMXC,PATH_RISK_V1_2026-08-12,2026-08-24,EMXC,ACWX,2026-10-07,True,False,False,False,0.0544909579,,,,,,,,
PATH_RISK_V1_2026-08-12|2026-08-24|ENOR,PATH_RISK_V1_2026-08-12,2026-08-24,ENOR,ACWX,2026-10-07,True,False,False,False,-0.0001070186,,,,,,,,
PATH_RISK_V1_2026-08-12|2026-08-24|ENZL,PATH_RISK_V1_2026-08-12,2026-08-24,ENZL,ACWX,2026-10-07,True,False,False,False,-0.0535109930,,,,,,,,
PATH_RISK_V1_2026-08-12|2026-08-24|EPHE,PATH_RISK_V1_2026-08-12,2026-08-24,EPHE,ACWX,2026-10-07,True,False,False,False,-0.0752284997,,,,,,,,
PATH_RISK_V1_2026-08-12|2026-08-24|EPOL,PATH_RISK_V1_2026-08-12,2026-08-24,EPOL,ACWX,2026-10-07,True,False,False,False,0.0131205420,,,,,,,,
PATH_RISK_V1_2026-08-12|2026-08-24|EPP,PATH_RISK_V1_2026-08-12,2026-08-24,EPP,ACWX,2026-10-07,True,False,False,False,-0.0342002713,,,,,,,,
PATH_RISK_V1_2026-08-12|2026-08-24|EPU,PATH_RISK_V1_2026-08-12,2026-08-24,EPU,ACWX,2026-10-07,True,False,False,False,-0.0173251567,,,,,,,,
PATH_RISK_V1_2026-08-12|2026-08-24|EWA,PATH_RISK_V1_2026-08-12,2026-08-24,EWA,ACWX,2026-10-07,True,False,False,False,-0.0454614484,,,,,,,,
PATH_RISK_V1_2026-08-12|2026-08-24|EWC,PATH_RISK_V1_2026-08-12,2026-08-24,EWC,ACWX,2026-10-07,True,False,False,False,-0.0284722372,,,,,,,,
PATH_RISK_V1_2026-08-12|2026-08-24|EWD,PATH_RISK_V1_2026-08-12,2026-08-24,EWD,ACWX,2026-10-07,True,False,False,False,-0.0307379821,,,,,,,,
PATH_RISK_V1_2026-08-12|2026-08-24|EWG,PATH_RISK_V1_2026-08-12,2026-08-24,EWG,ACWX,2026-10-07,True,False,False,False,-0.0400575296,,,,,,,,
PATH_RISK_V1_2026-08-12|2026-08-24|EWH,PATH_RISK_V1_2026-08-12,2026-08-24,EWH,ACWX,2026-10-07,True,False,False,False,-0.0243772338,,,,,,,,
PATH_RISK_V1_2026-08-12|2026-08-24|EWI,PATH_RISK_V1_2026-08-12,2026-08-24,EWI,ACWX,2026-10-07,True,False,False,False,-0.0330595386,,,,,,,,
PATH_RISK_V1_2026-08-12|2026-08-24|EWJ,PATH_RISK_V1_2026-08-12,2026-08-24,EWJ,ACWX,2026-10-07,True,False,False,False,0.0353333875,,,,,,,,
PATH_RISK_V1_2026-08-12|2026-08-24|EWL,PATH_RISK_V1_2026-08-12,2026-08-24,EWL,ACWX,2026-10-07,True,False,False,False,-0.0490461970,,,,,,,,
PATH_RISK_V1_2026-08-12|2026-08-24|EWN,PATH_RISK_V1_2026-08-12,2026-08-24,EWN,ACWX,2026-10-07,True,False,False,False,-0.0167453696,,,,,,,,
PATH_RISK_V1_2026-08-12|2026-08-24|EWO,PATH_RISK_V1_2026-08-12,2026-08-24,EWO,ACWX,2026-10-07,True,False,False,False,0.0057359814,,,,,,,,
PATH_RISK_V1_2026-08-12|2026-08-24|EWP,PATH_RISK_V1_2026-08-12,2026-08-24,EWP,ACWX,2026-10-07,True,False,False,False,-0.0343265939,,,,,,,,
PATH_RISK_V1_2026-08-12|2026-08-24|EWQ,PATH_RISK_V1_2026-08-12,2026-08-24,EWQ,ACWX,2026-10-07,True,False,False,False,-0.0595876148,,,,,,,,
PATH_RISK_V1_2026-08-12|2026-08-24|EWS,PATH_RISK_V1_2026-08-12,2026-08-24,EWS,ACWX,2026-10-07,True,False,False,False,-0.0005376726,,,,,,,,
PATH_RISK_V1_2026-08-12|2026-08-24|EWT,PATH_RISK_V1_2026-08-12,2026-08-24,EWT,ACWX,2026-10-07,True,False,False,False,0.1015450871,,,,,,,,
PATH_RISK_V1_2026-08-12|2026-08-24|EWW,PATH_RISK_V1_2026-08-12,2026-08-24,EWW,ACWX,2026-10-07,True,False,False,False,-0.0371589010,,,,,,,,
PATH_RISK_V1_2026-08-12|2026-08-24|EWY,PATH_RISK_V1_2026-08-12,2026-08-24,EWY,ACWX,2026-10-07,True,False,False,False,0.0817361865,,,,,,,,
PATH_RISK_V1_2026-08-12|2026-08-24|EWZ,PATH_RISK_V1_2026-08-12,2026-08-24,EWZ,ACWX,2026-10-07,True,False,False,False,0.0750457233,,,,,,,,
PATH_RISK_V1_2026-08-12|2026-08-24|EZA,PATH_RISK_V1_2026-08-12,2026-08-24,EZA,ACWX,2026-10-07,True,False,False,False,-0.0576036533,,,,,,,,
PATH_RISK_V1_2026-08-12|2026-08-24|FDN,PATH_RISK_V1_2026-08-12,2026-08-24,FDN,SPY,2026-10-07,True,False,False,False,0.0051095982,,,,,,,,
PATH_RISK_V1_2026-08-12|2026-08-24|FEZ,PATH_RISK_V1_2026-08-12,2026-08-24,FEZ,ACWX,2026-10-07,True,False,False,False,-0.0381127238,,,,,,,,
PATH_RISK_V1_2026-08-12|2026-08-24|GREK,PATH_RISK_V1_2026-08-12,2026-08-24,GREK,ACWX,2026-10-07,True,False,False,False,-0.0087863576,,,,,,,,
PATH_RISK_V1_2026-08-12|2026-08-24|IGV,PATH_RISK_V1_2026-08-12,2026-08-24,IGV,SPY,2026-10-07,True,False,False,False,0.0465857489,,,,,,,,
PATH_RISK_V1_2026-08-12|2026-08-24|IHF,PATH_RISK_V1_2026-08-12,2026-08-24,IHF,SPY,2026-10-07,True,False,False,False,-0.0459379004,,,,,,,,
PATH_RISK_V1_2026-08-12|2026-08-24|IHI,PATH_RISK_V1_2026-08-12,2026-08-24,IHI,SPY,2026-10-07,True,False,False,False,-0.0794538943,,,,,,,,
PATH_RISK_V1_2026-08-12|2026-08-24|ILF,PATH_RISK_V1_2026-08-12,2026-08-24,ILF,ACWX,2026-10-07,True,False,False,False,0.0225233809,,,,,,,,
PATH_RISK_V1_2026-08-12|2026-08-24|INDA,PATH_RISK_V1_2026-08-12,2026-08-24,INDA,ACWX,2026-10-07,True,False,False,False,-0.0148951964,,,,,,,,
PATH_RISK_V1_2026-08-12|2026-08-24|ITA,PATH_RISK_V1_2026-08-12,2026-08-24,ITA,SPY,2026-10-07,True,False,False,False,-0.0898462179,,,,,,,,
PATH_RISK_V1_2026-08-12|2026-08-24|IWM,PATH_RISK_V1_2026-08-12,2026-08-24,IWM,ITOT,2026-10-07,True,False,False,False,-0.0547102681,,,,,,,,
PATH_RISK_V1_2026-08-12|2026-08-24|IXC,PATH_RISK_V1_2026-08-12,2026-08-24,IXC,ACWI,2026-10-07,True,False,False,False,-0.0013334746,,,,,,,,
PATH_RISK_V1_2026-08-12|2026-08-24|IXJ,PATH_RISK_V1_2026-08-12,2026-08-24,IXJ,ACWI,2026-10-07,True,False,False,False,-0.0378542796,,,,,,,,
PATH_RISK_V1_2026-08-12|2026-08-24|IXN,PATH_RISK_V1_2026-08-12,2026-08-24,IXN,ACWI,2026-10-07,True,False,False,False,0.0802249073,,,,,,,,
PATH_RISK_V1_2026-08-12|2026-08-24|IYT,PATH_RISK_V1_2026-08-12,2026-08-24,IYT,SPY,2026-10-07,True,False,False,False,-0.0868228665,,,,,,,,
PATH_RISK_V1_2026-08-12|2026-08-24|IYZ,PATH_RISK_V1_2026-08-12,2026-08-24,IYZ,SPY,2026-10-07,True,False,False,False,-0.0333940512,,,,,,,,
PATH_RISK_V1_2026-08-12|2026-08-24|JXI,PATH_RISK_V1_2026-08-12,2026-08-24,JXI,ACWI,2026-10-07,True,False,False,False,-0.0549225409,,,,,,,,
PATH_RISK_V1_2026-08-12|2026-08-24|KBE,PATH_RISK_V1_2026-08-12,2026-08-24,KBE,SPY,2026-10-07,True,False,False,False,-0.0645634270,,,,,,,,
PATH_RISK_V1_2026-08-12|2026-08-24|KIE,PATH_RISK_V1_2026-08-12,2026-08-24,KIE,SPY,2026-10-07,True,False,False,False,-0.0698631127,,,,,,,,
PATH_RISK_V1_2026-08-12|2026-08-24|KRE,PATH_RISK_V1_2026-08-12,2026-08-24,KRE,SPY,2026-10-07,True,False,False,False,-0.0609093164,,,,,,,,
PATH_RISK_V1_2026-08-12|2026-08-24|KSA,PATH_RISK_V1_2026-08-12,2026-08-24,KSA,ACWX,2026-10-07,True,False,False,False,-0.0359405418,,,,,,,,
PATH_RISK_V1_2026-08-12|2026-08-24|KXI,PATH_RISK_V1_2026-08-12,2026-08-24,KXI,ACWI,2026-10-07,True,False,False,False,-0.0458856880,,,,,,,,
PATH_RISK_V1_2026-08-12|2026-08-24|MCHI,PATH_RISK_V1_2026-08-12,2026-08-24,MCHI,ACWX,2026-10-07,True,False,False,False,-0.0206605749,,,,,,,,
PATH_RISK_V1_2026-08-12|2026-08-24|MDY,PATH_RISK_V1_2026-08-12,2026-08-24,MDY,ITOT,2026-10-07,True,False,False,False,-0.0415510417,,,,,,,,
PATH_RISK_V1_2026-08-12|2026-08-24|MXI,PATH_RISK_V1_2026-08-12,2026-08-24,MXI,ACWI,2026-10-07,True,False,False,False,-0.0645285418,,,,,,,,
PATH_RISK_V1_2026-08-12|2026-08-24|OIH,PATH_RISK_V1_2026-08-12,2026-08-24,OIH,SPY,2026-10-07,True,False,False,False,-0.0397861239,,,,,,,,
PATH_RISK_V1_2026-08-12|2026-08-24|PAVE,PATH_RISK_V1_2026-08-12,2026-08-24,PAVE,SPY,2026-10-07,True,False,False,False,-0.0529915669,,,,,,,,
PATH_RISK_V1_2026-08-12|2026-08-24|PBJ,PATH_RISK_V1_2026-08-12,2026-08-24,PBJ,SPY,2026-10-07,True,False,False,False,-0.0769053905,,,,,,,,
PATH_RISK_V1_2026-08-12|2026-08-24|PEJ,PATH_RISK_V1_2026-08-12,2026-08-24,PEJ,SPY,2026-10-07,True,False,False,False,-0.1128277100,,,,,,,,
PATH_RISK_V1_2026-08-12|2026-08-24|QAT,PATH_RISK_V1_2026-08-12,2026-08-24,QAT,ACWX,2026-10-07,True,False,False,False,-0.0074218853,,,,,,,,
PATH_RISK_V1_2026-08-12|2026-08-24|QQQ,PATH_RISK_V1_2026-08-12,2026-08-24,QQQ,SPY,2026-10-07,True,False,False,False,0.0419650713,,,,,,,,
PATH_RISK_V1_2026-08-12|2026-08-24|REM,PATH_RISK_V1_2026-08-12,2026-08-24,REM,SPY,2026-10-07,True,False,False,False,-0.1091114216,,,,,,,,
PATH_RISK_V1_2026-08-12|2026-08-24|REZ,PATH_RISK_V1_2026-08-12,2026-08-24,REZ,SPY,2026-10-07,True,False,False,False,-0.0814237740,,,,,,,,
PATH_RISK_V1_2026-08-12|2026-08-24|SCZ,PATH_RISK_V1_2026-08-12,2026-08-24,SCZ,ACWX,2026-10-07,True,False,False,False,-0.0053200992,,,,,,,,
PATH_RISK_V1_2026-08-12|2026-08-24|SKYY,PATH_RISK_V1_2026-08-12,2026-08-24,SKYY,SPY,2026-10-07,True,False,False,False,0.0453564347,,,,,,,,
PATH_RISK_V1_2026-08-12|2026-08-24|SMH,PATH_RISK_V1_2026-08-12,2026-08-24,SMH,SPY,2026-10-07,True,False,False,False,0.0909458891,,,,,,,,
PATH_RISK_V1_2026-08-12|2026-08-24|THD,PATH_RISK_V1_2026-08-12,2026-08-24,THD,ACWX,2026-10-07,True,False,False,False,0.0095535380,,,,,,,,
PATH_RISK_V1_2026-08-12|2026-08-24|TUR,PATH_RISK_V1_2026-08-12,2026-08-24,TUR,ACWX,2026-10-07,True,False,False,False,-0.0627435417,,,,,,,,
PATH_RISK_V1_2026-08-12|2026-08-24|UAE,PATH_RISK_V1_2026-08-12,2026-08-24,UAE,ACWX,2026-10-07,True,False,False,False,0.0369993524,,,,,,,,
PATH_RISK_V1_2026-08-12|2026-08-24|VEA,PATH_RISK_V1_2026-08-12,2026-08-24,VEA,ACWX,2026-10-07,True,False,False,False,-0.0085081816,,,,,,,,
PATH_RISK_V1_2026-08-12|2026-08-24|VGK,PATH_RISK_V1_2026-08-12,2026-08-24,VGK,ACWX,2026-10-07,True,False,False,False,-0.0361032931,,,,,,,,
PATH_RISK_V1_2026-08-12|2026-08-24|VNM,PATH_RISK_V1_2026-08-12,2026-08-24,VNM,ACWX,2026-10-07,True,False,False,False,-0.0210262431,,,,,,,,
PATH_RISK_V1_2026-08-12|2026-08-24|VNQ,PATH_RISK_V1_2026-08-12,2026-08-24,VNQ,SPY,2026-10-07,True,False,False,False,-0.0767451602,,,,,,,,
PATH_RISK_V1_2026-08-12|2026-08-24|VPL,PATH_RISK_V1_2026-08-12,2026-08-24,VPL,ACWX,2026-10-07,True,False,False,False,0.0348462698,,,,,,,,
PATH_RISK_V1_2026-08-12|2026-08-24|VSS,PATH_RISK_V1_2026-08-12,2026-08-24,VSS,ACWX,2026-10-07,True,False,False,False,0.0014093921,,,,,,,,
PATH_RISK_V1_2026-08-12|2026-08-24|VWO,PATH_RISK_V1_2026-08-12,2026-08-24,VWO,ACWX,2026-10-07,True,False,False,False,0.0162213187,,,,,,,,
PATH_RISK_V1_2026-08-12|2026-08-24|XBI,PATH_RISK_V1_2026-08-12,2026-08-24,XBI,SPY,2026-10-07,True,False,False,False,-0.0623106218,,,,,,,,
PATH_RISK_V1_2026-08-12|2026-08-24|XHB,PATH_RISK_V1_2026-08-12,2026-08-24,XHB,SPY,2026-10-07,True,False,False,False,-0.0889024417,,,,,,,,
PATH_RISK_V1_2026-08-12|2026-08-24|XLB,PATH_RISK_V1_2026-08-12,2026-08-24,XLB,SPY,2026-10-07,True,False,False,False,-0.0649224095,,,,,,,,
PATH_RISK_V1_2026-08-12|2026-08-24|XLC,PATH_RISK_V1_2026-08-12,2026-08-24,XLC,SPY,2026-10-07,True,False,False,False,-0.0027201492,,,,,,,,
PATH_RISK_V1_2026-08-12|2026-08-24|XLE,PATH_RISK_V1_2026-08-12,2026-08-24,XLE,SPY,2026-10-07,True,False,False,False,-0.0139193412,,,,,,,,
PATH_RISK_V1_2026-08-12|2026-08-24|XLF,PATH_RISK_V1_2026-08-12,2026-08-24,XLF,SPY,2026-10-07,True,False,False,False,-0.0675225699,,,,,,,,
PATH_RISK_V1_2026-08-12|2026-08-24|XLI,PATH_RISK_V1_2026-08-12,2026-08-24,XLI,SPY,2026-10-07,True,False,False,False,-0.0548994023,,,,,,,,
PATH_RISK_V1_2026-08-12|2026-08-24|XLK,PATH_RISK_V1_2026-08-12,2026-08-24,XLK,SPY,2026-10-07,True,False,False,False,0.0773718846,,,,,,,,
PATH_RISK_V1_2026-08-12|2026-08-24|XLP,PATH_RISK_V1_2026-08-12,2026-08-24,XLP,SPY,2026-10-07,True,False,False,False,-0.0589049549,,,,,,,,
PATH_RISK_V1_2026-08-12|2026-08-24|XLRE,PATH_RISK_V1_2026-08-12,2026-08-24,XLRE,SPY,2026-10-07,True,False,False,False,-0.0767755184,,,,,,,,
PATH_RISK_V1_2026-08-12|2026-08-24|XLU,PATH_RISK_V1_2026-08-12,2026-08-24,XLU,SPY,2026-10-07,True,False,False,False,-0.0810432650,,,,,,,,
PATH_RISK_V1_2026-08-12|2026-08-24|XLV,PATH_RISK_V1_2026-08-12,2026-08-24,XLV,SPY,2026-10-07,True,False,False,False,-0.0379457754,,,,,,,,
PATH_RISK_V1_2026-08-12|2026-08-24|XLY,PATH_RISK_V1_2026-08-12,2026-08-24,XLY,SPY,2026-10-07,True,False,False,False,-0.0702135392,,,,,,,,
PATH_RISK_V1_2026-08-12|2026-08-24|XME,PATH_RISK_V1_2026-08-12,2026-08-24,XME,SPY,2026-10-07,True,False,False,False,-0.0772567184,,,,,,,,
PATH_RISK_V1_2026-08-12|2026-08-24|XOP,PATH_RISK_V1_2026-08-12,2026-08-24,XOP,SPY,2026-10-07,True,False,False,False,-0.0233567061,,,,,,,,
PATH_RISK_V1_2026-08-12|2026-08-24|XPH,PATH_RISK_V1_2026-08-12,2026-08-24,XPH,SPY,2026-10-07,True,False,False,False,-0.0955730223,,,,,,,,
PATH_RISK_V1_2026-08-12|2026-08-25|AAXJ,PATH_RISK_V1_2026-08-12,2026-08-25,AAXJ,ACWX,2026-10-07,True,False,False,False,0.0313068578,,,,,,,,
PATH_RISK_V1_2026-08-12|2026-08-25|AFK,PATH_RISK_V1_2026-08-12,2026-08-25,AFK,ACWX,2026-10-07,True,False,False,False,-0.0187553913,,,,,,,,
PATH_RISK_V1_2026-08-12|2026-08-25|ARGT,PATH_RISK_V1_2026-08-12,2026-08-25,ARGT,ACWX,2026-10-07,True,False,False,False,-0.0370039136,,,,,,,,
PATH_RISK_V1_2026-08-12|2026-08-25|ASEA,PATH_RISK_V1_2026-08-12,2026-08-25,ASEA,ACWX,2026-10-07,True,False,False,False,0.0002108195,,,,,,,,
PATH_RISK_V1_2026-08-12|2026-08-25|CIBR,PATH_RISK_V1_2026-08-12,2026-08-25,CIBR,SPY,2026-10-07,True,False,False,False,0.1114747961,,,,,,,,
PATH_RISK_V1_2026-08-12|2026-08-25|EDEN,PATH_RISK_V1_2026-08-12,2026-08-25,EDEN,ACWX,2026-10-07,True,False,False,False,-0.0532299658,,,,,,,,
PATH_RISK_V1_2026-08-12|2026-08-25|EEM,PATH_RISK_V1_2026-08-12,2026-08-25,EEM,ACWX,2026-10-07,True,False,False,False,0.0266439027,,,,,,,,
PATH_RISK_V1_2026-08-12|2026-08-25|EFA,PATH_RISK_V1_2026-08-12,2026-08-25,EFA,ACWX,2026-10-07,True,False,False,False,-0.0140217829,,,,,,,,
PATH_RISK_V1_2026-08-12|2026-08-25|EFNL,PATH_RISK_V1_2026-08-12,2026-08-25,EFNL,ACWX,2026-10-07,True,False,False,False,0.0157162480,,,,,,,,
PATH_RISK_V1_2026-08-12|2026-08-25|EIDO,PATH_RISK_V1_2026-08-12,2026-08-25,EIDO,ACWX,2026-10-07,True,False,False,False,-0.0327553536,,,,,,,,
PATH_RISK_V1_2026-08-12|2026-08-25|EIRL,PATH_RISK_V1_2026-08-12,2026-08-25,EIRL,ACWX,2026-10-07,True,False,False,False,-0.0064225905,,,,,,,,
PATH_RISK_V1_2026-08-12|2026-08-25|EIS,PATH_RISK_V1_2026-08-12,2026-08-25,EIS,ACWX,2026-10-07,True,False,False,False,0.0268948257,,,,,,,,
PATH_RISK_V1_2026-08-12|2026-08-25|EMXC,PATH_RISK_V1_2026-08-12,2026-08-25,EMXC,ACWX,2026-10-07,True,False,False,False,0.0413624796,,,,,,,,
PATH_RISK_V1_2026-08-12|2026-08-25|ENOR,PATH_RISK_V1_2026-08-12,2026-08-25,ENOR,ACWX,2026-10-07,True,False,False,False,0.0131870735,,,,,,,,
PATH_RISK_V1_2026-08-12|2026-08-25|ENZL,PATH_RISK_V1_2026-08-12,2026-08-25,ENZL,ACWX,2026-10-07,True,False,False,False,-0.0483486145,,,,,,,,
PATH_RISK_V1_2026-08-12|2026-08-25|EPOL,PATH_RISK_V1_2026-08-12,2026-08-25,EPOL,ACWX,2026-10-07,True,False,False,False,0.0273331256,,,,,,,,
PATH_RISK_V1_2026-08-12|2026-08-25|EPP,PATH_RISK_V1_2026-08-12,2026-08-25,EPP,ACWX,2026-10-07,True,False,False,False,-0.0324472841,,,,,,,,
PATH_RISK_V1_2026-08-12|2026-08-25|EPU,PATH_RISK_V1_2026-08-12,2026-08-25,EPU,ACWX,2026-10-07,True,False,False,False,-0.0197318299,,,,,,,,
PATH_RISK_V1_2026-08-12|2026-08-25|EWA,PATH_RISK_V1_2026-08-12,2026-08-25,EWA,ACWX,2026-10-07,True,False,False,False,-0.0448804516,,,,,,,,
PATH_RISK_V1_2026-08-12|2026-08-25|EWC,PATH_RISK_V1_2026-08-12,2026-08-25,EWC,ACWX,2026-10-07,True,False,False,False,-0.0258027854,,,,,,,,
PATH_RISK_V1_2026-08-12|2026-08-25|EWD,PATH_RISK_V1_2026-08-12,2026-08-25,EWD,ACWX,2026-10-07,True,False,False,False,-0.0353135963,,,,,,,,
PATH_RISK_V1_2026-08-12|2026-08-25|EWG,PATH_RISK_V1_2026-08-12,2026-08-25,EWG,ACWX,2026-10-07,True,False,False,False,-0.0329453721,,,,,,,,
PATH_RISK_V1_2026-08-12|2026-08-25|EWH,PATH_RISK_V1_2026-08-12,2026-08-25,EWH,ACWX,2026-10-07,True,False,False,False,-0.0056600658,,,,,,,,
PATH_RISK_V1_2026-08-12|2026-08-25|EWI,PATH_RISK_V1_2026-08-12,2026-08-25,EWI,ACWX,2026-10-07,True,False,False,False,-0.0235316645,,,,,,,,
PATH_RISK_V1_2026-08-12|2026-08-25|EWJ,PATH_RISK_V1_2026-08-12,2026-08-25,EWJ,ACWX,2026-10-07,True,False,False,False,0.0285763186,,,,,,,,
PATH_RISK_V1_2026-08-12|2026-08-25|EWL,PATH_RISK_V1_2026-08-12,2026-08-25,EWL,ACWX,2026-10-07,True,False,False,False,-0.0409527152,,,,,,,,
PATH_RISK_V1_2026-08-12|2026-08-25|EWN,PATH_RISK_V1_2026-08-12,2026-08-25,EWN,ACWX,2026-10-07,True,False,False,False,-0.0018945206,,,,,,,,
PATH_RISK_V1_2026-08-12|2026-08-25|EWO,PATH_RISK_V1_2026-08-12,2026-08-25,EWO,ACWX,2026-10-07,True,False,False,False,0.0161345580,,,,,,,,
PATH_RISK_V1_2026-08-12|2026-08-25|EWP,PATH_RISK_V1_2026-08-12,2026-08-25,EWP,ACWX,2026-10-07,True,False,False,False,-0.0118857735,,,,,,,,
PATH_RISK_V1_2026-08-12|2026-08-25|EWQ,PATH_RISK_V1_2026-08-12,2026-08-25,EWQ,ACWX,2026-10-07,True,False,False,False,-0.0431704870,,,,,,,,
PATH_RISK_V1_2026-08-12|2026-08-25|EWT,PATH_RISK_V1_2026-08-12,2026-08-25,EWT,ACWX,2026-10-07,True,False,False,False,0.1014505917,,,,,,,,
PATH_RISK_V1_2026-08-12|2026-08-25|EWU,PATH_RISK_V1_2026-08-12,2026-08-25,EWU,ACWX,2026-10-07,True,False,False,False,-0.0197099123,,,,,,,,
PATH_RISK_V1_2026-08-12|2026-08-25|EWW,PATH_RISK_V1_2026-08-12,2026-08-25,EWW,ACWX,2026-10-07,True,False,False,False,-0.0437770925,,,,,,,,
PATH_RISK_V1_2026-08-12|2026-08-25|EWY,PATH_RISK_V1_2026-08-12,2026-08-25,EWY,ACWX,2026-10-07,True,False,False,False,0.0402071428,,,,,,,,
PATH_RISK_V1_2026-08-12|2026-08-25|EWZ,PATH_RISK_V1_2026-08-12,2026-08-25,EWZ,ACWX,2026-10-07,True,False,False,False,0.0561155349,,,,,,,,
PATH_RISK_V1_2026-08-12|2026-08-25|EZA,PATH_RISK_V1_2026-08-12,2026-08-25,EZA,ACWX,2026-10-07,True,False,False,False,-0.0669447886,,,,,,,,
PATH_RISK_V1_2026-08-12|2026-08-25|FDN,PATH_RISK_V1_2026-08-12,2026-08-25,FDN,SPY,2026-10-07,True,False,False,False,0.0131880805,,,,,,,,
PATH_RISK_V1_2026-08-12|2026-08-25|FEZ,PATH_RISK_V1_2026-08-12,2026-08-25,FEZ,ACWX,2026-10-07,True,False,False,False,-0.0232338366,,,,,,,,
PATH_RISK_V1_2026-08-12|2026-08-25|GREK,PATH_RISK_V1_2026-08-12,2026-08-25,GREK,ACWX,2026-10-07,True,False,False,False,0.0002331768,,,,,,,,
PATH_RISK_V1_2026-08-12|2026-08-25|IGV,PATH_RISK_V1_2026-08-12,2026-08-25,IGV,SPY,2026-10-07,True,False,False,False,0.0476941038,,,,,,,,
PATH_RISK_V1_2026-08-12|2026-08-25|IHI,PATH_RISK_V1_2026-08-12,2026-08-25,IHI,SPY,2026-10-07,True,False,False,False,-0.0808108144,,,,,,,,
PATH_RISK_V1_2026-08-12|2026-08-25|ILF,PATH_RISK_V1_2026-08-12,2026-08-25,ILF,ACWX,2026-10-07,True,False,False,False,0.0103156573,,,,,,,,
PATH_RISK_V1_2026-08-12|2026-08-25|INDA,PATH_RISK_V1_2026-08-12,2026-08-25,INDA,ACWX,2026-10-07,True,False,False,False,-0.0279278312,,,,,,,,
PATH_RISK_V1_2026-08-12|2026-08-25|ITA,PATH_RISK_V1_2026-08-12,2026-08-25,ITA,SPY,2026-10-07,True,False,False,False,-0.0946340421,,,,,,,,
PATH_RISK_V1_2026-08-12|2026-08-25|IXC,PATH_RISK_V1_2026-08-12,2026-08-25,IXC,ACWI,2026-10-07,True,False,False,False,0.0235290693,,,,,,,,
PATH_RISK_V1_2026-08-12|2026-08-25|IXG,PATH_RISK_V1_2026-08-12,2026-08-25,IXG,ACWI,2026-10-07,True,False,False,False,-0.0387221295,,,,,,,,
PATH_RISK_V1_2026-08-12|2026-08-25|IXJ,PATH_RISK_V1_2026-08-12,2026-08-25,IXJ,ACWI,2026-10-07,True,False,False,False,-0.0323253140,,,,,,,,
PATH_RISK_V1_2026-08-12|2026-08-25|IXN,PATH_RISK_V1_2026-08-12,2026-08-25,IXN,ACWI,2026-10-07,True,False,False,False,0.0712786769,,,,,,,,
PATH_RISK_V1_2026-08-12|2026-08-25|IXP,PATH_RISK_V1_2026-08-12,2026-08-25,IXP,ACWI,2026-10-07,True,False,False,False,0.0328414139,,,,,,,,
PATH_RISK_V1_2026-08-12|2026-08-25|IYG,PATH_RISK_V1_2026-08-12,2026-08-25,IYG,SPY,2026-10-07,True,False,False,False,-0.0629283297,,,,,,,,
PATH_RISK_V1_2026-08-12|2026-08-25|IYT,PATH_RISK_V1_2026-08-12,2026-08-25,IYT,SPY,2026-10-07,True,False,False,False,-0.0976921811,,,,,,,,
PATH_RISK_V1_2026-08-12|2026-08-25|IYZ,PATH_RISK_V1_2026-08-12,2026-08-25,IYZ,SPY,2026-10-07,True,False,False,False,-0.0386249546,,,,,,,,
PATH_RISK_V1_2026-08-12|2026-08-25|JXI,PATH_RISK_V1_2026-08-12,2026-08-25,JXI,ACWI,2026-10-07,True,False,False,False,-0.0609093121,,,,,,,,
PATH_RISK_V1_2026-08-12|2026-08-25|KBE,PATH_RISK_V1_2026-08-12,2026-08-25,KBE,SPY,2026-10-07,True,False,False,False,-0.0517564749,,,,,,,,
PATH_RISK_V1_2026-08-12|2026-08-25|KIE,PATH_RISK_V1_2026-08-12,2026-08-25,KIE,SPY,2026-10-07,True,False,False,False,-0.0665516157,,,,,,,,
PATH_RISK_V1_2026-08-12|2026-08-25|KRE,PATH_RISK_V1_2026-08-12,2026-08-25,KRE,SPY,2026-10-07,True,False,False,False,-0.0441343162,,,,,,,,
PATH_RISK_V1_2026-08-12|2026-08-25|KSA,PATH_RISK_V1_2026-08-12,2026-08-25,KSA,ACWX,2026-10-07,True,False,False,False,-0.0353312666,,,,,,,,
PATH_RISK_V1_2026-08-12|2026-08-25|MCHI,PATH_RISK_V1_2026-08-12,2026-08-25,MCHI,ACWX,2026-10-07,True,False,False,False,-0.0161949941,,,,,,,,
PATH_RISK_V1_2026-08-12|2026-08-25|MXI,PATH_RISK_V1_2026-08-12,2026-08-25,MXI,ACWI,2026-10-07,True,False,False,False,-0.0744295138,,,,,,,,
PATH_RISK_V1_2026-08-12|2026-08-25|OIH,PATH_RISK_V1_2026-08-12,2026-08-25,OIH,SPY,2026-10-07,True,False,False,False,-0.0323335822,,,,,,,,
PATH_RISK_V1_2026-08-12|2026-08-25|PAVE,PATH_RISK_V1_2026-08-12,2026-08-25,PAVE,SPY,2026-10-07,True,False,False,False,-0.0499567842,,,,,,,,
PATH_RISK_V1_2026-08-12|2026-08-25|PBJ,PATH_RISK_V1_2026-08-12,2026-08-25,PBJ,SPY,2026-10-07,True,False,False,False,-0.0686880339,,,,,,,,
PATH_RISK_V1_2026-08-12|2026-08-25|QAT,PATH_RISK_V1_2026-08-12,2026-08-25,QAT,ACWX,2026-10-07,True,False,False,False,0.0004115397,,,,,,,,
PATH_RISK_V1_2026-08-12|2026-08-25|REM,PATH_RISK_V1_2026-08-12,2026-08-25,REM,SPY,2026-10-07,True,False,False,False,-0.1192561585,,,,,,,,
PATH_RISK_V1_2026-08-12|2026-08-25|REZ,PATH_RISK_V1_2026-08-12,2026-08-25,REZ,SPY,2026-10-07,True,False,False,False,-0.0774370300,,,,,,,,
PATH_RISK_V1_2026-08-12|2026-08-25|SCZ,PATH_RISK_V1_2026-08-12,2026-08-25,SCZ,ACWX,2026-10-07,True,False,False,False,-0.0043845912,,,,,,,,
PATH_RISK_V1_2026-08-12|2026-08-25|SKYY,PATH_RISK_V1_2026-08-12,2026-08-25,SKYY,SPY,2026-10-07,True,False,False,False,0.0480512234,,,,,,,,
PATH_RISK_V1_2026-08-12|2026-08-25|SMH,PATH_RISK_V1_2026-08-12,2026-08-25,SMH,SPY,2026-10-07,True,False,False,False,0.0759613129,,,,,,,,
PATH_RISK_V1_2026-08-12|2026-08-25|THD,PATH_RISK_V1_2026-08-12,2026-08-25,THD,ACWX,2026-10-07,True,False,False,False,0.0290271941,,,,,,,,
PATH_RISK_V1_2026-08-12|2026-08-25|TUR,PATH_RISK_V1_2026-08-12,2026-08-25,TUR,ACWX,2026-10-07,True,False,False,False,-0.0680997403,,,,,,,,
PATH_RISK_V1_2026-08-12|2026-08-25|UAE,PATH_RISK_V1_2026-08-12,2026-08-25,UAE,ACWX,2026-10-07,True,False,False,False,0.0684505888,,,,,,,,
PATH_RISK_V1_2026-08-12|2026-08-25|VEA,PATH_RISK_V1_2026-08-12,2026-08-25,VEA,ACWX,2026-10-07,True,False,False,False,-0.0090330403,,,,,,,,
PATH_RISK_V1_2026-08-12|2026-08-25|VGK,PATH_RISK_V1_2026-08-12,2026-08-25,VGK,ACWX,2026-10-07,True,False,False,False,-0.0273453443,,,,,,,,
PATH_RISK_V1_2026-08-12|2026-08-25|VNM,PATH_RISK_V1_2026-08-12,2026-08-25,VNM,ACWX,2026-10-07,True,False,False,False,-0.0156802477,,,,,,,,
PATH_RISK_V1_2026-08-12|2026-08-25|VNQ,PATH_RISK_V1_2026-08-12,2026-08-25,VNQ,SPY,2026-10-07,True,False,False,False,-0.0772687393,,,,,,,,
PATH_RISK_V1_2026-08-12|2026-08-25|VPL,PATH_RISK_V1_2026-08-12,2026-08-25,VPL,ACWX,2026-10-07,True,False,False,False,0.0229189840,,,,,,,,
PATH_RISK_V1_2026-08-12|2026-08-25|VSS,PATH_RISK_V1_2026-08-12,2026-08-25,VSS,ACWX,2026-10-07,True,False,False,False,-0.0006325657,,,,,,,,
PATH_RISK_V1_2026-08-12|2026-08-25|VWO,PATH_RISK_V1_2026-08-12,2026-08-25,VWO,ACWX,2026-10-07,True,False,False,False,0.0155401322,,,,,,,,
PATH_RISK_V1_2026-08-12|2026-08-25|XBI,PATH_RISK_V1_2026-08-12,2026-08-25,XBI,SPY,2026-10-07,True,False,False,False,-0.0809830964,,,,,,,,
PATH_RISK_V1_2026-08-12|2026-08-25|XLB,PATH_RISK_V1_2026-08-12,2026-08-25,XLB,SPY,2026-10-07,True,False,False,False,-0.0723669015,,,,,,,,
PATH_RISK_V1_2026-08-12|2026-08-25|XLC,PATH_RISK_V1_2026-08-12,2026-08-25,XLC,SPY,2026-10-07,True,False,False,False,0.0063043995,,,,,,,,
PATH_RISK_V1_2026-08-12|2026-08-25|XLE,PATH_RISK_V1_2026-08-12,2026-08-25,XLE,SPY,2026-10-07,True,False,False,False,0.0105078560,,,,,,,,
PATH_RISK_V1_2026-08-12|2026-08-25|XLF,PATH_RISK_V1_2026-08-12,2026-08-25,XLF,SPY,2026-10-07,True,False,False,False,-0.0653906609,,,,,,,,
PATH_RISK_V1_2026-08-12|2026-08-25|XLI,PATH_RISK_V1_2026-08-12,2026-08-25,XLI,SPY,2026-10-07,True,False,False,False,-0.0550174934,,,,,,,,
PATH_RISK_V1_2026-08-12|2026-08-25|XLK,PATH_RISK_V1_2026-08-12,2026-08-25,XLK,SPY,2026-10-07,True,False,False,False,0.0681877392,,,,,,,,
PATH_RISK_V1_2026-08-12|2026-08-25|XLP,PATH_RISK_V1_2026-08-12,2026-08-25,XLP,SPY,2026-10-07,True,False,False,False,-0.0534233037,,,,,,,,
PATH_RISK_V1_2026-08-12|2026-08-25|XLRE,PATH_RISK_V1_2026-08-12,2026-08-25,XLRE,SPY,2026-10-07,True,False,False,False,-0.0778839260,,,,,,,,
PATH_RISK_V1_2026-08-12|2026-08-25|XLU,PATH_RISK_V1_2026-08-12,2026-08-25,XLU,SPY,2026-10-07,True,False,False,False,-0.0883001088,,,,,,,,
PATH_RISK_V1_2026-08-12|2026-08-25|XLV,PATH_RISK_V1_2026-08-12,2026-08-25,XLV,SPY,2026-10-07,True,False,False,False,-0.0312274368,,,,,,,,
PATH_RISK_V1_2026-08-12|2026-08-25|XLY,PATH_RISK_V1_2026-08-12,2026-08-25,XLY,SPY,2026-10-07,True,False,False,False,-0.0664982776,,,,,,,,
PATH_RISK_V1_2026-08-12|2026-08-25|XME,PATH_RISK_V1_2026-08-12,2026-08-25,XME,SPY,2026-10-07,True,False,False,False,-0.1104138028,,,,,,,,
PATH_RISK_V1_2026-08-12|2026-08-25|XOP,PATH_RISK_V1_2026-08-12,2026-08-25,XOP,SPY,2026-10-07,True,False,False,False,0.0070651099,,,,,,,,
PATH_RISK_V1_2026-08-12|2026-08-25|XRT,PATH_RISK_V1_2026-08-12,2026-08-25,XRT,SPY,2026-10-07,True,False,False,False,-0.0677682232,,,,,,,,
PATH_RISK_V1_2026-08-12|2026-08-26|AAXJ,PATH_RISK_V1_2026-08-12,2026-08-26,AAXJ,ACWX,2026-10-07,True,False,False,False,0.0285919725,,,,,,,,
PATH_RISK_V1_2026-08-12|2026-08-26|ARGT,PATH_RISK_V1_2026-08-12,2026-08-26,ARGT,ACWX,2026-10-07,True,False,False,False,-0.0494688665,,,,,,,,
PATH_RISK_V1_2026-08-12|2026-08-26|CIBR,PATH_RISK_V1_2026-08-12,2026-08-26,CIBR,SPY,2026-10-07,True,False,False,False,0.0678498927,,,,,,,,
PATH_RISK_V1_2026-08-12|2026-08-26|ECH,PATH_RISK_V1_2026-08-12,2026-08-26,ECH,ACWX,2026-10-07,True,False,False,False,-0.0420554967,,,,,,,,
PATH_RISK_V1_2026-08-12|2026-08-26|EEM,PATH_RISK_V1_2026-08-12,2026-08-26,EEM,ACWX,2026-10-07,True,False,False,False,0.0256198434,,,,,,,,
PATH_RISK_V1_2026-08-12|2026-08-26|EFA,PATH_RISK_V1_2026-08-12,2026-08-26,EFA,ACWX,2026-10-07,True,False,False,False,-0.0119661600,,,,,,,,
PATH_RISK_V1_2026-08-12|2026-08-26|EFNL,PATH_RISK_V1_2026-08-12,2026-08-26,EFNL,ACWX,2026-10-07,True,False,False,False,0.0026203328,,,,,,,,
PATH_RISK_V1_2026-08-12|2026-08-26|EIDO,PATH_RISK_V1_2026-08-12,2026-08-26,EIDO,ACWX,2026-10-07,True,False,False,False,-0.0271367373,,,,,,,,
PATH_RISK_V1_2026-08-12|2026-08-26|EIRL,PATH_RISK_V1_2026-08-12,2026-08-26,EIRL,ACWX,2026-10-07,True,False,False,False,-0.0053294171,,,,,,,,
PATH_RISK_V1_2026-08-12|2026-08-26|EIS,PATH_RISK_V1_2026-08-12,2026-08-26,EIS,ACWX,2026-10-07,True,False,False,False,0.0074192999,,,,,,,,
PATH_RISK_V1_2026-08-12|2026-08-26|EMXC,PATH_RISK_V1_2026-08-12,2026-08-26,EMXC,ACWX,2026-10-07,True,False,False,False,0.0434175125,,,,,,,,
PATH_RISK_V1_2026-08-12|2026-08-26|ENOR,PATH_RISK_V1_2026-08-12,2026-08-26,ENOR,ACWX,2026-10-07,True,False,False,False,0.0003463506,,,,,,,,
PATH_RISK_V1_2026-08-12|2026-08-26|ENZL,PATH_RISK_V1_2026-08-12,2026-08-26,ENZL,ACWX,2026-10-07,True,False,False,False,-0.0513214022,,,,,,,,
PATH_RISK_V1_2026-08-12|2026-08-26|EPHE,PATH_RISK_V1_2026-08-12,2026-08-26,EPHE,ACWX,2026-10-07,True,False,False,False,-0.0388760721,,,,,,,,
PATH_RISK_V1_2026-08-12|2026-08-26|EPOL,PATH_RISK_V1_2026-08-12,2026-08-26,EPOL,ACWX,2026-10-07,True,False,False,False,0.0161178968,,,,,,,,
PATH_RISK_V1_2026-08-12|2026-08-26|EPP,PATH_RISK_V1_2026-08-12,2026-08-26,EPP,ACWX,2026-10-07,True,False,False,False,-0.0332681523,,,,,,,,
PATH_RISK_V1_2026-08-12|2026-08-26|EPU,PATH_RISK_V1_2026-08-12,2026-08-26,EPU,ACWX,2026-10-07,True,False,False,False,-0.0226055021,,,,,,,,
PATH_RISK_V1_2026-08-12|2026-08-26|EWA,PATH_RISK_V1_2026-08-12,2026-08-26,EWA,ACWX,2026-10-07,True,False,False,False,-0.0444132616,,,,,,,,
PATH_RISK_V1_2026-08-12|2026-08-26|EWC,PATH_RISK_V1_2026-08-12,2026-08-26,EWC,ACWX,2026-10-07,True,False,False,False,-0.0295924758,,,,,,,,
PATH_RISK_V1_2026-08-12|2026-08-26|EWG,PATH_RISK_V1_2026-08-12,2026-08-26,EWG,ACWX,2026-10-07,True,False,False,False,-0.0337037564,,,,,,,,
PATH_RISK_V1_2026-08-12|2026-08-26|EWH,PATH_RISK_V1_2026-08-12,2026-08-26,EWH,ACWX,2026-10-07,True,False,False,False,-0.0166405440,,,,,,,,
PATH_RISK_V1_2026-08-12|2026-08-26|EWJ,PATH_RISK_V1_2026-08-12,2026-08-26,EWJ,ACWX,2026-10-07,True,False,False,False,0.0399474671,,,,,,,,
PATH_RISK_V1_2026-08-12|2026-08-26|EWM,PATH_RISK_V1_2026-08-12,2026-08-26,EWM,ACWX,2026-10-07,True,False,False,False,-0.0274861853,,,,,,,,
PATH_RISK_V1_2026-08-12|2026-08-26|EWN,PATH_RISK_V1_2026-08-12,2026-08-26,EWN,ACWX,2026-10-07,True,False,False,False,-0.0014302117,,,,,,,,
PATH_RISK_V1_2026-08-12|2026-08-26|EWO,PATH_RISK_V1_2026-08-12,2026-08-26,EWO,ACWX,2026-10-07,True,False,False,False,0.0065426971,,,,,,,,
PATH_RISK_V1_2026-08-12|2026-08-26|EWS,PATH_RISK_V1_2026-08-12,2026-08-26,EWS,ACWX,2026-10-07,True,False,False,False,-0.0055815855,,,,,,,,
PATH_RISK_V1_2026-08-12|2026-08-26|EWT,PATH_RISK_V1_2026-08-12,2026-08-26,EWT,ACWX,2026-10-07,True,False,False,False,0.0933167020,,,,,,,,
PATH_RISK_V1_2026-08-12|2026-08-26|EWU,PATH_RISK_V1_2026-08-12,2026-08-26,EWU,ACWX,2026-10-07,True,False,False,False,-0.0185417381,,,,,,,,
PATH_RISK_V1_2026-08-12|2026-08-26|EWW,PATH_RISK_V1_2026-08-12,2026-08-26,EWW,ACWX,2026-10-07,True,False,False,False,-0.0416158254,,,,,,,,
PATH_RISK_V1_2026-08-12|2026-08-26|EWY,PATH_RISK_V1_2026-08-12,2026-08-26,EWY,ACWX,2026-10-07,True,False,False,False,0.0586453206,,,,,,,,
PATH_RISK_V1_2026-08-12|2026-08-26|EWZ,PATH_RISK_V1_2026-08-12,2026-08-26,EWZ,ACWX,2026-10-07,True,False,False,False,0.0446069058,,,,,,,,
PATH_RISK_V1_2026-08-12|2026-08-26|EXI,PATH_RISK_V1_2026-08-12,2026-08-26,EXI,ACWI,2026-10-07,True,False,False,False,-0.0431671730,,,,,,,,
PATH_RISK_V1_2026-08-12|2026-08-26|EZA,PATH_RISK_V1_2026-08-12,2026-08-26,EZA,ACWX,2026-10-07,True,False,False,False,-0.0601174110,,,,,,,,
PATH_RISK_V1_2026-08-12|2026-08-26|FDN,PATH_RISK_V1_2026-08-12,2026-08-26,FDN,SPY,2026-10-07,True,False,False,False,0.0022558967,,,,,,,,
PATH_RISK_V1_2026-08-12|2026-08-26|FEZ,PATH_RISK_V1_2026-08-12,2026-08-26,FEZ,ACWX,2026-10-07,True,False,False,False,-0.0277199558,,,,,,,,
PATH_RISK_V1_2026-08-12|2026-08-26|GREK,PATH_RISK_V1_2026-08-12,2026-08-26,GREK,ACWX,2026-10-07,True,False,False,False,0.0061615020,,,,,,,,
PATH_RISK_V1_2026-08-12|2026-08-26|IGV,PATH_RISK_V1_2026-08-12,2026-08-26,IGV,SPY,2026-10-07,True,False,False,False,0.0257342317,,,,,,,,
PATH_RISK_V1_2026-08-12|2026-08-26|IHI,PATH_RISK_V1_2026-08-12,2026-08-26,IHI,SPY,2026-10-07,True,False,False,False,-0.0756366395,,,,,,,,
PATH_RISK_V1_2026-08-12|2026-08-26|ILF,PATH_RISK_V1_2026-08-12,2026-08-26,ILF,ACWX,2026-10-07,True,False,False,False,0.0052990099,,,,,,,,
PATH_RISK_V1_2026-08-12|2026-08-26|INDA,PATH_RISK_V1_2026-08-12,2026-08-26,INDA,ACWX,2026-10-07,True,False,False,False,-0.0250997336,,,,,,,,
PATH_RISK_V1_2026-08-12|2026-08-26|IWM,PATH_RISK_V1_2026-08-12,2026-08-26,IWM,ITOT,2026-10-07,True,False,False,False,-0.0585851085,,,,,,,,
PATH_RISK_V1_2026-08-12|2026-08-26|IXC,PATH_RISK_V1_2026-08-12,2026-08-26,IXC,ACWI,2026-10-07,True,False,False,False,0.0053695667,,,,,,,,
PATH_RISK_V1_2026-08-12|2026-08-26|IXG,PATH_RISK_V1_2026-08-12,2026-08-26,IXG,ACWI,2026-10-07,True,False,False,False,-0.0351648610,,,,,,,,
PATH_RISK_V1_2026-08-12|2026-08-26|IXJ,PATH_RISK_V1_2026-08-12,2026-08-26,IXJ,ACWI,2026-10-07,True,False,False,False,-0.0237678432,,,,,,,,
PATH_RISK_V1_2026-08-12|2026-08-26|IYG,PATH_RISK_V1_2026-08-12,2026-08-26,IYG,SPY,2026-10-07,True,False,False,False,-0.0609707451,,,,,,,,
PATH_RISK_V1_2026-08-12|2026-08-26|IYT,PATH_RISK_V1_2026-08-12,2026-08-26,IYT,SPY,2026-10-07,True,False,False,False,-0.0966522312,,,,,,,,
PATH_RISK_V1_2026-08-12|2026-08-26|JXI,PATH_RISK_V1_2026-08-12,2026-08-26,JXI,ACWI,2026-10-07,True,False,False,False,-0.0637591223,,,,,,,,
PATH_RISK_V1_2026-08-12|2026-08-26|KBE,PATH_RISK_V1_2026-08-12,2026-08-26,KBE,SPY,2026-10-07,True,False,False,False,-0.0521220526,,,,,,,,
PATH_RISK_V1_2026-08-12|2026-08-26|KIE,PATH_RISK_V1_2026-08-12,2026-08-26,KIE,SPY,2026-10-07,True,False,False,False,-0.0746822192,,,,,,,,
PATH_RISK_V1_2026-08-12|2026-08-26|KRE,PATH_RISK_V1_2026-08-12,2026-08-26,KRE,SPY,2026-10-07,True,False,False,False,-0.0441289527,,,,,,,,
PATH_RISK_V1_2026-08-12|2026-08-26|MCHI,PATH_RISK_V1_2026-08-12,2026-08-26,MCHI,ACWX,2026-10-07,True,False,False,False,-0.0322129128,,,,,,,,
PATH_RISK_V1_2026-08-12|2026-08-26|MDY,PATH_RISK_V1_2026-08-12,2026-08-26,MDY,ITOT,2026-10-07,True,False,False,False,-0.0486465162,,,,,,,,
PATH_RISK_V1_2026-08-12|2026-08-26|MXI,PATH_RISK_V1_2026-08-12,2026-08-26,MXI,ACWI,2026-10-07,True,False,False,False,-0.0701611787,,,,,,,,
PATH_RISK_V1_2026-08-12|2026-08-26|OIH,PATH_RISK_V1_2026-08-12,2026-08-26,OIH,SPY,2026-10-07,True,False,False,False,-0.0366977823,,,,,,,,
PATH_RISK_V1_2026-08-12|2026-08-26|PAVE,PATH_RISK_V1_2026-08-12,2026-08-26,PAVE,SPY,2026-10-07,True,False,False,False,-0.0575850647,,,,,,,,
PATH_RISK_V1_2026-08-12|2026-08-26|QAT,PATH_RISK_V1_2026-08-12,2026-08-26,QAT,ACWX,2026-10-07,True,False,False,False,-0.0182602747,,,,,,,,
PATH_RISK_V1_2026-08-12|2026-08-26|QQQ,PATH_RISK_V1_2026-08-12,2026-08-26,QQQ,SPY,2026-10-07,True,False,False,False,0.0379274671,,,,,,,,
PATH_RISK_V1_2026-08-12|2026-08-26|RXI,PATH_RISK_V1_2026-08-12,2026-08-26,RXI,ACWI,2026-10-07,True,False,False,False,-0.0621622329,,,,,,,,
PATH_RISK_V1_2026-08-12|2026-08-26|SCZ,PATH_RISK_V1_2026-08-12,2026-08-26,SCZ,ACWX,2026-10-07,True,False,False,False,-0.0067313879,,,,,,,,
PATH_RISK_V1_2026-08-12|2026-08-26|SKYY,PATH_RISK_V1_2026-08-12,2026-08-26,SKYY,SPY,2026-10-07,True,False,False,False,0.0205150738,,,,,,,,
PATH_RISK_V1_2026-08-12|2026-08-26|SMH,PATH_RISK_V1_2026-08-12,2026-08-26,SMH,SPY,2026-10-07,True,False,False,False,0.0812452069,,,,,,,,
PATH_RISK_V1_2026-08-12|2026-08-26|THD,PATH_RISK_V1_2026-08-12,2026-08-26,THD,ACWX,2026-10-07,True,False,False,False,0.0103761968,,,,,,,,
PATH_RISK_V1_2026-08-12|2026-08-26|TUR,PATH_RISK_V1_2026-08-12,2026-08-26,TUR,ACWX,2026-10-07,True,False,False,False,-0.0914868592,,,,,,,,
PATH_RISK_V1_2026-08-12|2026-08-26|UAE,PATH_RISK_V1_2026-08-12,2026-08-26,UAE,ACWX,2026-10-07,True,False,False,False,0.0507787118,,,,,,,,
PATH_RISK_V1_2026-08-12|2026-08-26|VEA,PATH_RISK_V1_2026-08-12,2026-08-26,VEA,ACWX,2026-10-07,True,False,False,False,-0.0063627941,,,,,,,,
PATH_RISK_V1_2026-08-12|2026-08-26|VGK,PATH_RISK_V1_2026-08-12,2026-08-26,VGK,ACWX,2026-10-07,True,False,False,False,-0.0286812606,,,,,,,,
PATH_RISK_V1_2026-08-12|2026-08-26|VNM,PATH_RISK_V1_2026-08-12,2026-08-26,VNM,ACWX,2026-10-07,True,False,False,False,-0.0357352763,,,,,,,,
PATH_RISK_V1_2026-08-12|2026-08-26|VNQ,PATH_RISK_V1_2026-08-12,2026-08-26,VNQ,SPY,2026-10-07,True,False,False,False,-0.0779197710,,,,,,,,
PATH_RISK_V1_2026-08-12|2026-08-26|VPL,PATH_RISK_V1_2026-08-12,2026-08-26,VPL,ACWX,2026-10-07,True,False,False,False,0.0330179158,,,,,,,,
PATH_RISK_V1_2026-08-12|2026-08-26|VSS,PATH_RISK_V1_2026-08-12,2026-08-26,VSS,ACWX,2026-10-07,True,False,False,False,-0.0040021087,,,,,,,,
PATH_RISK_V1_2026-08-12|2026-08-26|VWO,PATH_RISK_V1_2026-08-12,2026-08-26,VWO,ACWX,2026-10-07,True,False,False,False,0.0069622559,,,,,,,,
PATH_RISK_V1_2026-08-12|2026-08-26|XBI,PATH_RISK_V1_2026-08-12,2026-08-26,XBI,SPY,2026-10-07,True,False,False,False,-0.0878946663,,,,,,,,
PATH_RISK_V1_2026-08-12|2026-08-26|XHB,PATH_RISK_V1_2026-08-12,2026-08-26,XHB,SPY,2026-10-07,True,False,False,False,-0.0759333627,,,,,,,,
PATH_RISK_V1_2026-08-12|2026-08-26|XLB,PATH_RISK_V1_2026-08-12,2026-08-26,XLB,SPY,2026-10-07,True,False,False,False,-0.0764990818,,,,,,,,
PATH_RISK_V1_2026-08-12|2026-08-26|XLC,PATH_RISK_V1_2026-08-12,2026-08-26,XLC,SPY,2026-10-07,True,False,False,False,-0.0029378042,,,,,,,,
PATH_RISK_V1_2026-08-12|2026-08-26|XLE,PATH_RISK_V1_2026-08-12,2026-08-26,XLE,SPY,2026-10-07,True,False,False,False,-0.0096292239,,,,,,,,
PATH_RISK_V1_2026-08-12|2026-08-26|XLF,PATH_RISK_V1_2026-08-12,2026-08-26,XLF,SPY,2026-10-07,True,False,False,False,-0.0641487155,,,,,,,,
PATH_RISK_V1_2026-08-12|2026-08-26|XLI,PATH_RISK_V1_2026-08-12,2026-08-26,XLI,SPY,2026-10-07,True,False,False,False,-0.0612171202,,,,,,,,
PATH_RISK_V1_2026-08-12|2026-08-26|XLK,PATH_RISK_V1_2026-08-12,2026-08-26,XLK,SPY,2026-10-07,True,False,False,False,0.0647184609,,,,,,,,
PATH_RISK_V1_2026-08-12|2026-08-26|XLP,PATH_RISK_V1_2026-08-12,2026-08-26,XLP,SPY,2026-10-07,True,False,False,False,-0.0514414262,,,,,,,,
PATH_RISK_V1_2026-08-12|2026-08-26|XLRE,PATH_RISK_V1_2026-08-12,2026-08-26,XLRE,SPY,2026-10-07,True,False,False,False,-0.0791664030,,,,,,,,
PATH_RISK_V1_2026-08-12|2026-08-26|XLU,PATH_RISK_V1_2026-08-12,2026-08-26,XLU,SPY,2026-10-07,True,False,False,False,-0.0937560585,,,,,,,,
PATH_RISK_V1_2026-08-12|2026-08-26|XLV,PATH_RISK_V1_2026-08-12,2026-08-26,XLV,SPY,2026-10-07,True,False,False,False,-0.0217757324,,,,,,,,
PATH_RISK_V1_2026-08-12|2026-08-26|XLY,PATH_RISK_V1_2026-08-12,2026-08-26,XLY,SPY,2026-10-07,True,False,False,False,-0.0630429819,,,,,,,,
PATH_RISK_V1_2026-08-12|2026-08-26|XME,PATH_RISK_V1_2026-08-12,2026-08-26,XME,SPY,2026-10-07,True,False,False,False,-0.1073434701,,,,,,,,
PATH_RISK_V1_2026-08-12|2026-08-26|XOP,PATH_RISK_V1_2026-08-12,2026-08-26,XOP,SPY,2026-10-07,True,False,False,False,-0.0213031962,,,,,,,,
PATH_RISK_V1_2026-08-12|2026-08-26|XRT,PATH_RISK_V1_2026-08-12,2026-08-26,XRT,SPY,2026-10-07,True,False,False,False,-0.0720125018,,,,,,,,
PATH_RISK_V1_2026-08-12|2026-08-27|AAXJ,PATH_RISK_V1_2026-08-12,2026-08-27,AAXJ,ACWX,2026-10-07,True,False,False,False,0.0199831598,,,,,,,,
PATH_RISK_V1_2026-08-12|2026-08-27|AFK,PATH_RISK_V1_2026-08-12,2026-08-27,AFK,ACWX,2026-10-07,True,False,False,False,-0.0320576367,,,,,,,,
PATH_RISK_V1_2026-08-12|2026-08-27|ARGT,PATH_RISK_V1_2026-08-12,2026-08-27,ARGT,ACWX,2026-10-07,True,False,False,False,-0.0611127142,,,,,,,,
PATH_RISK_V1_2026-08-12|2026-08-27|ASEA,PATH_RISK_V1_2026-08-12,2026-08-27,ASEA,ACWX,2026-10-07,True,False,False,False,0.0126718100,,,,,,,,
PATH_RISK_V1_2026-08-12|2026-08-27|CIBR,PATH_RISK_V1_2026-08-12,2026-08-27,CIBR,SPY,2026-10-07,True,False,False,False,0.0134770042,,,,,,,,
PATH_RISK_V1_2026-08-12|2026-08-27|ECH,PATH_RISK_V1_2026-08-12,2026-08-27,ECH,ACWX,2026-10-07,True,False,False,False,-0.0527423897,,,,,,,,
PATH_RISK_V1_2026-08-12|2026-08-27|EDEN,PATH_RISK_V1_2026-08-12,2026-08-27,EDEN,ACWX,2026-10-07,True,False,False,False,-0.0466815676,,,,,,,,
PATH_RISK_V1_2026-08-12|2026-08-27|EEM,PATH_RISK_V1_2026-08-12,2026-08-27,EEM,ACWX,2026-10-07,True,False,False,False,0.0159595262,,,,,,,,
PATH_RISK_V1_2026-08-12|2026-08-27|EFA,PATH_RISK_V1_2026-08-12,2026-08-27,EFA,ACWX,2026-10-07,True,False,False,False,-0.0060405848,,,,,,,,
PATH_RISK_V1_2026-08-12|2026-08-27|EFNL,PATH_RISK_V1_2026-08-12,2026-08-27,EFNL,ACWX,2026-10-07,True,False,False,False,0.0026534764,,,,,,,,
PATH_RISK_V1_2026-08-12|2026-08-27|EIDO,PATH_RISK_V1_2026-08-12,2026-08-27,EIDO,ACWX,2026-10-07,True,False,False,False,-0.0401093959,,,,,,,,
PATH_RISK_V1_2026-08-12|2026-08-27|EIRL,PATH_RISK_V1_2026-08-12,2026-08-27,EIRL,ACWX,2026-10-07,True,False,False,False,0.0165237368,,,,,,,,
PATH_RISK_V1_2026-08-12|2026-08-27|EIS,PATH_RISK_V1_2026-08-12,2026-08-27,EIS,ACWX,2026-10-07,True,False,False,False,-0.0087990219,,,,,,,,
PATH_RISK_V1_2026-08-12|2026-08-27|EMXC,PATH_RISK_V1_2026-08-12,2026-08-27,EMXC,ACWX,2026-10-07,True,False,False,False,0.0286562803,,,,,,,,
PATH_RISK_V1_2026-08-12|2026-08-27|ENOR,PATH_RISK_V1_2026-08-12,2026-08-27,ENOR,ACWX,2026-10-07,True,False,False,False,0.0023563675,,,,,,,,
PATH_RISK_V1_2026-08-12|2026-08-27|ENZL,PATH_RISK_V1_2026-08-12,2026-08-27,ENZL,ACWX,2026-10-07,True,False,False,False,-0.0460418784,,,,,,,,
PATH_RISK_V1_2026-08-12|2026-08-27|EPHE,PATH_RISK_V1_2026-08-12,2026-08-27,EPHE,ACWX,2026-10-07,True,False,False,False,-0.0165663673,,,,,,,,
PATH_RISK_V1_2026-08-12|2026-08-27|EPOL,PATH_RISK_V1_2026-08-12,2026-08-27,EPOL,ACWX,2026-10-07,True,False,False,False,0.0474892351,,,,,,,,
PATH_RISK_V1_2026-08-12|2026-08-27|EPP,PATH_RISK_V1_2026-08-12,2026-08-27,EPP,ACWX,2026-10-07,True,False,False,False,-0.0197031574,,,,,,,,
PATH_RISK_V1_2026-08-12|2026-08-27|EPU,PATH_RISK_V1_2026-08-12,2026-08-27,EPU,ACWX,2026-10-07,True,False,False,False,-0.0319586509,,,,,,,,
PATH_RISK_V1_2026-08-12|2026-08-27|EWA,PATH_RISK_V1_2026-08-12,2026-08-27,EWA,ACWX,2026-10-07,True,False,False,False,-0.0324973001,,,,,,,,
PATH_RISK_V1_2026-08-12|2026-08-27|EWC,PATH_RISK_V1_2026-08-12,2026-08-27,EWC,ACWX,2026-10-07,True,False,False,False,-0.0302138800,,,,,,,,
PATH_RISK_V1_2026-08-12|2026-08-27|EWD,PATH_RISK_V1_2026-08-12,2026-08-27,EWD,ACWX,2026-10-07,True,False,False,False,-0.0339647794,,,,,,,,
PATH_RISK_V1_2026-08-12|2026-08-27|EWG,PATH_RISK_V1_2026-08-12,2026-08-27,EWG,ACWX,2026-10-07,True,False,False,False,-0.0340170047,,,,,,,,
PATH_RISK_V1_2026-08-12|2026-08-27|EWH,PATH_RISK_V1_2026-08-12,2026-08-27,EWH,ACWX,2026-10-07,True,False,False,False,-0.0023273027,,,,,,,,
PATH_RISK_V1_2026-08-12|2026-08-27|EWI,PATH_RISK_V1_2026-08-12,2026-08-27,EWI,ACWX,2026-10-07,True,False,False,False,-0.0130206446,,,,,,,,
PATH_RISK_V1_2026-08-12|2026-08-27|EWJ,PATH_RISK_V1_2026-08-12,2026-08-27,EWJ,ACWX,2026-10-07,True,False,False,False,0.0327168176,,,,,,,,
PATH_RISK_V1_2026-08-12|2026-08-27|EWL,PATH_RISK_V1_2026-08-12,2026-08-27,EWL,ACWX,2026-10-07,True,False,False,False,-0.0306263644,,,,,,,,
PATH_RISK_V1_2026-08-12|2026-08-27|EWM,PATH_RISK_V1_2026-08-12,2026-08-27,EWM,ACWX,2026-10-07,True,False,False,False,-0.0189692682,,,,,,,,
PATH_RISK_V1_2026-08-12|2026-08-27|EWN,PATH_RISK_V1_2026-08-12,2026-08-27,EWN,ACWX,2026-10-07,True,False,False,False,0.0098501079,,,,,,,,
PATH_RISK_V1_2026-08-12|2026-08-27|EWO,PATH_RISK_V1_2026-08-12,2026-08-27,EWO,ACWX,2026-10-07,True,False,False,False,0.0295904311,,,,,,,,
PATH_RISK_V1_2026-08-12|2026-08-27|EWP,PATH_RISK_V1_2026-08-12,2026-08-27,EWP,ACWX,2026-10-07,True,False,False,False,-0.0068311302,,,,,,,,
PATH_RISK_V1_2026-08-12|2026-08-27|EWQ,PATH_RISK_V1_2026-08-12,2026-08-27,EWQ,ACWX,2026-10-07,True,False,False,False,-0.0299136832,,,,,,,,
PATH_RISK_V1_2026-08-12|2026-08-27|EWS,PATH_RISK_V1_2026-08-12,2026-08-27,EWS,ACWX,2026-10-07,True,False,False,False,0.0095240883,,,,,,,,
PATH_RISK_V1_2026-08-12|2026-08-27|EWT,PATH_RISK_V1_2026-08-12,2026-08-27,EWT,ACWX,2026-10-07,True,False,False,False,0.0742870028,,,,,,,,
PATH_RISK_V1_2026-08-12|2026-08-27|EWU,PATH_RISK_V1_2026-08-12,2026-08-27,EWU,ACWX,2026-10-07,True,False,False,False,-0.0064278278,,,,,,,,
PATH_RISK_V1_2026-08-12|2026-08-27|EWW,PATH_RISK_V1_2026-08-12,2026-08-27,EWW,ACWX,2026-10-07,True,False,False,False,-0.0412962090,,,,,,,,
PATH_RISK_V1_2026-08-12|2026-08-27|EWY,PATH_RISK_V1_2026-08-12,2026-08-27,EWY,ACWX,2026-10-07,True,False,False,False,0.0302393553,,,,,,,,
PATH_RISK_V1_2026-08-12|2026-08-27|EWZ,PATH_RISK_V1_2026-08-12,2026-08-27,EWZ,ACWX,2026-10-07,True,False,False,False,0.0350209072,,,,,,,,
PATH_RISK_V1_2026-08-12|2026-08-27|EXI,PATH_RISK_V1_2026-08-12,2026-08-27,EXI,ACWI,2026-10-07,True,False,False,False,-0.0374569071,,,,,,,,
PATH_RISK_V1_2026-08-12|2026-08-27|EZA,PATH_RISK_V1_2026-08-12,2026-08-27,EZA,ACWX,2026-10-07,True,False,False,False,-0.0791148859,,,,,,,,
PATH_RISK_V1_2026-08-12|2026-08-27|FDN,PATH_RISK_V1_2026-08-12,2026-08-27,FDN,SPY,2026-10-07,True,False,False,False,-0.0226779867,,,,,,,,
PATH_RISK_V1_2026-08-12|2026-08-27|FEZ,PATH_RISK_V1_2026-08-12,2026-08-27,FEZ,ACWX,2026-10-07,True,False,False,False,-0.0173633468,,,,,,,,
PATH_RISK_V1_2026-08-12|2026-08-27|GREK,PATH_RISK_V1_2026-08-12,2026-08-27,GREK,ACWX,2026-10-07,True,False,False,False,0.0264594698,,,,,,,,
PATH_RISK_V1_2026-08-12|2026-08-27|IGV,PATH_RISK_V1_2026-08-12,2026-08-27,IGV,SPY,2026-10-07,True,False,False,False,-0.0398569101,,,,,,,,
PATH_RISK_V1_2026-08-12|2026-08-27|IHF,PATH_RISK_V1_2026-08-12,2026-08-27,IHF,SPY,2026-10-07,True,False,False,False,-0.0208033149,,,,,,,,
PATH_RISK_V1_2026-08-12|2026-08-27|IHI,PATH_RISK_V1_2026-08-12,2026-08-27,IHI,SPY,2026-10-07,True,False,False,False,-0.0427568116,,,,,,,,
PATH_RISK_V1_2026-08-12|2026-08-27|ILF,PATH_RISK_V1_2026-08-12,2026-08-27,ILF,ACWX,2026-10-07,True,False,False,False,-0.0003615293,,,,,,,,
PATH_RISK_V1_2026-08-12|2026-08-27|INDA,PATH_RISK_V1_2026-08-12,2026-08-27,INDA,ACWX,2026-10-07,True,False,False,False,-0.0281964822,,,,,,,,
PATH_RISK_V1_2026-08-12|2026-08-27|ITA,PATH_RISK_V1_2026-08-12,2026-08-27,ITA,SPY,2026-10-07,True,False,False,False,-0.1015017550,,,,,,,,
PATH_RISK_V1_2026-08-12|2026-08-27|IWM,PATH_RISK_V1_2026-08-12,2026-08-27,IWM,ITOT,2026-10-07,True,False,False,False,-0.0545956937,,,,,,,,
PATH_RISK_V1_2026-08-12|2026-08-27|IXC,PATH_RISK_V1_2026-08-12,2026-08-27,IXC,ACWI,2026-10-07,True,False,False,False,0.0238354833,,,,,,,,
PATH_RISK_V1_2026-08-12|2026-08-27|IXG,PATH_RISK_V1_2026-08-12,2026-08-27,IXG,ACWI,2026-10-07,True,False,False,False,-0.0248821301,,,,,,,,
PATH_RISK_V1_2026-08-12|2026-08-27|IXJ,PATH_RISK_V1_2026-08-12,2026-08-27,IXJ,ACWI,2026-10-07,True,False,False,False,0.0013900468,,,,,,,,
PATH_RISK_V1_2026-08-12|2026-08-27|IXN,PATH_RISK_V1_2026-08-12,2026-08-27,IXN,ACWI,2026-10-07,True,False,False,False,0.0446292557,,,,,,,,
PATH_RISK_V1_2026-08-12|2026-08-27|IXP,PATH_RISK_V1_2026-08-12,2026-08-27,IXP,ACWI,2026-10-07,True,False,False,False,0.0306246808,,,,,,,,
PATH_RISK_V1_2026-08-12|2026-08-27|IYG,PATH_RISK_V1_2026-08-12,2026-08-27,IYG,SPY,2026-10-07,True,False,False,False,-0.0550263898,,,,,,,,
PATH_RISK_V1_2026-08-12|2026-08-27|IYT,PATH_RISK_V1_2026-08-12,2026-08-27,IYT,SPY,2026-10-07,True,False,False,False,-0.0784846164,,,,,,,,
PATH_RISK_V1_2026-08-12|2026-08-27|IYZ,PATH_RISK_V1_2026-08-12,2026-08-27,IYZ,SPY,2026-10-07,True,False,False,False,-0.0427074499,,,,,,,,
PATH_RISK_V1_2026-08-12|2026-08-27|JXI,PATH_RISK_V1_2026-08-12,2026-08-27,JXI,ACWI,2026-10-07,True,False,False,False,-0.0514841253,,,,,,,,
PATH_RISK_V1_2026-08-12|2026-08-27|KBE,PATH_RISK_V1_2026-08-12,2026-08-27,KBE,SPY,2026-10-07,True,False,False,False,-0.0475236779,,,,,,,,
PATH_RISK_V1_2026-08-12|2026-08-27|KIE,PATH_RISK_V1_2026-08-12,2026-08-27,KIE,SPY,2026-10-07,True,False,False,False,-0.0597729628,,,,,,,,
PATH_RISK_V1_2026-08-12|2026-08-27|KRE,PATH_RISK_V1_2026-08-12,2026-08-27,KRE,SPY,2026-10-07,True,False,False,False,-0.0412429629,,,,,,,,
PATH_RISK_V1_2026-08-12|2026-08-27|KSA,PATH_RISK_V1_2026-08-12,2026-08-27,KSA,ACWX,2026-10-07,True,False,False,False,-0.0389632161,,,,,,,,
PATH_RISK_V1_2026-08-12|2026-08-27|KXI,PATH_RISK_V1_2026-08-12,2026-08-27,KXI,ACWI,2026-10-07,True,False,False,False,-0.0135267274,,,,,,,,
PATH_RISK_V1_2026-08-12|2026-08-27|MCHI,PATH_RISK_V1_2026-08-12,2026-08-27,MCHI,ACWX,2026-10-07,True,False,False,False,-0.0217816349,,,,,,,,
PATH_RISK_V1_2026-08-12|2026-08-27|MDY,PATH_RISK_V1_2026-08-12,2026-08-27,MDY,ITOT,2026-10-07,True,False,False,False,-0.0423586060,,,,,,,,
PATH_RISK_V1_2026-08-12|2026-08-27|MXI,PATH_RISK_V1_2026-08-12,2026-08-27,MXI,ACWI,2026-10-07,True,False,False,False,-0.0676697055,,,,,,,,
PATH_RISK_V1_2026-08-12|2026-08-27|OIH,PATH_RISK_V1_2026-08-12,2026-08-27,OIH,SPY,2026-10-07,True,False,False,False,-0.0562413850,,,,,,,,
PATH_RISK_V1_2026-08-12|2026-08-27|PAVE,PATH_RISK_V1_2026-08-12,2026-08-27,PAVE,SPY,2026-10-07,True,False,False,False,-0.0487299211,,,,,,,,
PATH_RISK_V1_2026-08-12|2026-08-27|PBJ,PATH_RISK_V1_2026-08-12,2026-08-27,PBJ,SPY,2026-10-07,True,False,False,False,-0.0427572509,,,,,,,,
PATH_RISK_V1_2026-08-12|2026-08-27|PEJ,PATH_RISK_V1_2026-08-12,2026-08-27,PEJ,SPY,2026-10-07,True,False,False,False,-0.0566787867,,,,,,,,
PATH_RISK_V1_2026-08-12|2026-08-27|QAT,PATH_RISK_V1_2026-08-12,2026-08-27,QAT,ACWX,2026-10-07,True,False,False,False,-0.0237551461,,,,,,,,
PATH_RISK_V1_2026-08-12|2026-08-27|QQQ,PATH_RISK_V1_2026-08-12,2026-08-27,QQQ,SPY,2026-10-07,True,False,False,False,0.0272289557,,,,,,,,
PATH_RISK_V1_2026-08-12|2026-08-27|REM,PATH_RISK_V1_2026-08-12,2026-08-27,REM,SPY,2026-10-07,True,False,False,False,-0.1190572361,,,,,,,,
PATH_RISK_V1_2026-08-12|2026-08-27|REZ,PATH_RISK_V1_2026-08-12,2026-08-27,REZ,SPY,2026-10-07,True,False,False,False,-0.0504898735,,,,,,,,
PATH_RISK_V1_2026-08-12|2026-08-27|RXI,PATH_RISK_V1_2026-08-12,2026-08-27,RXI,ACWI,2026-10-07,True,False,False,False,-0.0497147627,,,,,,,,
PATH_RISK_V1_2026-08-12|2026-08-27|SCZ,PATH_RISK_V1_2026-08-12,2026-08-27,SCZ,ACWX,2026-10-07,True,False,False,False,-0.0089438483,,,,,,,,
PATH_RISK_V1_2026-08-12|2026-08-27|SKYY,PATH_RISK_V1_2026-08-12,2026-08-27,SKYY,SPY,2026-10-07,True,False,False,False,-0.0202901776,,,,,,,,
PATH_RISK_V1_2026-08-12|2026-08-27|SMH,PATH_RISK_V1_2026-08-12,2026-08-27,SMH,SPY,2026-10-07,True,False,False,False,0.0520342554,,,,,,,,
PATH_RISK_V1_2026-08-12|2026-08-27|THD,PATH_RISK_V1_2026-08-12,2026-08-27,THD,ACWX,2026-10-07,True,False,False,False,0.0053831944,,,,,,,,
PATH_RISK_V1_2026-08-12|2026-08-27|TUR,PATH_RISK_V1_2026-08-12,2026-08-27,TUR,ACWX,2026-10-07,True,False,False,False,-0.1062105924,,,,,,,,
PATH_RISK_V1_2026-08-12|2026-08-27|UAE,PATH_RISK_V1_2026-08-12,2026-08-27,UAE,ACWX,2026-10-07,True,False,False,False,0.0558729554,,,,,,,,
PATH_RISK_V1_2026-08-12|2026-08-27|VEA,PATH_RISK_V1_2026-08-12,2026-08-27,VEA,ACWX,2026-10-07,True,False,False,False,-0.0047620265,,,,,,,,
PATH_RISK_V1_2026-08-12|2026-08-27|VGK,PATH_RISK_V1_2026-08-12,2026-08-27,VGK,ACWX,2026-10-07,True,False,False,False,-0.0186031239,,,,,,,,
PATH_RISK_V1_2026-08-12|2026-08-27|VNM,PATH_RISK_V1_2026-08-12,2026-08-27,VNM,ACWX,2026-10-07,True,False,False,False,-0.0422871285,,,,,,,,
PATH_RISK_V1_2026-08-12|2026-08-27|VNQ,PATH_RISK_V1_2026-08-12,2026-08-27,VNQ,SPY,2026-10-07,True,False,False,False,-0.0598774669,,,,,,,,
PATH_RISK_V1_2026-08-12|2026-08-27|VPL,PATH_RISK_V1_2026-08-12,2026-08-27,VPL,ACWX,2026-10-07,True,False,False,False,0.0241005856,,,,,,,,
PATH_RISK_V1_2026-08-12|2026-08-27|VSS,PATH_RISK_V1_2026-08-12,2026-08-27,VSS,ACWX,2026-10-07,True,False,False,False,-0.0114437905,,,,,,,,
PATH_RISK_V1_2026-08-12|2026-08-27|VWO,PATH_RISK_V1_2026-08-12,2026-08-27,VWO,ACWX,2026-10-07,True,False,False,False,0.0019495700,,,,,,,,
PATH_RISK_V1_2026-08-12|2026-08-27|XBI,PATH_RISK_V1_2026-08-12,2026-08-27,XBI,SPY,2026-10-07,True,False,False,False,-0.0647191007,,,,,,,,
PATH_RISK_V1_2026-08-12|2026-08-27|XHB,PATH_RISK_V1_2026-08-12,2026-08-27,XHB,SPY,2026-10-07,True,False,False,False,-0.0594947840,,,,,,,,
PATH_RISK_V1_2026-08-12|2026-08-27|XLB,PATH_RISK_V1_2026-08-12,2026-08-27,XLB,SPY,2026-10-07,True,False,False,False,-0.0619942239,,,,,,,,
PATH_RISK_V1_2026-08-12|2026-08-27|XLC,PATH_RISK_V1_2026-08-12,2026-08-27,XLC,SPY,2026-10-07,True,False,False,False,0.0059061565,,,,,,,,
PATH_RISK_V1_2026-08-12|2026-08-27|XLE,PATH_RISK_V1_2026-08-12,2026-08-27,XLE,SPY,2026-10-07,True,False,False,False,0.0075649871,,,,,,,,
PATH_RISK_V1_2026-08-12|2026-08-27|XLF,PATH_RISK_V1_2026-08-12,2026-08-27,XLF,SPY,2026-10-07,True,False,False,False,-0.0560457561,,,,,,,,
PATH_RISK_V1_2026-08-12|2026-08-27|XLI,PATH_RISK_V1_2026-08-12,2026-08-27,XLI,SPY,2026-10-07,True,False,False,False,-0.0490774866,,,,,,,,
PATH_RISK_V1_2026-08-12|2026-08-27|XLK,PATH_RISK_V1_2026-08-12,2026-08-27,XLK,SPY,2026-10-07,True,False,False,False,0.0374194722,,,,,,,,
PATH_RISK_V1_2026-08-12|2026-08-27|XLP,PATH_RISK_V1_2026-08-12,2026-08-27,XLP,SPY,2026-10-07,True,False,False,False,-0.0219981334,,,,,,,,
PATH_RISK_V1_2026-08-12|2026-08-27|XLRE,PATH_RISK_V1_2026-08-12,2026-08-27,XLRE,SPY,2026-10-07,True,False,False,False,-0.0619562792,,,,,,,,
PATH_RISK_V1_2026-08-12|2026-08-27|XLU,PATH_RISK_V1_2026-08-12,2026-08-27,XLU,SPY,2026-10-07,True,False,False,False,-0.0800490458,,,,,,,,
PATH_RISK_V1_2026-08-12|2026-08-27|XLV,PATH_RISK_V1_2026-08-12,2026-08-27,XLV,SPY,2026-10-07,True,False,False,False,0.0066400528,,,,,,,,
PATH_RISK_V1_2026-08-12|2026-08-27|XLY,PATH_RISK_V1_2026-08-12,2026-08-27,XLY,SPY,2026-10-07,True,False,False,False,-0.0528920164,,,,,,,,
PATH_RISK_V1_2026-08-12|2026-08-27|XME,PATH_RISK_V1_2026-08-12,2026-08-27,XME,SPY,2026-10-07,True,False,False,False,-0.1383404361,,,,,,,,
PATH_RISK_V1_2026-08-12|2026-08-27|XOP,PATH_RISK_V1_2026-08-12,2026-08-27,XOP,SPY,2026-10-07,True,False,False,False,-0.0203054164,,,,,,,,
PATH_RISK_V1_2026-08-12|2026-08-27|XPH,PATH_RISK_V1_2026-08-12,2026-08-27,XPH,SPY,2026-10-07,True,False,False,False,-0.0713304517,,,,,,,,
PATH_RISK_V1_2026-08-12|2026-08-27|XRT,PATH_RISK_V1_2026-08-12,2026-08-27,XRT,SPY,2026-10-07,True,False,False,False,-0.0401745330,,,,,,,,
PATH_RISK_V1_2026-08-12|2026-08-28|AAXJ,PATH_RISK_V1_2026-08-12,2026-08-28,AAXJ,ACWX,2026-10-07,True,False,False,False,0.0270540818,,,,,,,,
PATH_RISK_V1_2026-08-12|2026-08-28|ARGT,PATH_RISK_V1_2026-08-12,2026-08-28,ARGT,ACWX,2026-10-07,True,False,False,False,-0.0647505473,,,,,,,,
PATH_RISK_V1_2026-08-12|2026-08-28|ASEA,PATH_RISK_V1_2026-08-12,2026-08-28,ASEA,ACWX,2026-10-07,True,False,False,False,0.0087787723,,,,,,,,
PATH_RISK_V1_2026-08-12|2026-08-28|CIBR,PATH_RISK_V1_2026-08-12,2026-08-28,CIBR,SPY,2026-10-07,True,False,False,False,0.0390204343,,,,,,,,
PATH_RISK_V1_2026-08-12|2026-08-28|ECH,PATH_RISK_V1_2026-08-12,2026-08-28,ECH,ACWX,2026-10-07,True,False,False,False,-0.0570338645,,,,,,,,
PATH_RISK_V1_2026-08-12|2026-08-28|EDEN,PATH_RISK_V1_2026-08-12,2026-08-28,EDEN,ACWX,2026-10-07,True,False,False,False,-0.0503314810,,,,,,,,
PATH_RISK_V1_2026-08-12|2026-08-28|EEM,PATH_RISK_V1_2026-08-12,2026-08-28,EEM,ACWX,2026-10-07,True,False,False,False,0.0227165871,,,,,,,,
PATH_RISK_V1_2026-08-12|2026-08-28|EFA,PATH_RISK_V1_2026-08-12,2026-08-28,EFA,ACWX,2026-10-07,True,False,False,False,-0.0113037843,,,,,,,,
PATH_RISK_V1_2026-08-12|2026-08-28|EIDO,PATH_RISK_V1_2026-08-12,2026-08-28,EIDO,ACWX,2026-10-07,True,False,False,False,-0.0480201420,,,,,,,,
PATH_RISK_V1_2026-08-12|2026-08-28|EIRL,PATH_RISK_V1_2026-08-12,2026-08-28,EIRL,ACWX,2026-10-07,True,False,False,False,0.0172958962,,,,,,,,
PATH_RISK_V1_2026-08-12|2026-08-28|EIS,PATH_RISK_V1_2026-08-12,2026-08-28,EIS,ACWX,2026-10-07,True,False,False,False,0.0038100939,,,,,,,,
PATH_RISK_V1_2026-08-12|2026-08-28|EMXC,PATH_RISK_V1_2026-08-12,2026-08-28,EMXC,ACWX,2026-10-07,True,False,False,False,0.0416067271,,,,,,,,
PATH_RISK_V1_2026-08-12|2026-08-28|ENOR,PATH_RISK_V1_2026-08-12,2026-08-28,ENOR,ACWX,2026-10-07,True,False,False,False,-0.0116772638,,,,,,,,
PATH_RISK_V1_2026-08-12|2026-08-28|ENZL,PATH_RISK_V1_2026-08-12,2026-08-28,ENZL,ACWX,2026-10-07,True,False,False,False,-0.0459701645,,,,,,,,
PATH_RISK_V1_2026-08-12|2026-08-28|EPHE,PATH_RISK_V1_2026-08-12,2026-08-28,EPHE,ACWX,2026-10-07,True,False,False,False,-0.0150307716,,,,,,,,
PATH_RISK_V1_2026-08-12|2026-08-28|EPOL,PATH_RISK_V1_2026-08-12,2026-08-28,EPOL,ACWX,2026-10-07,True,False,False,False,0.0356415463,,,,,,,,
PATH_RISK_V1_2026-08-12|2026-08-28|EPU,PATH_RISK_V1_2026-08-12,2026-08-28,EPU,ACWX,2026-10-07,True,False,False,False,-0.0111406535,,,,,,,,
PATH_RISK_V1_2026-08-12|2026-08-28|EWA,PATH_RISK_V1_2026-08-12,2026-08-28,EWA,ACWX,2026-10-07,True,False,False,False,-0.0365818649,,,,,,,,
PATH_RISK_V1_2026-08-12|2026-08-28|EWC,PATH_RISK_V1_2026-08-12,2026-08-28,EWC,ACWX,2026-10-07,True,False,False,False,-0.0274389225,,,,,,,,
PATH_RISK_V1_2026-08-12|2026-08-28|EWD,PATH_RISK_V1_2026-08-12,2026-08-28,EWD,ACWX,2026-10-07,True,False,False,False,-0.0394929443,,,,,,,,
PATH_RISK_V1_2026-08-12|2026-08-28|EWG,PATH_RISK_V1_2026-08-12,2026-08-28,EWG,ACWX,2026-10-07,True,False,False,False,-0.0426884647,,,,,,,,
PATH_RISK_V1_2026-08-12|2026-08-28|EWH,PATH_RISK_V1_2026-08-12,2026-08-28,EWH,ACWX,2026-10-07,True,False,False,False,-0.0132041298,,,,,,,,
PATH_RISK_V1_2026-08-12|2026-08-28|EWI,PATH_RISK_V1_2026-08-12,2026-08-28,EWI,ACWX,2026-10-07,True,False,False,False,-0.0246119440,,,,,,,,
PATH_RISK_V1_2026-08-12|2026-08-28|EWJ,PATH_RISK_V1_2026-08-12,2026-08-28,EWJ,ACWX,2026-10-07,True,False,False,False,0.0255723520,,,,,,,,
PATH_RISK_V1_2026-08-12|2026-08-28|EWM,PATH_RISK_V1_2026-08-12,2026-08-28,EWM,ACWX,2026-10-07,True,False,False,False,-0.0211030271,,,,,,,,
PATH_RISK_V1_2026-08-12|2026-08-28|EWN,PATH_RISK_V1_2026-08-12,2026-08-28,EWN,ACWX,2026-10-07,True,False,False,False,0.0196635386,,,,,,,,
PATH_RISK_V1_2026-08-12|2026-08-28|EWP,PATH_RISK_V1_2026-08-12,2026-08-28,EWP,ACWX,2026-10-07,True,False,False,False,-0.0188096205,,,,,,,,
PATH_RISK_V1_2026-08-12|2026-08-28|EWQ,PATH_RISK_V1_2026-08-12,2026-08-28,EWQ,ACWX,2026-10-07,True,False,False,False,-0.0458390669,,,,,,,,
PATH_RISK_V1_2026-08-12|2026-08-28|EWS,PATH_RISK_V1_2026-08-12,2026-08-28,EWS,ACWX,2026-10-07,True,False,False,False,0.0037585039,,,,,,,,
PATH_RISK_V1_2026-08-12|2026-08-28|EWT,PATH_RISK_V1_2026-08-12,2026-08-28,EWT,ACWX,2026-10-07,True,False,False,False,0.0774049764,,,,,,,,
PATH_RISK_V1_2026-08-12|2026-08-28|EWU,PATH_RISK_V1_2026-08-12,2026-08-28,EWU,ACWX,2026-10-07,True,False,False,False,-0.0169014126,,,,,,,,
PATH_RISK_V1_2026-08-12|2026-08-28|EWW,PATH_RISK_V1_2026-08-12,2026-08-28,EWW,ACWX,2026-10-07,True,False,False,False,-0.0402395983,,,,,,,,
PATH_RISK_V1_2026-08-12|2026-08-28|EWY,PATH_RISK_V1_2026-08-12,2026-08-28,EWY,ACWX,2026-10-07,True,False,False,False,0.0577809533,,,,,,,,
PATH_RISK_V1_2026-08-12|2026-08-28|EWZ,PATH_RISK_V1_2026-08-12,2026-08-28,EWZ,ACWX,2026-10-07,True,False,False,False,0.0451362303,,,,,,,,
PATH_RISK_V1_2026-08-12|2026-08-28|FEZ,PATH_RISK_V1_2026-08-12,2026-08-28,FEZ,ACWX,2026-10-07,True,False,False,False,-0.0247546718,,,,,,,,
PATH_RISK_V1_2026-08-12|2026-08-28|GREK,PATH_RISK_V1_2026-08-12,2026-08-28,GREK,ACWX,2026-10-07,True,False,False,False,0.0198467059,,,,,,,,
PATH_RISK_V1_2026-08-12|2026-08-28|IGV,PATH_RISK_V1_2026-08-12,2026-08-28,IGV,SPY,2026-10-07,True,False,False,False,-0.0350073779,,,,,,,,
PATH_RISK_V1_2026-08-12|2026-08-28|IHF,PATH_RISK_V1_2026-08-12,2026-08-28,IHF,SPY,2026-10-07,True,False,False,False,-0.0196528213,,,,,,,,
PATH_RISK_V1_2026-08-12|2026-08-28|IHI,PATH_RISK_V1_2026-08-12,2026-08-28,IHI,SPY,2026-10-07,True,False,False,False,-0.0561473565,,,,,,,,
PATH_RISK_V1_2026-08-12|2026-08-28|ILF,PATH_RISK_V1_2026-08-12,2026-08-28,ILF,ACWX,2026-10-07,True,False,False,False,0.0070105779,,,,,,,,
PATH_RISK_V1_2026-08-12|2026-08-28|INDA,PATH_RISK_V1_2026-08-12,2026-08-28,INDA,ACWX,2026-10-07,True,False,False,False,-0.0350862608,,,,,,,,
PATH_RISK_V1_2026-08-12|2026-08-28|ITA,PATH_RISK_V1_2026-08-12,2026-08-28,ITA,SPY,2026-10-07,True,False,False,False,-0.0961592908,,,,,,,,
PATH_RISK_V1_2026-08-12|2026-08-28|IWM,PATH_RISK_V1_2026-08-12,2026-08-28,IWM,ITOT,2026-10-07,True,False,False,False,-0.0463544168,,,,,,,,
PATH_RISK_V1_2026-08-12|2026-08-28|IXC,PATH_RISK_V1_2026-08-12,2026-08-28,IXC,ACWI,2026-10-07,True,False,False,False,0.0073912029,,,,,,,,
PATH_RISK_V1_2026-08-12|2026-08-28|IXG,PATH_RISK_V1_2026-08-12,2026-08-28,IXG,ACWI,2026-10-07,True,False,False,False,-0.0352774588,,,,,,,,
PATH_RISK_V1_2026-08-12|2026-08-28|IXN,PATH_RISK_V1_2026-08-12,2026-08-28,IXN,ACWI,2026-10-07,True,False,False,False,0.0625292863,,,,,,,,
PATH_RISK_V1_2026-08-12|2026-08-28|IXP,PATH_RISK_V1_2026-08-12,2026-08-28,IXP,ACWI,2026-10-07,True,False,False,False,0.0209589199,,,,,,,,
PATH_RISK_V1_2026-08-12|2026-08-28|IYG,PATH_RISK_V1_2026-08-12,2026-08-28,IYG,SPY,2026-10-07,True,False,False,False,-0.0627304161,,,,,,,,
PATH_RISK_V1_2026-08-12|2026-08-28|IYT,PATH_RISK_V1_2026-08-12,2026-08-28,IYT,SPY,2026-10-07,True,False,False,False,-0.0742291854,,,,,,,,
PATH_RISK_V1_2026-08-12|2026-08-28|IYZ,PATH_RISK_V1_2026-08-12,2026-08-28,IYZ,SPY,2026-10-07,True,False,False,False,-0.0353261853,,,,,,,,
PATH_RISK_V1_2026-08-12|2026-08-28|JXI,PATH_RISK_V1_2026-08-12,2026-08-28,JXI,ACWI,2026-10-07,True,False,False,False,-0.0435475960,,,,,,,,
PATH_RISK_V1_2026-08-12|2026-08-28|KBE,PATH_RISK_V1_2026-08-12,2026-08-28,KBE,SPY,2026-10-07,True,False,False,False,-0.0583720783,,,,,,,,
PATH_RISK_V1_2026-08-12|2026-08-28|KIE,PATH_RISK_V1_2026-08-12,2026-08-28,KIE,SPY,2026-10-07,True,False,False,False,-0.0625809026,,,,,,,,
PATH_RISK_V1_2026-08-12|2026-08-28|KRE,PATH_RISK_V1_2026-08-12,2026-08-28,KRE,SPY,2026-10-07,True,False,False,False,-0.0507960819,,,,,,,,
PATH_RISK_V1_2026-08-12|2026-08-28|KSA,PATH_RISK_V1_2026-08-12,2026-08-28,KSA,ACWX,2026-10-07,True,False,False,False,-0.0551842453,,,,,,,,
PATH_RISK_V1_2026-08-12|2026-08-28|KXI,PATH_RISK_V1_2026-08-12,2026-08-28,KXI,ACWI,2026-10-07,True,False,False,False,-0.0275804777,,,,,,,,
PATH_RISK_V1_2026-08-12|2026-08-28|MCHI,PATH_RISK_V1_2026-08-12,2026-08-28,MCHI,ACWX,2026-10-07,True,False,False,False,-0.0389646027,,,,,,,,
PATH_RISK_V1_2026-08-12|2026-08-28|MDY,PATH_RISK_V1_2026-08-12,2026-08-28,MDY,ITOT,2026-10-07,True,False,False,False,-0.0337241155,,,,,,,,
PATH_RISK_V1_2026-08-12|2026-08-28|MXI,PATH_RISK_V1_2026-08-12,2026-08-28,MXI,ACWI,2026-10-07,True,False,False,False,-0.0638325353,,,,,,,,
PATH_RISK_V1_2026-08-12|2026-08-28|OIH,PATH_RISK_V1_2026-08-12,2026-08-28,OIH,SPY,2026-10-07,True,False,False,False,-0.0871020727,,,,,,,,
PATH_RISK_V1_2026-08-12|2026-08-28|PAVE,PATH_RISK_V1_2026-08-12,2026-08-28,PAVE,SPY,2026-10-07,True,False,False,False,-0.0393307144,,,,,,,,
PATH_RISK_V1_2026-08-12|2026-08-28|PBJ,PATH_RISK_V1_2026-08-12,2026-08-28,PBJ,SPY,2026-10-07,True,False,False,False,-0.0553252439,,,,,,,,
PATH_RISK_V1_2026-08-12|2026-08-28|PEJ,PATH_RISK_V1_2026-08-12,2026-08-28,PEJ,SPY,2026-10-07,True,False,False,False,-0.0582479014,,,,,,,,
PATH_RISK_V1_2026-08-12|2026-08-28|QAT,PATH_RISK_V1_2026-08-12,2026-08-28,QAT,ACWX,2026-10-07,True,False,False,False,-0.0421556966,,,,,,,,
PATH_RISK_V1_2026-08-12|2026-08-28|QQQ,PATH_RISK_V1_2026-08-12,2026-08-28,QQQ,SPY,2026-10-07,True,False,False,False,0.0354604229,,,,,,,,
PATH_RISK_V1_2026-08-12|2026-08-28|REM,PATH_RISK_V1_2026-08-12,2026-08-28,REM,SPY,2026-10-07,True,False,False,False,-0.1166048044,,,,,,,,
PATH_RISK_V1_2026-08-12|2026-08-28|SCZ,PATH_RISK_V1_2026-08-12,2026-08-28,SCZ,ACWX,2026-10-07,True,False,False,False,-0.0126223223,,,,,,,,
PATH_RISK_V1_2026-08-12|2026-08-28|SKYY,PATH_RISK_V1_2026-08-12,2026-08-28,SKYY,SPY,2026-10-07,True,False,False,False,-0.0102886971,,,,,,,,
PATH_RISK_V1_2026-08-12|2026-08-28|SMH,PATH_RISK_V1_2026-08-12,2026-08-28,SMH,SPY,2026-10-07,True,False,False,False,0.1019083309,,,,,,,,
PATH_RISK_V1_2026-08-12|2026-08-28|TUR,PATH_RISK_V1_2026-08-12,2026-08-28,TUR,ACWX,2026-10-07,True,False,False,False,-0.1337826015,,,,,,,,
PATH_RISK_V1_2026-08-12|2026-08-28|UAE,PATH_RISK_V1_2026-08-12,2026-08-28,UAE,ACWX,2026-10-07,True,False,False,False,0.0497140665,,,,,,,,
PATH_RISK_V1_2026-08-12|2026-08-28|VEA,PATH_RISK_V1_2026-08-12,2026-08-28,VEA,ACWX,2026-10-07,True,False,False,False,-0.0049891596,,,,,,,,
PATH_RISK_V1_2026-08-12|2026-08-28|VGK,PATH_RISK_V1_2026-08-12,2026-08-28,VGK,ACWX,2026-10-07,True,False,False,False,-0.0245495388,,,,,,,,
PATH_RISK_V1_2026-08-12|2026-08-28|VNM,PATH_RISK_V1_2026-08-12,2026-08-28,VNM,ACWX,2026-10-07,True,False,False,False,-0.0395082607,,,,,,,,
PATH_RISK_V1_2026-08-12|2026-08-28|VNQ,PATH_RISK_V1_2026-08-12,2026-08-28,VNQ,SPY,2026-10-07,True,False,False,False,-0.0569431854,,,,,,,,
PATH_RISK_V1_2026-08-12|2026-08-28|VPL,PATH_RISK_V1_2026-08-12,2026-08-28,VPL,ACWX,2026-10-07,True,False,False,False,0.0265462369,,,,,,,,
PATH_RISK_V1_2026-08-12|2026-08-28|VSS,PATH_RISK_V1_2026-08-12,2026-08-28,VSS,ACWX,2026-10-07,True,False,False,False,-0.0118465296,,,,,,,,
PATH_RISK_V1_2026-08-12|2026-08-28|VWO,PATH_RISK_V1_2026-08-12,2026-08-28,VWO,ACWX,2026-10-07,True,False,False,False,0.0010683683,,,,,,,,
PATH_RISK_V1_2026-08-12|2026-08-28|XBI,PATH_RISK_V1_2026-08-12,2026-08-28,XBI,SPY,2026-10-07,True,False,False,False,-0.0302026136,,,,,,,,
PATH_RISK_V1_2026-08-12|2026-08-28|XHB,PATH_RISK_V1_2026-08-12,2026-08-28,XHB,SPY,2026-10-07,True,False,False,False,-0.0638029082,,,,,,,,
PATH_RISK_V1_2026-08-12|2026-08-28|XLB,PATH_RISK_V1_2026-08-12,2026-08-28,XLB,SPY,2026-10-07,True,False,False,False,-0.0685340227,,,,,,,,
PATH_RISK_V1_2026-08-12|2026-08-28|XLC,PATH_RISK_V1_2026-08-12,2026-08-28,XLC,SPY,2026-10-07,True,False,False,False,-0.0059990828,,,,,,,,
PATH_RISK_V1_2026-08-12|2026-08-28|XLE,PATH_RISK_V1_2026-08-12,2026-08-28,XLE,SPY,2026-10-07,True,False,False,False,-0.0081588327,,,,,,,,
PATH_RISK_V1_2026-08-12|2026-08-28|XLF,PATH_RISK_V1_2026-08-12,2026-08-28,XLF,SPY,2026-10-07,True,False,False,False,-0.0631454652,,,,,,,,
PATH_RISK_V1_2026-08-12|2026-08-28|XLI,PATH_RISK_V1_2026-08-12,2026-08-28,XLI,SPY,2026-10-07,True,False,False,False,-0.0385881241,,,,,,,,
PATH_RISK_V1_2026-08-12|2026-08-28|XLK,PATH_RISK_V1_2026-08-12,2026-08-28,XLK,SPY,2026-10-07,True,False,False,False,0.0531189200,,,,,,,,
PATH_RISK_V1_2026-08-12|2026-08-28|XLP,PATH_RISK_V1_2026-08-12,2026-08-28,XLP,SPY,2026-10-07,True,False,False,False,-0.0317370152,,,,,,,,
PATH_RISK_V1_2026-08-12|2026-08-28|XLRE,PATH_RISK_V1_2026-08-12,2026-08-28,XLRE,SPY,2026-10-07,True,False,False,False,-0.0587915920,,,,,,,,
PATH_RISK_V1_2026-08-12|2026-08-28|XLU,PATH_RISK_V1_2026-08-12,2026-08-28,XLU,SPY,2026-10-07,True,False,False,False,-0.0598688243,,,,,,,,
PATH_RISK_V1_2026-08-12|2026-08-28|XLV,PATH_RISK_V1_2026-08-12,2026-08-28,XLV,SPY,2026-10-07,True,False,False,False,0.0055560688,,,,,,,,
PATH_RISK_V1_2026-08-12|2026-08-28|XLY,PATH_RISK_V1_2026-08-12,2026-08-28,XLY,SPY,2026-10-07,True,False,False,False,-0.0627523410,,,,,,,,
PATH_RISK_V1_2026-08-12|2026-08-28|XME,PATH_RISK_V1_2026-08-12,2026-08-28,XME,SPY,2026-10-07,True,False,False,False,-0.1206735355,,,,,,,,
PATH_RISK_V1_2026-08-12|2026-08-28|XOP,PATH_RISK_V1_2026-08-12,2026-08-28,XOP,SPY,2026-10-07,True,False,False,False,-0.0313885540,,,,,,,,
PATH_RISK_V1_2026-08-12|2026-08-28|XRT,PATH_RISK_V1_2026-08-12,2026-08-28,XRT,SPY,2026-10-07,True,False,False,False,-0.0448250874,,,,,,,,
PATH_RISK_V1_2026-08-12|2026-08-31|AAXJ,PATH_RISK_V1_2026-08-12,2026-08-31,AAXJ,ACWX,2026-10-07,True,False,False,False,0.0207335559,,,,,,,,
PATH_RISK_V1_2026-08-12|2026-08-31|AFK,PATH_RISK_V1_2026-08-12,2026-08-31,AFK,ACWX,2026-10-07,True,False,False,False,-0.0323481678,,,,,,,,
PATH_RISK_V1_2026-08-12|2026-08-31|ARGT,PATH_RISK_V1_2026-08-12,2026-08-31,ARGT,ACWX,2026-10-07,True,False,False,False,-0.0670696442,,,,,,,,
PATH_RISK_V1_2026-08-12|2026-08-31|CIBR,PATH_RISK_V1_2026-08-12,2026-08-31,CIBR,SPY,2026-10-07,True,False,False,False,0.0327870293,,,,,,,,
PATH_RISK_V1_2026-08-12|2026-08-31|EEM,PATH_RISK_V1_2026-08-12,2026-08-31,EEM,ACWX,2026-10-07,True,False,False,False,0.0200262012,,,,,,,,
PATH_RISK_V1_2026-08-12|2026-08-31|EFA,PATH_RISK_V1_2026-08-12,2026-08-31,EFA,ACWX,2026-10-07,True,False,False,False,-0.0103728168,,,,,,,,
PATH_RISK_V1_2026-08-12|2026-08-31|EFNL,PATH_RISK_V1_2026-08-12,2026-08-31,EFNL,ACWX,2026-10-07,True,False,False,False,-0.0035537855,,,,,,,,
PATH_RISK_V1_2026-08-12|2026-08-31|EIDO,PATH_RISK_V1_2026-08-12,2026-08-31,EIDO,ACWX,2026-10-07,True,False,False,False,-0.0568649388,,,,,,,,
PATH_RISK_V1_2026-08-12|2026-08-31|EIRL,PATH_RISK_V1_2026-08-12,2026-08-31,EIRL,ACWX,2026-10-07,True,False,False,False,0.0110821829,,,,,,,,
PATH_RISK_V1_2026-08-12|2026-08-31|EMXC,PATH_RISK_V1_2026-08-12,2026-08-31,EMXC,ACWX,2026-10-07,True,False,False,False,0.0322905303,,,,,,,,
PATH_RISK_V1_2026-08-12|2026-08-31|ENOR,PATH_RISK_V1_2026-08-12,2026-08-31,ENOR,ACWX,2026-10-07,True,False,False,False,-0.0288865305,,,,,,,,
PATH_RISK_V1_2026-08-12|2026-08-31|ENZL,PATH_RISK_V1_2026-08-12,2026-08-31,ENZL,ACWX,2026-10-07,True,False,False,False,-0.0411236689,,,,,,,,
PATH_RISK_V1_2026-08-12|2026-08-31|EPHE,PATH_RISK_V1_2026-08-12,2026-08-31,EPHE,ACWX,2026-10-07,True,False,False,False,-0.0199885991,,,,,,,,
PATH_RISK_V1_2026-08-12|2026-08-31|EPOL,PATH_RISK_V1_2026-08-12,2026-08-31,EPOL,ACWX,2026-10-07,True,False,False,False,0.0286448678,,,,,,,,
PATH_RISK_V1_2026-08-12|2026-08-31|EPP,PATH_RISK_V1_2026-08-12,2026-08-31,EPP,ACWX,2026-10-07,True,False,False,False,-0.0253446196,,,,,,,,
PATH_RISK_V1_2026-08-12|2026-08-31|EPU,PATH_RISK_V1_2026-08-12,2026-08-31,EPU,ACWX,2026-10-07,True,False,False,False,-0.0080974578,,,,,,,,
PATH_RISK_V1_2026-08-12|2026-08-31|EWA,PATH_RISK_V1_2026-08-12,2026-08-31,EWA,ACWX,2026-10-07,True,False,False,False,-0.0347641411,,,,,,,,
PATH_RISK_V1_2026-08-12|2026-08-31|EWC,PATH_RISK_V1_2026-08-12,2026-08-31,EWC,ACWX,2026-10-07,True,False,False,False,-0.0272799575,,,,,,,,
PATH_RISK_V1_2026-08-12|2026-08-31|EWD,PATH_RISK_V1_2026-08-12,2026-08-31,EWD,ACWX,2026-10-07,True,False,False,False,-0.0420014366,,,,,,,,
PATH_RISK_V1_2026-08-12|2026-08-31|EWG,PATH_RISK_V1_2026-08-12,2026-08-31,EWG,ACWX,2026-10-07,True,False,False,False,-0.0440337768,,,,,,,,
PATH_RISK_V1_2026-08-12|2026-08-31|EWH,PATH_RISK_V1_2026-08-12,2026-08-31,EWH,ACWX,2026-10-07,True,False,False,False,-0.0122024272,,,,,,,,
PATH_RISK_V1_2026-08-12|2026-08-31|EWI,PATH_RISK_V1_2026-08-12,2026-08-31,EWI,ACWX,2026-10-07,True,False,False,False,-0.0349679457,,,,,,,,
PATH_RISK_V1_2026-08-12|2026-08-31|EWJ,PATH_RISK_V1_2026-08-12,2026-08-31,EWJ,ACWX,2026-10-07,True,False,False,False,0.0404055792,,,,,,,,
PATH_RISK_V1_2026-08-12|2026-08-31|EWL,PATH_RISK_V1_2026-08-12,2026-08-31,EWL,ACWX,2026-10-07,True,False,False,False,-0.0359503341,,,,,,,,
PATH_RISK_V1_2026-08-12|2026-08-31|EWN,PATH_RISK_V1_2026-08-12,2026-08-31,EWN,ACWX,2026-10-07,True,False,False,False,0.0149992551,,,,,,,,
PATH_RISK_V1_2026-08-12|2026-08-31|EWO,PATH_RISK_V1_2026-08-12,2026-08-31,EWO,ACWX,2026-10-07,True,False,False,False,-0.0108581181,,,,,,,,
PATH_RISK_V1_2026-08-12|2026-08-31|EWP,PATH_RISK_V1_2026-08-12,2026-08-31,EWP,ACWX,2026-10-07,True,False,False,False,-0.0289504483,,,,,,,,
PATH_RISK_V1_2026-08-12|2026-08-31|EWS,PATH_RISK_V1_2026-08-12,2026-08-31,EWS,ACWX,2026-10-07,True,False,False,False,-0.0037196904,,,,,,,,
PATH_RISK_V1_2026-08-12|2026-08-31|EWT,PATH_RISK_V1_2026-08-12,2026-08-31,EWT,ACWX,2026-10-07,True,False,False,False,0.0696799591,,,,,,,,
PATH_RISK_V1_2026-08-12|2026-08-31|EWU,PATH_RISK_V1_2026-08-12,2026-08-31,EWU,ACWX,2026-10-07,True,False,False,False,-0.0153967920,,,,,,,,
PATH_RISK_V1_2026-08-12|2026-08-31|EWW,PATH_RISK_V1_2026-08-12,2026-08-31,EWW,ACWX,2026-10-07,True,False,False,False,-0.0515724266,,,,,,,,
PATH_RISK_V1_2026-08-12|2026-08-31|EWY,PATH_RISK_V1_2026-08-12,2026-08-31,EWY,ACWX,2026-10-07,True,False,False,False,0.0344045528,,,,,,,,
PATH_RISK_V1_2026-08-12|2026-08-31|EWZ,PATH_RISK_V1_2026-08-12,2026-08-31,EWZ,ACWX,2026-10-07,True,False,False,False,0.0581964705,,,,,,,,
PATH_RISK_V1_2026-08-12|2026-08-31|EZA,PATH_RISK_V1_2026-08-12,2026-08-31,EZA,ACWX,2026-10-07,True,False,False,False,-0.0711204527,,,,,,,,
PATH_RISK_V1_2026-08-12|2026-08-31|FDN,PATH_RISK_V1_2026-08-12,2026-08-31,FDN,SPY,2026-10-07,True,False,False,False,-0.0105537039,,,,,,,,
PATH_RISK_V1_2026-08-12|2026-08-31|FEZ,PATH_RISK_V1_2026-08-12,2026-08-31,FEZ,ACWX,2026-10-07,True,False,False,False,-0.0258788505,,,,,,,,
PATH_RISK_V1_2026-08-12|2026-08-31|IGV,PATH_RISK_V1_2026-08-12,2026-08-31,IGV,SPY,2026-10-07,True,False,False,False,-0.0286248235,,,,,,,,
PATH_RISK_V1_2026-08-12|2026-08-31|IHF,PATH_RISK_V1_2026-08-12,2026-08-31,IHF,SPY,2026-10-07,True,False,False,False,-0.0266651062,,,,,,,,
PATH_RISK_V1_2026-08-12|2026-08-31|IHI,PATH_RISK_V1_2026-08-12,2026-08-31,IHI,SPY,2026-10-07,True,False,False,False,-0.0649573230,,,,,,,,
PATH_RISK_V1_2026-08-12|2026-08-31|ILF,PATH_RISK_V1_2026-08-12,2026-08-31,ILF,ACWX,2026-10-07,True,False,False,False,0.0118075713,,,,,,,,
PATH_RISK_V1_2026-08-12|2026-08-31|INDA,PATH_RISK_V1_2026-08-12,2026-08-31,INDA,ACWX,2026-10-07,True,False,False,False,-0.0386561960,,,,,,,,
PATH_RISK_V1_2026-08-12|2026-08-31|ITA,PATH_RISK_V1_2026-08-12,2026-08-31,ITA,SPY,2026-10-07,True,False,False,False,-0.0886554174,,,,,,,,
PATH_RISK_V1_2026-08-12|2026-08-31|IWM,PATH_RISK_V1_2026-08-12,2026-08-31,IWM,ITOT,2026-10-07,True,False,False,False,-0.0453589539,,,,,,,,
PATH_RISK_V1_2026-08-12|2026-08-31|IXC,PATH_RISK_V1_2026-08-12,2026-08-31,IXC,ACWI,2026-10-07,True,False,False,False,-0.0090177890,,,,,,,,
PATH_RISK_V1_2026-08-12|2026-08-31|IXJ,PATH_RISK_V1_2026-08-12,2026-08-31,IXJ,ACWI,2026-10-07,True,False,False,False,-0.0085523837,,,,,,,,
PATH_RISK_V1_2026-08-12|2026-08-31|IXN,PATH_RISK_V1_2026-08-12,2026-08-31,IXN,ACWI,2026-10-07,True,False,False,False,0.0628716013,,,,,,,,
PATH_RISK_V1_2026-08-12|2026-08-31|IYG,PATH_RISK_V1_2026-08-12,2026-08-31,IYG,SPY,2026-10-07,True,False,False,False,-0.0701786116,,,,,,,,
PATH_RISK_V1_2026-08-12|2026-08-31|IYT,PATH_RISK_V1_2026-08-12,2026-08-31,IYT,SPY,2026-10-07,True,False,False,False,-0.0726196543,,,,,,,,
PATH_RISK_V1_2026-08-12|2026-08-31|IYZ,PATH_RISK_V1_2026-08-12,2026-08-31,IYZ,SPY,2026-10-07,True,False,False,False,-0.0377946724,,,,,,,,
PATH_RISK_V1_2026-08-12|2026-08-31|JXI,PATH_RISK_V1_2026-08-12,2026-08-31,JXI,ACWI,2026-10-07,True,False,False,False,-0.0382526794,,,,,,,,
PATH_RISK_V1_2026-08-12|2026-08-31|KBE,PATH_RISK_V1_2026-08-12,2026-08-31,KBE,SPY,2026-10-07,True,False,False,False,-0.0593133779,,,,,,,,
PATH_RISK_V1_2026-08-12|2026-08-31|KIE,PATH_RISK_V1_2026-08-12,2026-08-31,KIE,SPY,2026-10-07,True,False,False,False,-0.0678044828,,,,,,,,
PATH_RISK_V1_2026-08-12|2026-08-31|KRE,PATH_RISK_V1_2026-08-12,2026-08-31,KRE,SPY,2026-10-07,True,False,False,False,-0.0474951528,,,,,,,,
PATH_RISK_V1_2026-08-12|2026-08-31|MCHI,PATH_RISK_V1_2026-08-12,2026-08-31,MCHI,ACWX,2026-10-07,True,False,False,False,-0.0237850067,,,,,,,,
PATH_RISK_V1_2026-08-12|2026-08-31|MDY,PATH_RISK_V1_2026-08-12,2026-08-31,MDY,ITOT,2026-10-07,True,False,False,False,-0.0351610189,,,,,,,,
PATH_RISK_V1_2026-08-12|2026-08-31|OIH,PATH_RISK_V1_2026-08-12,2026-08-31,OIH,SPY,2026-10-07,True,False,False,False,-0.1154754439,,,,,,,,
PATH_RISK_V1_2026-08-12|2026-08-31|PAVE,PATH_RISK_V1_2026-08-12,2026-08-31,PAVE,SPY,2026-10-07,True,False,False,False,-0.0370479933,,,,,,,,
PATH_RISK_V1_2026-08-12|2026-08-31|QAT,PATH_RISK_V1_2026-08-12,2026-08-31,QAT,ACWX,2026-10-07,True,False,False,False,-0.0423063199,,,,,,,,
PATH_RISK_V1_2026-08-12|2026-08-31|QQQ,PATH_RISK_V1_2026-08-12,2026-08-31,QQQ,SPY,2026-10-07,True,False,False,False,0.0365922019,,,,,,,,
PATH_RISK_V1_2026-08-12|2026-08-31|REM,PATH_RISK_V1_2026-08-12,2026-08-31,REM,SPY,2026-10-07,True,False,False,False,-0.1369288050,,,,,,,,
PATH_RISK_V1_2026-08-12|2026-08-31|RXI,PATH_RISK_V1_2026-08-12,2026-08-31,RXI,ACWI,2026-10-07,True,False,False,False,-0.0572711964,,,,,,,,
PATH_RISK_V1_2026-08-12|2026-08-31|SCZ,PATH_RISK_V1_2026-08-12,2026-08-31,SCZ,ACWX,2026-10-07,True,False,False,False,-0.0045260975,,,,,,,,
PATH_RISK_V1_2026-08-12|2026-08-31|SKYY,PATH_RISK_V1_2026-08-12,2026-08-31,SKYY,SPY,2026-10-07,True,False,False,False,-0.0048876189,,,,,,,,
PATH_RISK_V1_2026-08-12|2026-08-31|SMH,PATH_RISK_V1_2026-08-12,2026-08-31,SMH,SPY,2026-10-07,True,False,False,False,0.0976992130,,,,,,,,
PATH_RISK_V1_2026-08-12|2026-08-31|TUR,PATH_RISK_V1_2026-08-12,2026-08-31,TUR,ACWX,2026-10-07,True,False,False,False,-0.1421867987,,,,,,,,
PATH_RISK_V1_2026-08-12|2026-08-31|UAE,PATH_RISK_V1_2026-08-12,2026-08-31,UAE,ACWX,2026-10-07,True,False,False,False,0.0561656195,,,,,,,,
PATH_RISK_V1_2026-08-12|2026-08-31|VEA,PATH_RISK_V1_2026-08-12,2026-08-31,VEA,ACWX,2026-10-07,True,False,False,False,-0.0064342242,,,,,,,,
PATH_RISK_V1_2026-08-12|2026-08-31|VGK,PATH_RISK_V1_2026-08-12,2026-08-31,VGK,ACWX,2026-10-07,True,False,False,False,-0.0283176365,,,,,,,,
PATH_RISK_V1_2026-08-12|2026-08-31|VNM,PATH_RISK_V1_2026-08-12,2026-08-31,VNM,ACWX,2026-10-07,True,False,False,False,-0.0393696847,,,,,,,,
PATH_RISK_V1_2026-08-12|2026-08-31|VNQ,PATH_RISK_V1_2026-08-12,2026-08-31,VNQ,SPY,2026-10-07,True,False,False,False,-0.0594555976,,,,,,,,
PATH_RISK_V1_2026-08-12|2026-08-31|VPL,PATH_RISK_V1_2026-08-12,2026-08-31,VPL,ACWX,2026-10-07,True,False,False,False,0.0267303734,,,,,,,,
PATH_RISK_V1_2026-08-12|2026-08-31|VSS,PATH_RISK_V1_2026-08-12,2026-08-31,VSS,ACWX,2026-10-07,True,False,False,False,-0.0056073550,,,,,,,,
PATH_RISK_V1_2026-08-12|2026-08-31|VWO,PATH_RISK_V1_2026-08-12,2026-08-31,VWO,ACWX,2026-10-07,True,False,False,False,0.0049870877,,,,,,,,
PATH_RISK_V1_2026-08-12|2026-08-31|XBI,PATH_RISK_V1_2026-08-12,2026-08-31,XBI,SPY,2026-10-07,True,False,False,False,-0.0264552927,,,,,,,,
PATH_RISK_V1_2026-08-12|2026-08-31|XHB,PATH_RISK_V1_2026-08-12,2026-08-31,XHB,SPY,2026-10-07,True,False,False,False,-0.0576201510,,,,,,,,
PATH_RISK_V1_2026-08-12|2026-08-31|XLB,PATH_RISK_V1_2026-08-12,2026-08-31,XLB,SPY,2026-10-07,True,False,False,False,-0.0684042756,,,,,,,,
PATH_RISK_V1_2026-08-12|2026-08-31|XLC,PATH_RISK_V1_2026-08-12,2026-08-31,XLC,SPY,2026-10-07,True,False,False,False,0.0021856754,,,,,,,,
PATH_RISK_V1_2026-08-12|2026-08-31|XLE,PATH_RISK_V1_2026-08-12,2026-08-31,XLE,SPY,2026-10-07,True,False,False,False,-0.0295500240,,,,,,,,
PATH_RISK_V1_2026-08-12|2026-08-31|XLF,PATH_RISK_V1_2026-08-12,2026-08-31,XLF,SPY,2026-10-07,True,False,False,False,-0.0683405210,,,,,,,,
PATH_RISK_V1_2026-08-12|2026-08-31|XLI,PATH_RISK_V1_2026-08-12,2026-08-31,XLI,SPY,2026-10-07,True,False,False,False,-0.0408153628,,,,,,,,
PATH_RISK_V1_2026-08-12|2026-08-31|XLK,PATH_RISK_V1_2026-08-12,2026-08-31,XLK,SPY,2026-10-07,True,False,False,False,0.0542949702,,,,,,,,
PATH_RISK_V1_2026-08-12|2026-08-31|XLP,PATH_RISK_V1_2026-08-12,2026-08-31,XLP,SPY,2026-10-07,True,False,False,False,-0.0421491812,,,,,,,,
PATH_RISK_V1_2026-08-12|2026-08-31|XLRE,PATH_RISK_V1_2026-08-12,2026-08-31,XLRE,SPY,2026-10-07,True,False,False,False,-0.0616489089,,,,,,,,
PATH_RISK_V1_2026-08-12|2026-08-31|XLU,PATH_RISK_V1_2026-08-12,2026-08-31,XLU,SPY,2026-10-07,True,False,False,False,-0.0560909852,,,,,,,,
PATH_RISK_V1_2026-08-12|2026-08-31|XLV,PATH_RISK_V1_2026-08-12,2026-08-31,XLV,SPY,2026-10-07,True,False,False,False,-0.0053757958,,,,,,,,
PATH_RISK_V1_2026-08-12|2026-08-31|XLY,PATH_RISK_V1_2026-08-12,2026-08-31,XLY,SPY,2026-10-07,True,False,False,False,-0.0613247689,,,,,,,,
PATH_RISK_V1_2026-08-12|2026-08-31|XME,PATH_RISK_V1_2026-08-12,2026-08-31,XME,SPY,2026-10-07,True,False,False,False,-0.1198507632,,,,,,,,
PATH_RISK_V1_2026-08-12|2026-08-31|XOP,PATH_RISK_V1_2026-08-12,2026-08-31,XOP,SPY,2026-10-07,True,False,False,False,-0.0440307165,,,,,,,,
PATH_RISK_V1_2026-08-12|2026-08-31|XPH,PATH_RISK_V1_2026-08-12,2026-08-31,XPH,SPY,2026-10-07,True,False,False,False,-0.0759598503,,,,,,,,
PATH_RISK_V1_2026-08-12|2026-08-31|XRT,PATH_RISK_V1_2026-08-12,2026-08-31,XRT,SPY,2026-10-07,True,False,False,False,-0.0407009481,,,,,,,,
PATH_RISK_V1_2026-08-12|2026-09-01|IGV,PATH_RISK_V1_2026-08-12,2026-09-01,IGV,SPY,2026-10-07,True,False,False,False,0.0138407957,,,,,,,,
PATH_RISK_V1_2026-08-12|2026-09-01|PBJ,PATH_RISK_V1_2026-08-12,2026-09-01,PBJ,SPY,2026-10-07,True,False,False,False,-0.0669579050,,,,,,,,
PATH_RISK_V1_2026-08-12|2026-09-01|REM,PATH_RISK_V1_2026-08-12,2026-09-01,REM,SPY,2026-10-07,True,False,False,False,-0.1443940370,,,,,,,,
PATH_RISK_V1_2026-08-12|2026-09-01|REZ,PATH_RISK_V1_2026-08-12,2026-09-01,REZ,SPY,2026-10-07,True,False,False,False,-0.0700992802,,,,,,,,
PATH_RISK_V1_2026-08-12|2026-09-01|SKYY,PATH_RISK_V1_2026-08-12,2026-09-01,SKYY,SPY,2026-10-07,True,False,False,False,0.0332545849,,,,,,,,
PATH_RISK_V1_2026-08-12|2026-09-01|XLE,PATH_RISK_V1_2026-08-12,2026-09-01,XLE,SPY,2026-10-07,True,False,False,False,-0.0314271103,,,,,,,,
PATH_RISK_V1_2026-08-12|2026-09-01|XLF,PATH_RISK_V1_2026-08-12,2026-09-01,XLF,SPY,2026-10-07,True,False,False,False,-0.0671065592,,,,,,,,
PATH_RISK_V1_2026-08-12|2026-09-01|XLRE,PATH_RISK_V1_2026-08-12,2026-09-01,XLRE,SPY,2026-10-07,True,False,False,False,-0.0735143047,,,,,,,,
PATH_RISK_V1_2026-08-12|2026-09-01|XLV,PATH_RISK_V1_2026-08-12,2026-09-01,XLV,SPY,2026-10-07,True,False,False,False,-0.0333698373,,,,,,,,
PATH_RISK_V1_2026-08-12|2026-09-01|XOP,PATH_RISK_V1_2026-08-12,2026-09-01,XOP,SPY,2026-10-07,True,False,False,False,-0.0450259152,,,,,,,,
PATH_RISK_V1_2026-08-12|2026-09-02|AAXJ,PATH_RISK_V1_2026-08-12,2026-09-02,AAXJ,ACWX,2026-10-07,True,False,False,False,0.0295155360,,,,,,,,
PATH_RISK_V1_2026-08-12|2026-09-02|ASEA,PATH_RISK_V1_2026-08-12,2026-09-02,ASEA,ACWX,2026-10-07,True,False,False,False,-0.0183755978,,,,,,,,
PATH_RISK_V1_2026-08-12|2026-09-02|CIBR,PATH_RISK_V1_2026-08-12,2026-09-02,CIBR,SPY,2026-10-07,True,False,False,False,0.1100673981,,,,,,,,
PATH_RISK_V1_2026-08-12|2026-09-02|ECH,PATH_RISK_V1_2026-08-12,2026-09-02,ECH,ACWX,2026-10-07,True,False,False,False,-0.0795268370,,,,,,,,
PATH_RISK_V1_2026-08-12|2026-09-02|EEM,PATH_RISK_V1_2026-08-12,2026-09-02,EEM,ACWX,2026-10-07,True,False,False,False,0.0251118057,,,,,,,,
PATH_RISK_V1_2026-08-12|2026-09-02|EFA,PATH_RISK_V1_2026-08-12,2026-09-02,EFA,ACWX,2026-10-07,True,False,False,False,-0.0122202080,,,,,,,,
PATH_RISK_V1_2026-08-12|2026-09-02|EFNL,PATH_RISK_V1_2026-08-12,2026-09-02,EFNL,ACWX,2026-10-07,True,False,False,False,-0.0031325849,,,,,,,,
PATH_RISK_V1_2026-08-12|2026-09-02|EIRL,PATH_RISK_V1_2026-08-12,2026-09-02,EIRL,ACWX,2026-10-07,True,False,False,False,-0.0190647136,,,,,,,,
PATH_RISK_V1_2026-08-12|2026-09-02|EMXC,PATH_RISK_V1_2026-08-12,2026-09-02,EMXC,ACWX,2026-10-07,True,False,False,False,0.0442453677,,,,,,,,
PATH_RISK_V1_2026-08-12|2026-09-02|ENOR,PATH_RISK_V1_2026-08-12,2026-09-02,ENOR,ACWX,2026-10-07,True,False,False,False,-0.0310745401,,,,,,,,
PATH_RISK_V1_2026-08-12|2026-09-02|ENZL,PATH_RISK_V1_2026-08-12,2026-09-02,ENZL,ACWX,2026-10-07,True,False,False,False,-0.0447764501,,,,,,,,
PATH_RISK_V1_2026-08-12|2026-09-02|EPOL,PATH_RISK_V1_2026-08-12,2026-09-02,EPOL,ACWX,2026-10-07,True,False,False,False,-0.0087952544,,,,,,,,
PATH_RISK_V1_2026-08-12|2026-09-02|EWD,PATH_RISK_V1_2026-08-12,2026-09-02,EWD,ACWX,2026-10-07,True,False,False,False,-0.0313434718,,,,,,,,
PATH_RISK_V1_2026-08-12|2026-09-02|EWG,PATH_RISK_V1_2026-08-12,2026-09-02,EWG,ACWX,2026-10-07,True,False,False,False,-0.0346556572,,,,,,,,
PATH_RISK_V1_2026-08-12|2026-09-02|EWI,PATH_RISK_V1_2026-08-12,2026-09-02,EWI,ACWX,2026-10-07,True,False,False,False,-0.0487249248,,,,,,,,
PATH_RISK_V1_2026-08-12|2026-09-02|EWJ,PATH_RISK_V1_2026-08-12,2026-09-02,EWJ,ACWX,2026-10-07,True,False,False,False,0.0477388418,,,,,,,,
PATH_RISK_V1_2026-08-12|2026-09-02|EWL,PATH_RISK_V1_2026-08-12,2026-09-02,EWL,ACWX,2026-10-07,True,False,False,False,-0.0419652852,,,,,,,,
PATH_RISK_V1_2026-08-12|2026-09-02|EWN,PATH_RISK_V1_2026-08-12,2026-09-02,EWN,ACWX,2026-10-07,True,False,False,False,0.0154393830,,,,,,,,
PATH_RISK_V1_2026-08-12|2026-09-02|EWP,PATH_RISK_V1_2026-08-12,2026-09-02,EWP,ACWX,2026-10-07,True,False,False,False,-0.0422259407,,,,,,,,
PATH_RISK_V1_2026-08-12|2026-09-02|EWS,PATH_RISK_V1_2026-08-12,2026-09-02,EWS,ACWX,2026-10-07,True,False,False,False,-0.0196476991,,,,,,,,
PATH_RISK_V1_2026-08-12|2026-09-02|EWU,PATH_RISK_V1_2026-08-12,2026-09-02,EWU,ACWX,2026-10-07,True,False,False,False,-0.0258006961,,,,,,,,
PATH_RISK_V1_2026-08-12|2026-09-02|EWW,PATH_RISK_V1_2026-08-12,2026-09-02,EWW,ACWX,2026-10-07,True,False,False,False,-0.0512306616,,,,,,,,
PATH_RISK_V1_2026-08-12|2026-09-02|EWY,PATH_RISK_V1_2026-08-12,2026-09-02,EWY,ACWX,2026-10-07,True,False,False,False,0.0912835122,,,,,,,,
PATH_RISK_V1_2026-08-12|2026-09-02|EZA,PATH_RISK_V1_2026-08-12,2026-09-02,EZA,ACWX,2026-10-07,True,False,False,False,-0.0815966297,,,,,,,,
PATH_RISK_V1_2026-08-12|2026-09-02|FDN,PATH_RISK_V1_2026-08-12,2026-09-02,FDN,SPY,2026-10-07,True,False,False,False,0.0067617291,,,,,,,,
PATH_RISK_V1_2026-08-12|2026-09-02|FEZ,PATH_RISK_V1_2026-08-12,2026-09-02,FEZ,ACWX,2026-10-07,True,False,False,False,-0.0269976179,,,,,,,,
PATH_RISK_V1_2026-08-12|2026-09-02|GREK,PATH_RISK_V1_2026-08-12,2026-09-02,GREK,ACWX,2026-10-07,True,False,False,False,-0.0053196806,,,,,,,,
PATH_RISK_V1_2026-08-12|2026-09-02|IGV,PATH_RISK_V1_2026-08-12,2026-09-02,IGV,SPY,2026-10-07,True,False,False,False,0.0397584082,,,,,,,,
PATH_RISK_V1_2026-08-12|2026-09-02|IHF,PATH_RISK_V1_2026-08-12,2026-09-02,IHF,SPY,2026-10-07,True,False,False,False,-0.0501456628,,,,,,,,
PATH_RISK_V1_2026-08-12|2026-09-02|IHI,PATH_RISK_V1_2026-08-12,2026-09-02,IHI,SPY,2026-10-07,True,False,False,False,-0.0791921266,,,,,,,,
PATH_RISK_V1_2026-08-12|2026-09-02|ILF,PATH_RISK_V1_2026-08-12,2026-09-02,ILF,ACWX,2026-10-07,True,False,False,False,-0.0175907373,,,,,,,,
PATH_RISK_V1_2026-08-12|2026-09-02|INDA,PATH_RISK_V1_2026-08-12,2026-09-02,INDA,ACWX,2026-10-07,True,False,False,False,-0.0529967939,,,,,,,,
PATH_RISK_V1_2026-08-12|2026-09-02|ITA,PATH_RISK_V1_2026-08-12,2026-09-02,ITA,SPY,2026-10-07,True,False,False,False,-0.0763861107,,,,,,,,
PATH_RISK_V1_2026-08-12|2026-09-02|IXC,PATH_RISK_V1_2026-08-12,2026-09-02,IXC,ACWI,2026-10-07,True,False,False,False,-0.0217007846,,,,,,,,
PATH_RISK_V1_2026-08-12|2026-09-02|IXN,PATH_RISK_V1_2026-08-12,2026-09-02,IXN,ACWI,2026-10-07,True,False,False,False,0.0878583720,,,,,,,,
PATH_RISK_V1_2026-08-12|2026-09-02|IYT,PATH_RISK_V1_2026-08-12,2026-09-02,IYT,SPY,2026-10-07,True,False,False,False,-0.0432660588,,,,,,,,
PATH_RISK_V1_2026-08-12|2026-09-02|IYZ,PATH_RISK_V1_2026-08-12,2026-09-02,IYZ,SPY,2026-10-07,True,False,False,False,-0.0071337157,,,,,,,,
PATH_RISK_V1_2026-08-12|2026-09-02|JXI,PATH_RISK_V1_2026-08-12,2026-09-02,JXI,ACWI,2026-10-07,True,False,False,False,-0.0418660326,,,,,,,,
PATH_RISK_V1_2026-08-12|2026-09-02|KRE,PATH_RISK_V1_2026-08-12,2026-09-02,KRE,SPY,2026-10-07,True,False,False,False,-0.0491180011,,,,,,,,
PATH_RISK_V1_2026-08-12|2026-09-02|KXI,PATH_RISK_V1_2026-08-12,2026-09-02,KXI,ACWI,2026-10-07,True,False,False,False,-0.0493218457,,,,,,,,
PATH_RISK_V1_2026-08-12|2026-09-02|MCHI,PATH_RISK_V1_2026-08-12,2026-09-02,MCHI,ACWX,2026-10-07,True,False,False,False,-0.0443142776,,,,,,,,
PATH_RISK_V1_2026-08-12|2026-09-02|OIH,PATH_RISK_V1_2026-08-12,2026-09-02,OIH,SPY,2026-10-07,True,False,False,False,-0.1306750173,,,,,,,,
PATH_RISK_V1_2026-08-12|2026-09-02|PAVE,PATH_RISK_V1_2026-08-12,2026-09-02,PAVE,SPY,2026-10-07,True,False,False,False,-0.0155916872,,,,,,,,
PATH_RISK_V1_2026-08-12|2026-09-02|PBJ,PATH_RISK_V1_2026-08-12,2026-09-02,PBJ,SPY,2026-10-07,True,False,False,False,-0.0696112779,,,,,,,,
PATH_RISK_V1_2026-08-12|2026-09-02|QAT,PATH_RISK_V1_2026-08-12,2026-09-02,QAT,ACWX,2026-10-07,True,False,False,False,-0.0379824791,,,,,,,,
PATH_RISK_V1_2026-08-12|2026-09-02|REM,PATH_RISK_V1_2026-08-12,2026-09-02,REM,SPY,2026-10-07,True,False,False,False,-0.1648998350,,,,,,,,
PATH_RISK_V1_2026-08-12|2026-09-02|SCZ,PATH_RISK_V1_2026-08-12,2026-09-02,SCZ,ACWX,2026-10-07,True,False,False,False,-0.0055279182,,,,,,,,
PATH_RISK_V1_2026-08-12|2026-09-02|SKYY,PATH_RISK_V1_2026-08-12,2026-09-02,SKYY,SPY,2026-10-07,True,False,False,False,0.0466838342,,,,,,,,
PATH_RISK_V1_2026-08-12|2026-09-02|SMH,PATH_RISK_V1_2026-08-12,2026-09-02,SMH,SPY,2026-10-07,True,False,False,False,0.1360564955,,,,,,,,
PATH_RISK_V1_2026-08-12|2026-09-02|THD,PATH_RISK_V1_2026-08-12,2026-09-02,THD,ACWX,2026-10-07,True,False,False,False,0.0104624601,,,,,,,,
PATH_RISK_V1_2026-08-12|2026-09-02|TUR,PATH_RISK_V1_2026-08-12,2026-09-02,TUR,ACWX,2026-10-07,True,False,False,False,-0.1183109948,,,,,,,,
PATH_RISK_V1_2026-08-12|2026-09-02|UAE,PATH_RISK_V1_2026-08-12,2026-09-02,UAE,ACWX,2026-10-07,True,False,False,False,0.0336244485,,,,,,,,
PATH_RISK_V1_2026-08-12|2026-09-02|VGK,PATH_RISK_V1_2026-08-12,2026-09-02,VGK,ACWX,2026-10-07,True,False,False,False,-0.0315794338,,,,,,,,
PATH_RISK_V1_2026-08-12|2026-09-02|VPL,PATH_RISK_V1_2026-08-12,2026-09-02,VPL,ACWX,2026-10-07,True,False,False,False,0.0424778606,,,,,,,,
PATH_RISK_V1_2026-08-12|2026-09-02|VSS,PATH_RISK_V1_2026-08-12,2026-09-02,VSS,ACWX,2026-10-07,True,False,False,False,-0.0030834138,,,,,,,,
PATH_RISK_V1_2026-08-12|2026-09-02|VWO,PATH_RISK_V1_2026-08-12,2026-09-02,VWO,ACWX,2026-10-07,True,False,False,False,-0.0011189851,,,,,,,,
PATH_RISK_V1_2026-08-12|2026-09-02|XHB,PATH_RISK_V1_2026-08-12,2026-09-02,XHB,SPY,2026-10-07,True,False,False,False,-0.0468001116,,,,,,,,
PATH_RISK_V1_2026-08-12|2026-09-02|XLE,PATH_RISK_V1_2026-08-12,2026-09-02,XLE,SPY,2026-10-07,True,False,False,False,-0.0373281848,,,,,,,,
PATH_RISK_V1_2026-08-12|2026-09-02|XLF,PATH_RISK_V1_2026-08-12,2026-09-02,XLF,SPY,2026-10-07,True,False,False,False,-0.0767489260,,,,,,,,
PATH_RISK_V1_2026-08-12|2026-09-02|XLI,PATH_RISK_V1_2026-08-12,2026-09-02,XLI,SPY,2026-10-07,True,False,False,False,-0.0219054264,,,,,,,,
PATH_RISK_V1_2026-08-12|2026-09-02|XLK,PATH_RISK_V1_2026-08-12,2026-09-02,XLK,SPY,2026-10-07,True,False,False,False,0.0805342595,,,,,,,,
PATH_RISK_V1_2026-08-12|2026-09-02|XLP,PATH_RISK_V1_2026-08-12,2026-09-02,XLP,SPY,2026-10-07,True,False,False,False,-0.0601173131,,,,,,,,
PATH_RISK_V1_2026-08-12|2026-09-02|XLRE,PATH_RISK_V1_2026-08-12,2026-09-02,XLRE,SPY,2026-10-07,True,False,False,False,-0.0667136086,,,,,,,,
PATH_RISK_V1_2026-08-12|2026-09-02|XLU,PATH_RISK_V1_2026-08-12,2026-09-02,XLU,SPY,2026-10-07,True,False,False,False,-0.0674827936,,,,,,,,
PATH_RISK_V1_2026-08-12|2026-09-02|XLV,PATH_RISK_V1_2026-08-12,2026-09-02,XLV,SPY,2026-10-07,True,False,False,False,-0.0434567457,,,,,,,,
PATH_RISK_V1_2026-08-12|2026-09-02|XLY,PATH_RISK_V1_2026-08-12,2026-09-02,XLY,SPY,2026-10-07,True,False,False,False,-0.0478075269,,,,,,,,
PATH_RISK_V1_2026-08-12|2026-09-02|XOP,PATH_RISK_V1_2026-08-12,2026-09-02,XOP,SPY,2026-10-07,True,False,False,False,-0.0467520961,,,,,,,,
PATH_RISK_V1_2026-08-12|2026-09-03|AAXJ,PATH_RISK_V1_2026-08-12,2026-09-03,AAXJ,ACWX,2026-10-07,True,False,False,False,0.0411869997,,,,,,,,
PATH_RISK_V1_2026-08-12|2026-09-03|ARGT,PATH_RISK_V1_2026-08-12,2026-09-03,ARGT,ACWX,2026-10-07,True,False,False,False,-0.0553861228,,,,,,,,
PATH_RISK_V1_2026-08-12|2026-09-03|ASEA,PATH_RISK_V1_2026-08-12,2026-09-03,ASEA,ACWX,2026-10-07,True,False,False,False,-0.0128348110,,,,,,,,
PATH_RISK_V1_2026-08-12|2026-09-03|CIBR,PATH_RISK_V1_2026-08-12,2026-09-03,CIBR,SPY,2026-10-07,True,False,False,False,0.1070488378,,,,,,,,
PATH_RISK_V1_2026-08-12|2026-09-03|ECH,PATH_RISK_V1_2026-08-12,2026-09-03,ECH,ACWX,2026-10-07,True,False,False,False,-0.0545652558,,,,,,,,
PATH_RISK_V1_2026-08-12|2026-09-03|EDEN,PATH_RISK_V1_2026-08-12,2026-09-03,EDEN,ACWX,2026-10-07,True,False,False,False,-0.0740706253,,,,,,,,
PATH_RISK_V1_2026-08-12|2026-09-03|EEM,PATH_RISK_V1_2026-08-12,2026-09-03,EEM,ACWX,2026-10-07,True,False,False,False,0.0403914126,,,,,,,,
PATH_RISK_V1_2026-08-12|2026-09-03|EFA,PATH_RISK_V1_2026-08-12,2026-09-03,EFA,ACWX,2026-10-07,True,False,False,False,-0.0181337913,,,,,,,,
PATH_RISK_V1_2026-08-12|2026-09-03|EFNL,PATH_RISK_V1_2026-08-12,2026-09-03,EFNL,ACWX,2026-10-07,True,False,False,False,-0.0120971807,,,,,,,,
PATH_RISK_V1_2026-08-12|2026-09-03|EIDO,PATH_RISK_V1_2026-08-12,2026-09-03,EIDO,ACWX,2026-10-07,True,False,False,False,-0.0791139103,,,,,,,,
PATH_RISK_V1_2026-08-12|2026-09-03|EIRL,PATH_RISK_V1_2026-08-12,2026-09-03,EIRL,ACWX,2026-10-07,True,False,False,False,-0.0245496658,,,,,,,,
PATH_RISK_V1_2026-08-12|2026-09-03|EIS,PATH_RISK_V1_2026-08-12,2026-09-03,EIS,ACWX,2026-10-07,True,False,False,False,-0.0125662216,,,,,,,,
PATH_RISK_V1_2026-08-12|2026-09-03|EMXC,PATH_RISK_V1_2026-08-12,2026-09-03,EMXC,ACWX,2026-10-07,True,False,False,False,0.0573345598,,,,,,,,
PATH_RISK_V1_2026-08-12|2026-09-03|ENOR,PATH_RISK_V1_2026-08-12,2026-09-03,ENOR,ACWX,2026-10-07,True,False,False,False,-0.0304219173,,,,,,,,
PATH_RISK_V1_2026-08-12|2026-09-03|ENZL,PATH_RISK_V1_2026-08-12,2026-09-03,ENZL,ACWX,2026-10-07,True,False,False,False,-0.0490879994,,,,,,,,
PATH_RISK_V1_2026-08-12|2026-09-03|EPHE,PATH_RISK_V1_2026-08-12,2026-09-03,EPHE,ACWX,2026-10-07,True,False,False,False,-0.0372819328,,,,,,,,
PATH_RISK_V1_2026-08-12|2026-09-03|EPOL,PATH_RISK_V1_2026-08-12,2026-09-03,EPOL,ACWX,2026-10-07,True,False,False,False,-0.0025239489,,,,,,,,
PATH_RISK_V1_2026-08-12|2026-09-03|EPP,PATH_RISK_V1_2026-08-12,2026-09-03,EPP,ACWX,2026-10-07,True,False,False,False,-0.0364921557,,,,,,,,
PATH_RISK_V1_2026-08-12|2026-09-03|EWA,PATH_RISK_V1_2026-08-12,2026-09-03,EWA,ACWX,2026-10-07,True,False,False,False,-0.0439223497,,,,,,,,
PATH_RISK_V1_2026-08-12|2026-09-03|EWC,PATH_RISK_V1_2026-08-12,2026-09-03,EWC,ACWX,2026-10-07,True,False,False,False,-0.0390093238,,,,,,,,
PATH_RISK_V1_2026-08-12|2026-09-03|EWD,PATH_RISK_V1_2026-08-12,2026-09-03,EWD,ACWX,2026-10-07,True,False,False,False,-0.0425619274,,,,,,,,
PATH_RISK_V1_2026-08-12|2026-09-03|EWG,PATH_RISK_V1_2026-08-12,2026-09-03,EWG,ACWX,2026-10-07,True,False,False,False,-0.0407699980,,,,,,,,
PATH_RISK_V1_2026-08-12|2026-09-03|EWH,PATH_RISK_V1_2026-08-12,2026-09-03,EWH,ACWX,2026-10-07,True,False,False,False,-0.0324586886,,,,,,,,
PATH_RISK_V1_2026-08-12|2026-09-03|EWI,PATH_RISK_V1_2026-08-12,2026-09-03,EWI,ACWX,2026-10-07,True,False,False,False,-0.0532797330,,,,,,,,
PATH_RISK_V1_2026-08-12|2026-09-03|EWJ,PATH_RISK_V1_2026-08-12,2026-09-03,EWJ,ACWX,2026-10-07,True,False,False,False,0.0359234722,,,,,,,,
PATH_RISK_V1_2026-08-12|2026-09-03|EWL,PATH_RISK_V1_2026-08-12,2026-09-03,EWL,ACWX,2026-10-07,True,False,False,False,-0.0467267545,,,,,,,,
PATH_RISK_V1_2026-08-12|2026-09-03|EWM,PATH_RISK_V1_2026-08-12,2026-09-03,EWM,ACWX,2026-10-07,True,False,False,False,-0.0209207399,,,,,,,,
PATH_RISK_V1_2026-08-12|2026-09-03|EWN,PATH_RISK_V1_2026-08-12,2026-09-03,EWN,ACWX,2026-10-07,True,False,False,False,0.0154693528,,,,,,,,
PATH_RISK_V1_2026-08-12|2026-09-03|EWO,PATH_RISK_V1_2026-08-12,2026-09-03,EWO,ACWX,2026-10-07,True,False,False,False,-0.0417401950,,,,,,,,
PATH_RISK_V1_2026-08-12|2026-09-03|EWP,PATH_RISK_V1_2026-08-12,2026-09-03,EWP,ACWX,2026-10-07,True,False,False,False,-0.0442784362,,,,,,,,
PATH_RISK_V1_2026-08-12|2026-09-03|EWQ,PATH_RISK_V1_2026-08-12,2026-09-03,EWQ,ACWX,2026-10-07,True,False,False,False,-0.0668803934,,,,,,,,
PATH_RISK_V1_2026-08-12|2026-09-03|EWS,PATH_RISK_V1_2026-08-12,2026-09-03,EWS,ACWX,2026-10-07,True,False,False,False,-0.0093600601,,,,,,,,
PATH_RISK_V1_2026-08-12|2026-09-03|EWT,PATH_RISK_V1_2026-08-12,2026-09-03,EWT,ACWX,2026-10-07,True,False,False,False,0.0943027547,,,,,,,,
PATH_RISK_V1_2026-08-12|2026-09-03|EWU,PATH_RISK_V1_2026-08-12,2026-09-03,EWU,ACWX,2026-10-07,True,False,False,False,-0.0309225321,,,,,,,,
PATH_RISK_V1_2026-08-12|2026-09-03|EWW,PATH_RISK_V1_2026-08-12,2026-09-03,EWW,ACWX,2026-10-07,True,False,False,False,-0.0463537983,,,,,,,,
PATH_RISK_V1_2026-08-12|2026-09-03|EWY,PATH_RISK_V1_2026-08-12,2026-09-03,EWY,ACWX,2026-10-07,True,False,False,False,0.0829730314,,,,,,,,
PATH_RISK_V1_2026-08-12|2026-09-03|EWZ,PATH_RISK_V1_2026-08-12,2026-09-03,EWZ,ACWX,2026-10-07,True,False,False,False,0.1512263119,,,,,,,,
PATH_RISK_V1_2026-08-12|2026-09-03|EXI,PATH_RISK_V1_2026-08-12,2026-09-03,EXI,ACWI,2026-10-07,True,False,False,False,-0.0212567049,,,,,,,,
PATH_RISK_V1_2026-08-12|2026-09-03|EZA,PATH_RISK_V1_2026-08-12,2026-09-03,EZA,ACWX,2026-10-07,True,False,False,False,-0.1016892954,,,,,,,,
PATH_RISK_V1_2026-08-12|2026-09-03|FDN,PATH_RISK_V1_2026-08-12,2026-09-03,FDN,SPY,2026-10-07,True,False,False,False,-0.0032233882,,,,,,,,
PATH_RISK_V1_2026-08-12|2026-09-03|FEZ,PATH_RISK_V1_2026-08-12,2026-09-03,FEZ,ACWX,2026-10-07,True,False,False,False,-0.0328100945,,,,,,,,
PATH_RISK_V1_2026-08-12|2026-09-03|GREK,PATH_RISK_V1_2026-08-12,2026-09-03,GREK,ACWX,2026-10-07,True,False,False,False,-0.0249871124,,,,,,,,
PATH_RISK_V1_2026-08-12|2026-09-03|IGV,PATH_RISK_V1_2026-08-12,2026-09-03,IGV,SPY,2026-10-07,True,False,False,False,0.0211663176,,,,,,,,
PATH_RISK_V1_2026-08-12|2026-09-03|IHF,PATH_RISK_V1_2026-08-12,2026-09-03,IHF,SPY,2026-10-07,True,False,False,False,-0.0360430337,,,,,,,,
PATH_RISK_V1_2026-08-12|2026-09-03|IHI,PATH_RISK_V1_2026-08-12,2026-09-03,IHI,SPY,2026-10-07,True,False,False,False,-0.0459601708,,,,,,,,
PATH_RISK_V1_2026-08-12|2026-09-03|ILF,PATH_RISK_V1_2026-08-12,2026-09-03,ILF,ACWX,2026-10-07,True,False,False,False,0.0637445362,,,,,,,,
PATH_RISK_V1_2026-08-12|2026-09-03|INDA,PATH_RISK_V1_2026-08-12,2026-09-03,INDA,ACWX,2026-10-07,True,False,False,False,-0.0472196511,,,,,,,,
PATH_RISK_V1_2026-08-12|2026-09-03|ITA,PATH_RISK_V1_2026-08-12,2026-09-03,ITA,SPY,2026-10-07,True,False,False,False,-0.0872475955,,,,,,,,
PATH_RISK_V1_2026-08-12|2026-09-03|IWM,PATH_RISK_V1_2026-08-12,2026-09-03,IWM,ITOT,2026-10-07,True,False,False,False,-0.0396107415,,,,,,,,
PATH_RISK_V1_2026-08-12|2026-09-03|IXC,PATH_RISK_V1_2026-08-12,2026-09-03,IXC,ACWI,2026-10-07,True,False,False,False,-0.0035500741,,,,,,,,
PATH_RISK_V1_2026-08-12|2026-09-03|IXJ,PATH_RISK_V1_2026-08-12,2026-09-03,IXJ,ACWI,2026-10-07,True,False,False,False,-0.0382579180,,,,,,,,
PATH_RISK_V1_2026-08-12|2026-09-03|IXN,PATH_RISK_V1_2026-08-12,2026-09-03,IXN,ACWI,2026-10-07,True,False,False,False,0.0880779854,,,,,,,,
PATH_RISK_V1_2026-08-12|2026-09-03|IYT,PATH_RISK_V1_2026-08-12,2026-09-03,IYT,SPY,2026-10-07,True,False,False,False,-0.0471189516,,,,,,,,
PATH_RISK_V1_2026-08-12|2026-09-03|IYZ,PATH_RISK_V1_2026-08-12,2026-09-03,IYZ,SPY,2026-10-07,True,False,False,False,0.0056739739,,,,,,,,
PATH_RISK_V1_2026-08-12|2026-09-03|KBE,PATH_RISK_V1_2026-08-12,2026-09-03,KBE,SPY,2026-10-07,True,False,False,False,-0.0708223524,,,,,,,,
PATH_RISK_V1_2026-08-12|2026-09-03|KRE,PATH_RISK_V1_2026-08-12,2026-09-03,KRE,SPY,2026-10-07,True,False,False,False,-0.0588452202,,,,,,,,
PATH_RISK_V1_2026-08-12|2026-09-03|KSA,PATH_RISK_V1_2026-08-12,2026-09-03,KSA,ACWX,2026-10-07,True,False,False,False,-0.0319609346,,,,,,,,
PATH_RISK_V1_2026-08-12|2026-09-03|KXI,PATH_RISK_V1_2026-08-12,2026-09-03,KXI,ACWI,2026-10-07,True,False,False,False,-0.0433404406,,,,,,,,
PATH_RISK_V1_2026-08-12|2026-09-03|MCHI,PATH_RISK_V1_2026-08-12,2026-09-03,MCHI,ACWX,2026-10-07,True,False,False,False,-0.0179415017,,,,,,,,
PATH_RISK_V1_2026-08-12|2026-09-03|MDY,PATH_RISK_V1_2026-08-12,2026-09-03,MDY,ITOT,2026-10-07,True,False,False,False,-0.0263995139,,,,,,,,
PATH_RISK_V1_2026-08-12|2026-09-03|OIH,PATH_RISK_V1_2026-08-12,2026-09-03,OIH,SPY,2026-10-07,True,False,False,False,-0.0859244734,,,,,,,,
PATH_RISK_V1_2026-08-12|2026-09-03|PAVE,PATH_RISK_V1_2026-08-12,2026-09-03,PAVE,SPY,2026-10-07,True,False,False,False,-0.0151704258,,,,,,,,
PATH_RISK_V1_2026-08-12|2026-09-03|PEJ,PATH_RISK_V1_2026-08-12,2026-09-03,PEJ,SPY,2026-10-07,True,False,False,False,-0.0397806166,,,,,,,,
PATH_RISK_V1_2026-08-12|2026-09-03|QAT,PATH_RISK_V1_2026-08-12,2026-09-03,QAT,ACWX,2026-10-07,True,False,False,False,-0.0297178888,,,,,,,,
PATH_RISK_V1_2026-08-12|2026-09-03|QQQ,PATH_RISK_V1_2026-08-12,2026-09-03,QQQ,SPY,2026-10-07,True,False,False,False,0.0499187086,,,,,,,,
PATH_RISK_V1_2026-08-12|2026-09-03|REM,PATH_RISK_V1_2026-08-12,2026-09-03,REM,SPY,2026-10-07,True,False,False,False,-0.1720419209,,,,,,,,
PATH_RISK_V1_2026-08-12|2026-09-03|REZ,PATH_RISK_V1_2026-08-12,2026-09-03,REZ,SPY,2026-10-07,True,False,False,False,-0.0742237094,,,,,,,,
PATH_RISK_V1_2026-08-12|2026-09-03|RXI,PATH_RISK_V1_2026-08-12,2026-09-03,RXI,ACWI,2026-10-07,True,False,False,False,-0.0521429782,,,,,,,,
PATH_RISK_V1_2026-08-12|2026-09-03|SCZ,PATH_RISK_V1_2026-08-12,2026-09-03,SCZ,ACWX,2026-10-07,True,False,False,False,-0.0153408989,,,,,,,,
PATH_RISK_V1_2026-08-12|2026-09-03|SKYY,PATH_RISK_V1_2026-08-12,2026-09-03,SKYY,SPY,2026-10-07,True,False,False,False,0.0313343581,,,,,,,,
PATH_RISK_V1_2026-08-12|2026-09-03|SMH,PATH_RISK_V1_2026-08-12,2026-09-03,SMH,SPY,2026-10-07,True,False,False,False,0.1418297700,,,,,,,,
PATH_RISK_V1_2026-08-12|2026-09-03|THD,PATH_RISK_V1_2026-08-12,2026-09-03,THD,ACWX,2026-10-07,True,False,False,False,-0.0018616904,,,,,,,,
PATH_RISK_V1_2026-08-12|2026-09-03|TUR,PATH_RISK_V1_2026-08-12,2026-09-03,TUR,ACWX,2026-10-07,True,False,False,False,-0.0900363143,,,,,,,,
PATH_RISK_V1_2026-08-12|2026-09-03|UAE,PATH_RISK_V1_2026-08-12,2026-09-03,UAE,ACWX,2026-10-07,True,False,False,False,0.0344121218,,,,,,,,
PATH_RISK_V1_2026-08-12|2026-09-03|VEA,PATH_RISK_V1_2026-08-12,2026-09-03,VEA,ACWX,2026-10-07,True,False,False,False,-0.0083601206,,,,,,,,
PATH_RISK_V1_2026-08-12|2026-09-03|VGK,PATH_RISK_V1_2026-08-12,2026-09-03,VGK,ACWX,2026-10-07,True,False,False,False,-0.0370745073,,,,,,,,
PATH_RISK_V1_2026-08-12|2026-09-03|VNM,PATH_RISK_V1_2026-08-12,2026-09-03,VNM,ACWX,2026-10-07,True,False,False,False,-0.0357385907,,,,,,,,
PATH_RISK_V1_2026-08-12|2026-09-03|VNQ,PATH_RISK_V1_2026-08-12,2026-09-03,VNQ,SPY,2026-10-07,True,False,False,False,-0.0739883123,,,,,,,,
PATH_RISK_V1_2026-08-12|2026-09-03|VPL,PATH_RISK_V1_2026-08-12,2026-09-03,VPL,ACWX,2026-10-07,True,False,False,False,0.0340694920,,,,,,,,
PATH_RISK_V1_2026-08-12|2026-09-03|VSS,PATH_RISK_V1_2026-08-12,2026-09-03,VSS,ACWX,2026-10-07,True,False,False,False,-0.0067010805,,,,,,,,
PATH_RISK_V1_2026-08-12|2026-09-03|VWO,PATH_RISK_V1_2026-08-12,2026-09-03,VWO,ACWX,2026-10-07,True,False,False,False,0.0168899857,,,,,,,,
PATH_RISK_V1_2026-08-12|2026-09-03|XBI,PATH_RISK_V1_2026-08-12,2026-09-03,XBI,SPY,2026-10-07,True,False,False,False,-0.0542078687,,,,,,,,
PATH_RISK_V1_2026-08-12|2026-09-03|XHB,PATH_RISK_V1_2026-08-12,2026-09-03,XHB,SPY,2026-10-07,True,False,False,False,-0.0574785491,,,,,,,,
PATH_RISK_V1_2026-08-12|2026-09-03|XLB,PATH_RISK_V1_2026-08-12,2026-09-03,XLB,SPY,2026-10-07,True,False,False,False,-0.0593244642,,,,,,,,
PATH_RISK_V1_2026-08-12|2026-09-03|XLC,PATH_RISK_V1_2026-08-12,2026-09-03,XLC,SPY,2026-10-07,True,False,False,False,-0.0169239942,,,,,,,,
PATH_RISK_V1_2026-08-12|2026-09-03|XLE,PATH_RISK_V1_2026-08-12,2026-09-03,XLE,SPY,2026-10-07,True,False,False,False,-0.0168269884,,,,,,,,
PATH_RISK_V1_2026-08-12|2026-09-03|XLF,PATH_RISK_V1_2026-08-12,2026-09-03,XLF,SPY,2026-10-07,True,False,False,False,-0.0809221242,,,,,,,,
PATH_RISK_V1_2026-08-12|2026-09-03|XLI,PATH_RISK_V1_2026-08-12,2026-09-03,XLI,SPY,2026-10-07,True,False,False,False,-0.0274393023,,,,,,,,
PATH_RISK_V1_2026-08-12|2026-09-03|XLK,PATH_RISK_V1_2026-08-12,2026-09-03,XLK,SPY,2026-10-07,True,False,False,False,0.0767127070,,,,,,,,
PATH_RISK_V1_2026-08-12|2026-09-03|XLP,PATH_RISK_V1_2026-08-12,2026-09-03,XLP,SPY,2026-10-07,True,False,False,False,-0.0476590152,,,,,,,,
PATH_RISK_V1_2026-08-12|2026-09-03|XLRE,PATH_RISK_V1_2026-08-12,2026-09-03,XLRE,SPY,2026-10-07,True,False,False,False,-0.0774442215,,,,,,,,
PATH_RISK_V1_2026-08-12|2026-09-03|XLU,PATH_RISK_V1_2026-08-12,2026-09-03,XLU,SPY,2026-10-07,True,False,False,False,-0.0686006483,,,,,,,,
PATH_RISK_V1_2026-08-12|2026-09-03|XLV,PATH_RISK_V1_2026-08-12,2026-09-03,XLV,SPY,2026-10-07,True,False,False,False,-0.0347724452,,,,,,,,
PATH_RISK_V1_2026-08-12|2026-09-03|XLY,PATH_RISK_V1_2026-08-12,2026-09-03,XLY,SPY,2026-10-07,True,False,False,False,-0.0541595632,,,,,,,,
PATH_RISK_V1_2026-08-12|2026-09-03|XME,PATH_RISK_V1_2026-08-12,2026-09-03,XME,SPY,2026-10-07,True,False,False,False,-0.0933022779,,,,,,,,
PATH_RISK_V1_2026-08-12|2026-09-03|XOP,PATH_RISK_V1_2026-08-12,2026-09-03,XOP,SPY,2026-10-07,True,False,False,False,-0.0260539440,,,,,,,,
PATH_RISK_V1_2026-08-12|2026-09-03|XRT,PATH_RISK_V1_2026-08-12,2026-09-03,XRT,SPY,2026-10-07,True,False,False,False,-0.0463296658,,,,,,,,
PATH_RISK_V1_2026-08-12|2026-09-04|AAXJ,PATH_RISK_V1_2026-08-12,2026-09-04,AAXJ,ACWX,2026-10-07,True,False,False,False,0.0182126632,,,,,,,,
PATH_RISK_V1_2026-08-12|2026-09-04|AFK,PATH_RISK_V1_2026-08-12,2026-09-04,AFK,ACWX,2026-10-07,True,False,False,False,-0.0695668324,,,,,,,,
PATH_RISK_V1_2026-08-12|2026-09-04|ARGT,PATH_RISK_V1_2026-08-12,2026-09-04,ARGT,ACWX,2026-10-07,True,False,False,False,-0.0438809912,,,,,,,,
PATH_RISK_V1_2026-08-12|2026-09-04|ASEA,PATH_RISK_V1_2026-08-12,2026-09-04,ASEA,ACWX,2026-10-07,True,False,False,False,-0.0115929555,,,,,,,,
PATH_RISK_V1_2026-08-12|2026-09-04|CIBR,PATH_RISK_V1_2026-08-12,2026-09-04,CIBR,SPY,2026-10-07,False,False,False,False,,,,,,,,,
PATH_RISK_V1_2026-08-12|2026-09-04|ECH,PATH_RISK_V1_2026-08-12,2026-09-04,ECH,ACWX,2026-10-07,True,False,False,False,-0.0359125052,,,,,,,,
PATH_RISK_V1_2026-08-12|2026-09-04|EDEN,PATH_RISK_V1_2026-08-12,2026-09-04,EDEN,ACWX,2026-10-07,False,False,False,False,,,,,,,,,
PATH_RISK_V1_2026-08-12|2026-09-04|EEM,PATH_RISK_V1_2026-08-12,2026-09-04,EEM,ACWX,2026-10-07,True,False,False,False,0.0213231721,,,,,,,,
PATH_RISK_V1_2026-08-12|2026-09-04|EFA,PATH_RISK_V1_2026-08-12,2026-09-04,EFA,ACWX,2026-10-07,True,False,False,False,-0.0114191688,,,,,,,,
PATH_RISK_V1_2026-08-12|2026-09-04|EFNL,PATH_RISK_V1_2026-08-12,2026-09-04,EFNL,ACWX,2026-10-07,False,False,False,False,,,,,,,,,
PATH_RISK_V1_2026-08-12|2026-09-04|EIDO,PATH_RISK_V1_2026-08-12,2026-09-04,EIDO,ACWX,2026-10-07,True,False,False,False,-0.0611692918,,,,,,,,
PATH_RISK_V1_2026-08-12|2026-09-04|EIRL,PATH_RISK_V1_2026-08-12,2026-09-04,EIRL,ACWX,2026-10-07,True,False,False,False,-0.0229600609,,,,,,,,
PATH_RISK_V1_2026-08-12|2026-09-04|EIS,PATH_RISK_V1_2026-08-12,2026-09-04,EIS,ACWX,2026-10-07,True,False,False,False,-0.0217155521,,,,,,,,
PATH_RISK_V1_2026-08-12|2026-09-04|EMXC,PATH_RISK_V1_2026-08-12,2026-09-04,EMXC,ACWX,2026-10-07,False,False,False,False,,,,,,,,,
PATH_RISK_V1_2026-08-12|2026-09-04|ENOR,PATH_RISK_V1_2026-08-12,2026-09-04,ENOR,ACWX,2026-10-07,False,False,False,False,,,,,,,,,
PATH_RISK_V1_2026-08-12|2026-09-04|ENZL,PATH_RISK_V1_2026-08-12,2026-09-04,ENZL,ACWX,2026-10-07,True,False,False,False,-0.0411606069,,,,,,,,
PATH_RISK_V1_2026-08-12|2026-09-04|EPHE,PATH_RISK_V1_2026-08-12,2026-09-04,EPHE,ACWX,2026-10-07,True,False,False,False,-0.0358165385,,,,,,,,
PATH_RISK_V1_2026-08-12|2026-09-04|EPOL,PATH_RISK_V1_2026-08-12,2026-09-04,EPOL,ACWX,2026-10-07,True,False,False,False,0.0136334862,,,,,,,,
PATH_RISK_V1_2026-08-12|2026-09-04|EPP,PATH_RISK_V1_2026-08-12,2026-09-04,EPP,ACWX,2026-10-07,True,False,False,False,-0.0290085186,,,,,,,,
PATH_RISK_V1_2026-08-12|2026-09-04|EPU,PATH_RISK_V1_2026-08-12,2026-09-04,EPU,ACWX,2026-10-07,True,False,False,False,0.0167168697,,,,,,,,
PATH_RISK_V1_2026-08-12|2026-09-04|EWA,PATH_RISK_V1_2026-08-12,2026-09-04,EWA,ACWX,2026-10-07,True,False,False,False,-0.0293604797,,,,,,,,
PATH_RISK_V1_2026-08-12|2026-09-04|EWC,PATH_RISK_V1_2026-08-12,2026-09-04,EWC,ACWX,2026-10-07,True,False,False,False,-0.0196228410,,,,,,,,
PATH_RISK_V1_2026-08-12|2026-09-04|EWD,PATH_RISK_V1_2026-08-12,2026-09-04,EWD,ACWX,2026-10-07,True,False,False,False,-0.0262041139,,,,,,,,
PATH_RISK_V1_2026-08-12|2026-09-04|EWG,PATH_RISK_V1_2026-08-12,2026-09-04,EWG,ACWX,2026-10-07,True,False,False,False,-0.0284438514,,,,,,,,
PATH_RISK_V1_2026-08-12|2026-09-04|EWH,PATH_RISK_V1_2026-08-12,2026-09-04,EWH,ACWX,2026-10-07,True,False,False,False,-0.0422377270,,,,,,,,
PATH_RISK_V1_2026-08-12|2026-09-04|EWI,PATH_RISK_V1_2026-08-12,2026-09-04,EWI,ACWX,2026-10-07,True,False,False,False,-0.0373717992,,,,,,,,
PATH_RISK_V1_2026-08-12|2026-09-04|EWJ,PATH_RISK_V1_2026-08-12,2026-09-04,EWJ,ACWX,2026-10-07,True,False,False,False,0.0386317328,,,,,,,,
PATH_RISK_V1_2026-08-12|2026-09-04|EWL,PATH_RISK_V1_2026-08-12,2026-09-04,EWL,ACWX,2026-10-07,True,False,False,False,-0.0347591771,,,,,,,,
PATH_RISK_V1_2026-08-12|2026-09-04|EWM,PATH_RISK_V1_2026-08-12,2026-09-04,EWM,ACWX,2026-10-07,True,False,False,False,-0.0098492477,,,,,,,,
PATH_RISK_V1_2026-08-12|2026-09-04|EWN,PATH_RISK_V1_2026-08-12,2026-09-04,EWN,ACWX,2026-10-07,True,False,False,False,0.0130334339,,,,,,,,
PATH_RISK_V1_2026-08-12|2026-09-04|EWO,PATH_RISK_V1_2026-08-12,2026-09-04,EWO,ACWX,2026-10-07,True,False,False,False,-0.0407153132,,,,,,,,
PATH_RISK_V1_2026-08-12|2026-09-04|EWP,PATH_RISK_V1_2026-08-12,2026-09-04,EWP,ACWX,2026-10-07,True,False,False,False,-0.0362842568,,,,,,,,
PATH_RISK_V1_2026-08-12|2026-09-04|EWQ,PATH_RISK_V1_2026-08-12,2026-09-04,EWQ,ACWX,2026-10-07,True,False,False,False,-0.0595211158,,,,,,,,
PATH_RISK_V1_2026-08-12|2026-09-04|EWS,PATH_RISK_V1_2026-08-12,2026-09-04,EWS,ACWX,2026-10-07,True,False,False,False,-0.0129736725,,,,,,,,
PATH_RISK_V1_2026-08-12|2026-09-04|EWT,PATH_RISK_V1_2026-08-12,2026-09-04,EWT,ACWX,2026-10-07,True,False,False,False,0.0775038678,,,,,,,,
PATH_RISK_V1_2026-08-12|2026-09-04|EWU,PATH_RISK_V1_2026-08-12,2026-09-04,EWU,ACWX,2026-10-07,True,False,False,False,-0.0192005645,,,,,,,,
PATH_RISK_V1_2026-08-12|2026-09-04|EWW,PATH_RISK_V1_2026-08-12,2026-09-04,EWW,ACWX,2026-10-07,True,False,False,False,-0.0250869316,,,,,,,,
PATH_RISK_V1_2026-08-12|2026-09-04|EWY,PATH_RISK_V1_2026-08-12,2026-09-04,EWY,ACWX,2026-10-07,True,False,False,False,0.0143152265,,,,,,,,
PATH_RISK_V1_2026-08-12|2026-09-04|EWZ,PATH_RISK_V1_2026-08-12,2026-09-04,EWZ,ACWX,2026-10-07,True,False,False,False,0.1672875521,,,,,,,,
PATH_RISK_V1_2026-08-12|2026-09-04|EXI,PATH_RISK_V1_2026-08-12,2026-09-04,EXI,ACWI,2026-10-07,True,False,False,False,-0.0237637239,,,,,,,,
PATH_RISK_V1_2026-08-12|2026-09-04|EZA,PATH_RISK_V1_2026-08-12,2026-09-04,EZA,ACWX,2026-10-07,True,False,False,False,-0.0867260230,,,,,,,,
PATH_RISK_V1_2026-08-12|2026-09-04|FDN,PATH_RISK_V1_2026-08-12,2026-09-04,FDN,SPY,2026-10-07,True,False,False,False,0.0062319364,,,,,,,,
PATH_RISK_V1_2026-08-12|2026-09-04|FEZ,PATH_RISK_V1_2026-08-12,2026-09-04,FEZ,ACWX,2026-10-07,True,False,False,False,-0.0268116171,,,,,,,,
PATH_RISK_V1_2026-08-12|2026-09-04|GREK,PATH_RISK_V1_2026-08-12,2026-09-04,GREK,ACWX,2026-10-07,True,False,False,False,-0.0049781430,,,,,,,,
PATH_RISK_V1_2026-08-12|2026-09-04|IGV,PATH_RISK_V1_2026-08-12,2026-09-04,IGV,SPY,2026-10-07,True,False,False,False,0.0482734520,,,,,,,,
PATH_RISK_V1_2026-08-12|2026-09-04|IHF,PATH_RISK_V1_2026-08-12,2026-09-04,IHF,SPY,2026-10-07,True,False,False,False,-0.0377723168,,,,,,,,
PATH_RISK_V1_2026-08-12|2026-09-04|IHI,PATH_RISK_V1_2026-08-12,2026-09-04,IHI,SPY,2026-10-07,True,False,False,False,-0.0620539610,,,,,,,,
PATH_RISK_V1_2026-08-12|2026-09-04|ILF,PATH_RISK_V1_2026-08-12,2026-09-04,ILF,ACWX,2026-10-07,True,False,False,False,0.0841728493,,,,,,,,
PATH_RISK_V1_2026-08-12|2026-09-04|INDA,PATH_RISK_V1_2026-08-12,2026-09-04,INDA,ACWX,2026-10-07,False,False,False,False,,,,,,,,,
PATH_RISK_V1_2026-08-12|2026-09-04|ITA,PATH_RISK_V1_2026-08-12,2026-09-04,ITA,SPY,2026-10-07,True,False,False,False,-0.0886529267,,,,,,,,
PATH_RISK_V1_2026-08-12|2026-09-04|IWM,PATH_RISK_V1_2026-08-12,2026-09-04,IWM,ITOT,2026-10-07,True,False,False,False,-0.0567748465,,,,,,,,
PATH_RISK_V1_2026-08-12|2026-09-04|IXC,PATH_RISK_V1_2026-08-12,2026-09-04,IXC,ACWI,2026-10-07,True,False,False,False,0.0035628041,,,,,,,,
PATH_RISK_V1_2026-08-12|2026-09-04|IXG,PATH_RISK_V1_2026-08-12,2026-09-04,IXG,ACWI,2026-10-07,True,False,False,False,-0.0620450821,,,,,,,,
PATH_RISK_V1_2026-08-12|2026-09-04|IXJ,PATH_RISK_V1_2026-08-12,2026-09-04,IXJ,ACWI,2026-10-07,True,False,False,False,-0.0333525175,,,,,,,,
PATH_RISK_V1_2026-08-12|2026-09-04|IXN,PATH_RISK_V1_2026-08-12,2026-09-04,IXN,ACWI,2026-10-07,True,False,False,False,0.0704398079,,,,,,,,
PATH_RISK_V1_2026-08-12|2026-09-04|IXP,PATH_RISK_V1_2026-08-12,2026-09-04,IXP,ACWI,2026-10-07,True,False,False,False,0.0037757675,,,,,,,,
PATH_RISK_V1_2026-08-12|2026-09-04|IYG,PATH_RISK_V1_2026-08-12,2026-09-04,IYG,SPY,2026-10-07,True,False,False,False,-0.0818494552,,,,,,,,
PATH_RISK_V1_2026-08-12|2026-09-04|IYT,PATH_RISK_V1_2026-08-12,2026-09-04,IYT,SPY,2026-10-07,True,False,False,False,-0.0642534186,,,,,,,,
PATH_RISK_V1_2026-08-12|2026-09-04|IYZ,PATH_RISK_V1_2026-08-12,2026-09-04,IYZ,SPY,2026-10-07,True,False,False,False,0.0246177535,,,,,,,,
PATH_RISK_V1_2026-08-12|2026-09-04|JXI,PATH_RISK_V1_2026-08-12,2026-09-04,JXI,ACWI,2026-10-07,True,False,False,False,-0.0299514669,,,,,,,,
PATH_RISK_V1_2026-08-12|2026-09-04|KBE,PATH_RISK_V1_2026-08-12,2026-09-04,KBE,SPY,2026-10-07,True,False,False,False,-0.0859505767,,,,,,,,
PATH_RISK_V1_2026-08-12|2026-09-04|KIE,PATH_RISK_V1_2026-08-12,2026-09-04,KIE,SPY,2026-10-07,True,False,False,False,-0.0748601944,,,,,,,,
PATH_RISK_V1_2026-08-12|2026-09-04|KRE,PATH_RISK_V1_2026-08-12,2026-09-04,KRE,SPY,2026-10-07,True,False,False,False,-0.0767701174,,,,,,,,
PATH_RISK_V1_2026-08-12|2026-09-04|KSA,PATH_RISK_V1_2026-08-12,2026-09-04,KSA,ACWX,2026-10-07,False,False,False,False,,,,,,,,,
PATH_RISK_V1_2026-08-12|2026-09-04|KXI,PATH_RISK_V1_2026-08-12,2026-09-04,KXI,ACWI,2026-10-07,True,False,False,False,-0.0354163985,,,,,,,,
PATH_RISK_V1_2026-08-12|2026-09-04|MCHI,PATH_RISK_V1_2026-08-12,2026-09-04,MCHI,ACWX,2026-10-07,True,False,False,False,-0.0225929846,,,,,,,,
PATH_RISK_V1_2026-08-12|2026-09-04|MDY,PATH_RISK_V1_2026-08-12,2026-09-04,MDY,ITOT,2026-10-07,True,False,False,False,-0.0315028072,,,,,,,,
PATH_RISK_V1_2026-08-12|2026-09-04|MXI,PATH_RISK_V1_2026-08-12,2026-09-04,MXI,ACWI,2026-10-07,True,False,False,False,-0.0480189109,,,,,,,,
PATH_RISK_V1_2026-08-12|2026-09-04|OIH,PATH_RISK_V1_2026-08-12,2026-09-04,OIH,SPY,2026-10-07,True,False,False,False,-0.0970703186,,,,,,,,
PATH_RISK_V1_2026-08-12|2026-09-04|PAVE,PATH_RISK_V1_2026-08-12,2026-09-04,PAVE,SPY,2026-10-07,False,False,False,False,,,,,,,,,
PATH_RISK_V1_2026-08-12|2026-09-04|PBJ,PATH_RISK_V1_2026-08-12,2026-09-04,PBJ,SPY,2026-10-07,True,False,False,False,-0.0541736970,,,,,,,,
PATH_RISK_V1_2026-08-12|2026-09-04|PEJ,PATH_RISK_V1_2026-08-12,2026-09-04,PEJ,SPY,2026-10-07,True,False,False,False,-0.0411607685,,,,,,,,
PATH_RISK_V1_2026-08-12|2026-09-04|QAT,PATH_RISK_V1_2026-08-12,2026-09-04,QAT,ACWX,2026-10-07,False,False,False,False,,,,,,,,,
PATH_RISK_V1_2026-08-12|2026-09-04|QQQ,PATH_RISK_V1_2026-08-12,2026-09-04,QQQ,SPY,2026-10-07,True,False,False,False,0.0430376005,,,,,,,,
PATH_RISK_V1_2026-08-12|2026-09-04|REM,PATH_RISK_V1_2026-08-12,2026-09-04,REM,SPY,2026-10-07,True,False,False,False,-0.1793319505,,,,,,,,
PATH_RISK_V1_2026-08-12|2026-09-04|REZ,PATH_RISK_V1_2026-08-12,2026-09-04,REZ,SPY,2026-10-07,True,False,False,False,-0.0675901817,,,,,,,,
PATH_RISK_V1_2026-08-12|2026-09-04|RXI,PATH_RISK_V1_2026-08-12,2026-09-04,RXI,ACWI,2026-10-07,True,False,False,False,-0.0432336715,,,,,,,,
PATH_RISK_V1_2026-08-12|2026-09-04|SCZ,PATH_RISK_V1_2026-08-12,2026-09-04,SCZ,ACWX,2026-10-07,True,False,False,False,-0.0093309598,,,,,,,,
PATH_RISK_V1_2026-08-12|2026-09-04|SKYY,PATH_RISK_V1_2026-08-12,2026-09-04,SKYY,SPY,2026-10-07,True,False,False,False,0.0438084221,,,,,,,,
PATH_RISK_V1_2026-08-12|2026-09-04|SMH,PATH_RISK_V1_2026-08-12,2026-09-04,SMH,SPY,2026-10-07,True,False,False,False,0.1000259878,,,,,,,,
PATH_RISK_V1_2026-08-12|2026-09-04|THD,PATH_RISK_V1_2026-08-12,2026-09-04,THD,ACWX,2026-10-07,True,False,False,False,0.0070300980,,,,,,,,
PATH_RISK_V1_2026-08-12|2026-09-04|TUR,PATH_RISK_V1_2026-08-12,2026-09-04,TUR,ACWX,2026-10-07,True,False,False,False,-0.0969474826,,,,,,,,
PATH_RISK_V1_2026-08-12|2026-09-04|UAE,PATH_RISK_V1_2026-08-12,2026-09-04,UAE,ACWX,2026-10-07,False,False,False,False,,,,,,,,,
PATH_RISK_V1_2026-08-12|2026-09-04|VEA,PATH_RISK_V1_2026-08-12,2026-09-04,VEA,ACWX,2026-10-07,True,False,False,False,-0.0067179839,,,,,,,,
PATH_RISK_V1_2026-08-12|2026-09-04|VGK,PATH_RISK_V1_2026-08-12,2026-09-04,VGK,ACWX,2026-10-07,True,False,False,False,-0.0276355965,,,,,,,,
PATH_RISK_V1_2026-08-12|2026-09-04|VNM,PATH_RISK_V1_2026-08-12,2026-09-04,VNM,ACWX,2026-10-07,True,False,False,False,-0.0418552293,,,,,,,,
PATH_RISK_V1_2026-08-12|2026-09-04|VNQ,PATH_RISK_V1_2026-08-12,2026-09-04,VNQ,SPY,2026-10-07,True,False,False,False,-0.0684063468,,,,,,,,
PATH_RISK_V1_2026-08-12|2026-09-04|VPL,PATH_RISK_V1_2026-08-12,2026-09-04,VPL,ACWX,2026-10-07,True,False,False,False,0.0208996532,,,,,,,,
PATH_RISK_V1_2026-08-12|2026-09-04|VSS,PATH_RISK_V1_2026-08-12,2026-09-04,VSS,ACWX,2026-10-07,True,False,False,False,-0.0023552889,,,,,,,,
PATH_RISK_V1_2026-08-12|2026-09-04|VWO,PATH_RISK_V1_2026-08-12,2026-09-04,VWO,ACWX,2026-10-07,True,False,False,False,0.0159724763,,,,,,,,
PATH_RISK_V1_2026-08-12|2026-09-04|XBI,PATH_RISK_V1_2026-08-12,2026-09-04,XBI,SPY,2026-10-07,True,False,False,False,-0.0915898899,,,,,,,,
PATH_RISK_V1_2026-08-12|2026-09-04|XHB,PATH_RISK_V1_2026-08-12,2026-09-04,XHB,SPY,2026-10-07,True,False,False,False,-0.0648311805,,,,,,,,
PATH_RISK_V1_2026-08-12|2026-09-04|XLB,PATH_RISK_V1_2026-08-12,2026-09-04,XLB,SPY,2026-10-07,True,False,False,False,-0.0605299026,,,,,,,,
PATH_RISK_V1_2026-08-12|2026-09-04|XLC,PATH_RISK_V1_2026-08-12,2026-09-04,XLC,SPY,2026-10-07,False,False,False,False,,,,,,,,,
PATH_RISK_V1_2026-08-12|2026-09-04|XLE,PATH_RISK_V1_2026-08-12,2026-09-04,XLE,SPY,2026-10-07,True,False,False,False,-0.0128111756,,,,,,,,
PATH_RISK_V1_2026-08-12|2026-09-04|XLF,PATH_RISK_V1_2026-08-12,2026-09-04,XLF,SPY,2026-10-07,True,False,False,False,-0.0800473086,,,,,,,,
PATH_RISK_V1_2026-08-12|2026-09-04|XLI,PATH_RISK_V1_2026-08-12,2026-09-04,XLI,SPY,2026-10-07,True,False,False,False,-0.0320389491,,,,,,,,
PATH_RISK_V1_2026-08-12|2026-09-04|XLK,PATH_RISK_V1_2026-08-12,2026-09-04,XLK,SPY,2026-10-07,True,False,False,False,0.0648774192,,,,,,,,
PATH_RISK_V1_2026-08-12|2026-09-04|XLP,PATH_RISK_V1_2026-08-12,2026-09-04,XLP,SPY,2026-10-07,True,False,False,False,-0.0400122973,,,,,,,,
PATH_RISK_V1_2026-08-12|2026-09-04|XLRE,PATH_RISK_V1_2026-08-12,2026-09-04,XLRE,SPY,2026-10-07,False,False,False,False,,,,,,,,,
PATH_RISK_V1_2026-08-12|2026-09-04|XLU,PATH_RISK_V1_2026-08-12,2026-09-04,XLU,SPY,2026-10-07,True,False,False,False,-0.0508945746,,,,,,,,
PATH_RISK_V1_2026-08-12|2026-09-04|XLV,PATH_RISK_V1_2026-08-12,2026-09-04,XLV,SPY,2026-10-07,True,False,False,False,-0.0352716799,,,,,,,,
PATH_RISK_V1_2026-08-12|2026-09-04|XLY,PATH_RISK_V1_2026-08-12,2026-09-04,XLY,SPY,2026-10-07,True,False,False,False,-0.0391365192,,,,,,,,
PATH_RISK_V1_2026-08-12|2026-09-04|XME,PATH_RISK_V1_2026-08-12,2026-09-04,XME,SPY,2026-10-07,True,False,False,False,-0.0995599802,,,,,,,,
PATH_RISK_V1_2026-08-12|2026-09-04|XOP,PATH_RISK_V1_2026-08-12,2026-09-04,XOP,SPY,2026-10-07,True,False,False,False,-0.0216210767,,,,,,,,
PATH_RISK_V1_2026-08-12|2026-09-04|XPH,PATH_RISK_V1_2026-08-12,2026-09-04,XPH,SPY,2026-10-07,True,False,False,False,-0.1248239346,,,,,,,,
PATH_RISK_V1_2026-08-12|2026-09-04|XRT,PATH_RISK_V1_2026-08-12,2026-09-04,XRT,SPY,2026-10-07,True,False,False,False,-0.0641378510,,,,,,,,
PATH_RISK_V1_2026-08-12|2026-09-08|AAXJ,PATH_RISK_V1_2026-08-12,2026-09-08,AAXJ,ACWX,2026-10-07,False,False,False,False,,,,,,,,,
PATH_RISK_V1_2026-08-12|2026-09-08|ARGT,PATH_RISK_V1_2026-08-12,2026-09-08,ARGT,ACWX,2026-10-07,False,False,False,False,,,,,,,,,
PATH_RISK_V1_2026-08-12|2026-09-08|ASEA,PATH_RISK_V1_2026-08-12,2026-09-08,ASEA,ACWX,2026-10-07,False,False,False,False,,,,,,,,,
PATH_RISK_V1_2026-08-12|2026-09-08|CIBR,PATH_RISK_V1_2026-08-12,2026-09-08,CIBR,SPY,2026-10-07,False,False,False,False,,,,,,,,,
PATH_RISK_V1_2026-08-12|2026-09-08|ECH,PATH_RISK_V1_2026-08-12,2026-09-08,ECH,ACWX,2026-10-07,False,False,False,False,,,,,,,,,
PATH_RISK_V1_2026-08-12|2026-09-08|EDEN,PATH_RISK_V1_2026-08-12,2026-09-08,EDEN,ACWX,2026-10-07,False,False,False,False,,,,,,,,,
PATH_RISK_V1_2026-08-12|2026-09-08|EEM,PATH_RISK_V1_2026-08-12,2026-09-08,EEM,ACWX,2026-10-07,False,False,False,False,,,,,,,,,
PATH_RISK_V1_2026-08-12|2026-09-08|EFA,PATH_RISK_V1_2026-08-12,2026-09-08,EFA,ACWX,2026-10-07,False,False,False,False,,,,,,,,,
PATH_RISK_V1_2026-08-12|2026-09-08|EFNL,PATH_RISK_V1_2026-08-12,2026-09-08,EFNL,ACWX,2026-10-07,False,False,False,False,,,,,,,,,
PATH_RISK_V1_2026-08-12|2026-09-08|EIDO,PATH_RISK_V1_2026-08-12,2026-09-08,EIDO,ACWX,2026-10-07,False,False,False,False,,,,,,,,,
PATH_RISK_V1_2026-08-12|2026-09-08|EIRL,PATH_RISK_V1_2026-08-12,2026-09-08,EIRL,ACWX,2026-10-07,False,False,False,False,,,,,,,,,
PATH_RISK_V1_2026-08-12|2026-09-08|EIS,PATH_RISK_V1_2026-08-12,2026-09-08,EIS,ACWX,2026-10-07,False,False,False,False,,,,,,,,,
PATH_RISK_V1_2026-08-12|2026-09-08|EMXC,PATH_RISK_V1_2026-08-12,2026-09-08,EMXC,ACWX,2026-10-07,False,False,False,False,,,,,,,,,
PATH_RISK_V1_2026-08-12|2026-09-08|ENOR,PATH_RISK_V1_2026-08-12,2026-09-08,ENOR,ACWX,2026-10-07,False,False,False,False,,,,,,,,,
PATH_RISK_V1_2026-08-12|2026-09-08|ENZL,PATH_RISK_V1_2026-08-12,2026-09-08,ENZL,ACWX,2026-10-07,False,False,False,False,,,,,,,,,
PATH_RISK_V1_2026-08-12|2026-09-08|EPHE,PATH_RISK_V1_2026-08-12,2026-09-08,EPHE,ACWX,2026-10-07,False,False,False,False,,,,,,,,,
PATH_RISK_V1_2026-08-12|2026-09-08|EPOL,PATH_RISK_V1_2026-08-12,2026-09-08,EPOL,ACWX,2026-10-07,False,False,False,False,,,,,,,,,
PATH_RISK_V1_2026-08-12|2026-09-08|EPP,PATH_RISK_V1_2026-08-12,2026-09-08,EPP,ACWX,2026-10-07,False,False,False,False,,,,,,,,,
PATH_RISK_V1_2026-08-12|2026-09-08|EWA,PATH_RISK_V1_2026-08-12,2026-09-08,EWA,ACWX,2026-10-07,False,False,False,False,,,,,,,,,
PATH_RISK_V1_2026-08-12|2026-09-08|EWC,PATH_RISK_V1_2026-08-12,2026-09-08,EWC,ACWX,2026-10-07,False,False,False,False,,,,,,,,,
PATH_RISK_V1_2026-08-12|2026-09-08|EWD,PATH_RISK_V1_2026-08-12,2026-09-08,EWD,ACWX,2026-10-07,False,False,False,False,,,,,,,,,
PATH_RISK_V1_2026-08-12|2026-09-08|EWG,PATH_RISK_V1_2026-08-12,2026-09-08,EWG,ACWX,2026-10-07,False,False,False,False,,,,,,,,,
PATH_RISK_V1_2026-08-12|2026-09-08|EWH,PATH_RISK_V1_2026-08-12,2026-09-08,EWH,ACWX,2026-10-07,False,False,False,False,,,,,,,,,
PATH_RISK_V1_2026-08-12|2026-09-08|EWI,PATH_RISK_V1_2026-08-12,2026-09-08,EWI,ACWX,2026-10-07,False,False,False,False,,,,,,,,,
PATH_RISK_V1_2026-08-12|2026-09-08|EWJ,PATH_RISK_V1_2026-08-12,2026-09-08,EWJ,ACWX,2026-10-07,False,False,False,False,,,,,,,,,
PATH_RISK_V1_2026-08-12|2026-09-08|EWL,PATH_RISK_V1_2026-08-12,2026-09-08,EWL,ACWX,2026-10-07,False,False,False,False,,,,,,,,,
PATH_RISK_V1_2026-08-12|2026-09-08|EWM,PATH_RISK_V1_2026-08-12,2026-09-08,EWM,ACWX,2026-10-07,False,False,False,False,,,,,,,,,
PATH_RISK_V1_2026-08-12|2026-09-08|EWN,PATH_RISK_V1_2026-08-12,2026-09-08,EWN,ACWX,2026-10-07,False,False,False,False,,,,,,,,,
PATH_RISK_V1_2026-08-12|2026-09-08|EWO,PATH_RISK_V1_2026-08-12,2026-09-08,EWO,ACWX,2026-10-07,False,False,False,False,,,,,,,,,
PATH_RISK_V1_2026-08-12|2026-09-08|EWP,PATH_RISK_V1_2026-08-12,2026-09-08,EWP,ACWX,2026-10-07,False,False,False,False,,,,,,,,,
PATH_RISK_V1_2026-08-12|2026-09-08|EWQ,PATH_RISK_V1_2026-08-12,2026-09-08,EWQ,ACWX,2026-10-07,False,False,False,False,,,,,,,,,
PATH_RISK_V1_2026-08-12|2026-09-08|EWS,PATH_RISK_V1_2026-08-12,2026-09-08,EWS,ACWX,2026-10-07,False,False,False,False,,,,,,,,,
PATH_RISK_V1_2026-08-12|2026-09-08|EWT,PATH_RISK_V1_2026-08-12,2026-09-08,EWT,ACWX,2026-10-07,False,False,False,False,,,,,,,,,
PATH_RISK_V1_2026-08-12|2026-09-08|EWU,PATH_RISK_V1_2026-08-12,2026-09-08,EWU,ACWX,2026-10-07,False,False,False,False,,,,,,,,,
PATH_RISK_V1_2026-08-12|2026-09-08|EWW,PATH_RISK_V1_2026-08-12,2026-09-08,EWW,ACWX,2026-10-07,False,False,False,False,,,,,,,,,
PATH_RISK_V1_2026-08-12|2026-09-08|EWY,PATH_RISK_V1_2026-08-12,2026-09-08,EWY,ACWX,2026-10-07,False,False,False,False,,,,,,,,,
PATH_RISK_V1_2026-08-12|2026-09-08|EWZ,PATH_RISK_V1_2026-08-12,2026-09-08,EWZ,ACWX,2026-10-07,False,False,False,False,,,,,,,,,
PATH_RISK_V1_2026-08-12|2026-09-08|EXI,PATH_RISK_V1_2026-08-12,2026-09-08,EXI,ACWI,2026-10-07,False,False,False,False,,,,,,,,,
PATH_RISK_V1_2026-08-12|2026-09-08|EZA,PATH_RISK_V1_2026-08-12,2026-09-08,EZA,ACWX,2026-10-07,False,False,False,False,,,,,,,,,
PATH_RISK_V1_2026-08-12|2026-09-08|FEZ,PATH_RISK_V1_2026-08-12,2026-09-08,FEZ,ACWX,2026-10-07,False,False,False,False,,,,,,,,,
PATH_RISK_V1_2026-08-12|2026-09-08|GREK,PATH_RISK_V1_2026-08-12,2026-09-08,GREK,ACWX,2026-10-07,False,False,False,False,,,,,,,,,
PATH_RISK_V1_2026-08-12|2026-09-08|IGV,PATH_RISK_V1_2026-08-12,2026-09-08,IGV,SPY,2026-10-07,False,False,False,False,,,,,,,,,
PATH_RISK_V1_2026-08-12|2026-09-08|IHF,PATH_RISK_V1_2026-08-12,2026-09-08,IHF,SPY,2026-10-07,False,False,False,False,,,,,,,,,
PATH_RISK_V1_2026-08-12|2026-09-08|IHI,PATH_RISK_V1_2026-08-12,2026-09-08,IHI,SPY,2026-10-07,False,False,False,False,,,,,,,,,
PATH_RISK_V1_2026-08-12|2026-09-08|ILF,PATH_RISK_V1_2026-08-12,2026-09-08,ILF,ACWX,2026-10-07,False,False,False,False,,,,,,,,,
PATH_RISK_V1_2026-08-12|2026-09-08|INDA,PATH_RISK_V1_2026-08-12,2026-09-08,INDA,ACWX,2026-10-07,False,False,False,False,,,,,,,,,
PATH_RISK_V1_2026-08-12|2026-09-08|ITA,PATH_RISK_V1_2026-08-12,2026-09-08,ITA,SPY,2026-10-07,False,False,False,False,,,,,,,,,
PATH_RISK_V1_2026-08-12|2026-09-08|IWM,PATH_RISK_V1_2026-08-12,2026-09-08,IWM,ITOT,2026-10-07,False,False,False,False,,,,,,,,,
PATH_RISK_V1_2026-08-12|2026-09-08|IXC,PATH_RISK_V1_2026-08-12,2026-09-08,IXC,ACWI,2026-10-07,False,False,False,False,,,,,,,,,
PATH_RISK_V1_2026-08-12|2026-09-08|IXJ,PATH_RISK_V1_2026-08-12,2026-09-08,IXJ,ACWI,2026-10-07,False,False,False,False,,,,,,,,,
PATH_RISK_V1_2026-08-12|2026-09-08|IXN,PATH_RISK_V1_2026-08-12,2026-09-08,IXN,ACWI,2026-10-07,False,False,False,False,,,,,,,,,
PATH_RISK_V1_2026-08-12|2026-09-08|IXP,PATH_RISK_V1_2026-08-12,2026-09-08,IXP,ACWI,2026-10-07,False,False,False,False,,,,,,,,,
PATH_RISK_V1_2026-08-12|2026-09-08|IYG,PATH_RISK_V1_2026-08-12,2026-09-08,IYG,SPY,2026-10-07,False,False,False,False,,,,,,,,,
PATH_RISK_V1_2026-08-12|2026-09-08|IYT,PATH_RISK_V1_2026-08-12,2026-09-08,IYT,SPY,2026-10-07,False,False,False,False,,,,,,,,,
PATH_RISK_V1_2026-08-12|2026-09-08|IYZ,PATH_RISK_V1_2026-08-12,2026-09-08,IYZ,SPY,2026-10-07,False,False,False,False,,,,,,,,,
PATH_RISK_V1_2026-08-12|2026-09-08|KBE,PATH_RISK_V1_2026-08-12,2026-09-08,KBE,SPY,2026-10-07,False,False,False,False,,,,,,,,,
PATH_RISK_V1_2026-08-12|2026-09-08|KIE,PATH_RISK_V1_2026-08-12,2026-09-08,KIE,SPY,2026-10-07,False,False,False,False,,,,,,,,,
PATH_RISK_V1_2026-08-12|2026-09-08|KRE,PATH_RISK_V1_2026-08-12,2026-09-08,KRE,SPY,2026-10-07,False,False,False,False,,,,,,,,,
PATH_RISK_V1_2026-08-12|2026-09-08|KSA,PATH_RISK_V1_2026-08-12,2026-09-08,KSA,ACWX,2026-10-07,False,False,False,False,,,,,,,,,
PATH_RISK_V1_2026-08-12|2026-09-08|KXI,PATH_RISK_V1_2026-08-12,2026-09-08,KXI,ACWI,2026-10-07,False,False,False,False,,,,,,,,,
PATH_RISK_V1_2026-08-12|2026-09-08|MCHI,PATH_RISK_V1_2026-08-12,2026-09-08,MCHI,ACWX,2026-10-07,False,False,False,False,,,,,,,,,
PATH_RISK_V1_2026-08-12|2026-09-08|MDY,PATH_RISK_V1_2026-08-12,2026-09-08,MDY,ITOT,2026-10-07,False,False,False,False,,,,,,,,,
PATH_RISK_V1_2026-08-12|2026-09-08|MXI,PATH_RISK_V1_2026-08-12,2026-09-08,MXI,ACWI,2026-10-07,False,False,False,False,,,,,,,,,
PATH_RISK_V1_2026-08-12|2026-09-08|OIH,PATH_RISK_V1_2026-08-12,2026-09-08,OIH,SPY,2026-10-07,False,False,False,False,,,,,,,,,
PATH_RISK_V1_2026-08-12|2026-09-08|PAVE,PATH_RISK_V1_2026-08-12,2026-09-08,PAVE,SPY,2026-10-07,False,False,False,False,,,,,,,,,
PATH_RISK_V1_2026-08-12|2026-09-08|QAT,PATH_RISK_V1_2026-08-12,2026-09-08,QAT,ACWX,2026-10-07,False,False,False,False,,,,,,,,,
PATH_RISK_V1_2026-08-12|2026-09-08|QQQ,PATH_RISK_V1_2026-08-12,2026-09-08,QQQ,SPY,2026-10-07,False,False,False,False,,,,,,,,,
PATH_RISK_V1_2026-08-12|2026-09-08|REM,PATH_RISK_V1_2026-08-12,2026-09-08,REM,SPY,2026-10-07,False,False,False,False,,,,,,,,,
PATH_RISK_V1_2026-08-12|2026-09-08|RXI,PATH_RISK_V1_2026-08-12,2026-09-08,RXI,ACWI,2026-10-07,False,False,False,False,,,,,,,,,
PATH_RISK_V1_2026-08-12|2026-09-08|SCZ,PATH_RISK_V1_2026-08-12,2026-09-08,SCZ,ACWX,2026-10-07,False,False,False,False,,,,,,,,,
PATH_RISK_V1_2026-08-12|2026-09-08|SKYY,PATH_RISK_V1_2026-08-12,2026-09-08,SKYY,SPY,2026-10-07,False,False,False,False,,,,,,,,,
PATH_RISK_V1_2026-08-12|2026-09-08|SMH,PATH_RISK_V1_2026-08-12,2026-09-08,SMH,SPY,2026-10-07,False,False,False,False,,,,,,,,,
PATH_RISK_V1_2026-08-12|2026-09-08|THD,PATH_RISK_V1_2026-08-12,2026-09-08,THD,ACWX,2026-10-07,False,False,False,False,,,,,,,,,
PATH_RISK_V1_2026-08-12|2026-09-08|TUR,PATH_RISK_V1_2026-08-12,2026-09-08,TUR,ACWX,2026-10-07,False,False,False,False,,,,,,,,,
PATH_RISK_V1_2026-08-12|2026-09-08|UAE,PATH_RISK_V1_2026-08-12,2026-09-08,UAE,ACWX,2026-10-07,False,False,False,False,,,,,,,,,
PATH_RISK_V1_2026-08-12|2026-09-08|VEA,PATH_RISK_V1_2026-08-12,2026-09-08,VEA,ACWX,2026-10-07,False,False,False,False,,,,,,,,,
PATH_RISK_V1_2026-08-12|2026-09-08|VGK,PATH_RISK_V1_2026-08-12,2026-09-08,VGK,ACWX,2026-10-07,False,False,False,False,,,,,,,,,
PATH_RISK_V1_2026-08-12|2026-09-08|VNM,PATH_RISK_V1_2026-08-12,2026-09-08,VNM,ACWX,2026-10-07,False,False,False,False,,,,,,,,,
PATH_RISK_V1_2026-08-12|2026-09-08|VNQ,PATH_RISK_V1_2026-08-12,2026-09-08,VNQ,SPY,2026-10-07,False,False,False,False,,,,,,,,,
PATH_RISK_V1_2026-08-12|2026-09-08|VPL,PATH_RISK_V1_2026-08-12,2026-09-08,VPL,ACWX,2026-10-07,False,False,False,False,,,,,,,,,
PATH_RISK_V1_2026-08-12|2026-09-08|VSS,PATH_RISK_V1_2026-08-12,2026-09-08,VSS,ACWX,2026-10-07,False,False,False,False,,,,,,,,,
PATH_RISK_V1_2026-08-12|2026-09-08|VWO,PATH_RISK_V1_2026-08-12,2026-09-08,VWO,ACWX,2026-10-07,False,False,False,False,,,,,,,,,
PATH_RISK_V1_2026-08-12|2026-09-08|XBI,PATH_RISK_V1_2026-08-12,2026-09-08,XBI,SPY,2026-10-07,False,False,False,False,,,,,,,,,
PATH_RISK_V1_2026-08-12|2026-09-08|XHB,PATH_RISK_V1_2026-08-12,2026-09-08,XHB,SPY,2026-10-07,False,False,False,False,,,,,,,,,
PATH_RISK_V1_2026-08-12|2026-09-08|XLB,PATH_RISK_V1_2026-08-12,2026-09-08,XLB,SPY,2026-10-07,False,False,False,False,,,,,,,,,
PATH_RISK_V1_2026-08-12|2026-09-08|XLC,PATH_RISK_V1_2026-08-12,2026-09-08,XLC,SPY,2026-10-07,False,False,False,False,,,,,,,,,
PATH_RISK_V1_2026-08-12|2026-09-08|XLE,PATH_RISK_V1_2026-08-12,2026-09-08,XLE,SPY,2026-10-07,False,False,False,False,,,,,,,,,
PATH_RISK_V1_2026-08-12|2026-09-08|XLF,PATH_RISK_V1_2026-08-12,2026-09-08,XLF,SPY,2026-10-07,False,False,False,False,,,,,,,,,
PATH_RISK_V1_2026-08-12|2026-09-08|XLI,PATH_RISK_V1_2026-08-12,2026-09-08,XLI,SPY,2026-10-07,False,False,False,False,,,,,,,,,
PATH_RISK_V1_2026-08-12|2026-09-08|XLK,PATH_RISK_V1_2026-08-12,2026-09-08,XLK,SPY,2026-10-07,False,False,False,False,,,,,,,,,
PATH_RISK_V1_2026-08-12|2026-09-08|XLP,PATH_RISK_V1_2026-08-12,2026-09-08,XLP,SPY,2026-10-07,False,False,False,False,,,,,,,,,
PATH_RISK_V1_2026-08-12|2026-09-08|XLRE,PATH_RISK_V1_2026-08-12,2026-09-08,XLRE,SPY,2026-10-07,False,False,False,False,,,,,,,,,
PATH_RISK_V1_2026-08-12|2026-09-08|XLU,PATH_RISK_V1_2026-08-12,2026-09-08,XLU,SPY,2026-10-07,False,False,False,False,,,,,,,,,
PATH_RISK_V1_2026-08-12|2026-09-08|XLV,PATH_RISK_V1_2026-08-12,2026-09-08,XLV,SPY,2026-10-07,False,False,False,False,,,,,,,,,
PATH_RISK_V1_2026-08-12|2026-09-08|XLY,PATH_RISK_V1_2026-08-12,2026-09-08,XLY,SPY,2026-10-07,False,False,False,False,,,,,,,,,
PATH_RISK_V1_2026-08-12|2026-09-08|XME,PATH_RISK_V1_2026-08-12,2026-09-08,XME,SPY,2026-10-07,False,False,False,False,,,,,,,,,
PATH_RISK_V1_2026-08-12|2026-09-08|XOP,PATH_RISK_V1_2026-08-12,2026-09-08,XOP,SPY,2026-10-07,False,False,False,False,,,,,,,,,
PATH_RISK_V1_2026-08-12|2026-09-08|XPH,PATH_RISK_V1_2026-08-12,2026-09-08,XPH,SPY,2026-10-07,False,False,False,False,,,,,,,,,
PATH_RISK_V1_2026-08-12|2026-09-08|XRT,PATH_RISK_V1_2026-08-12,2026-09-08,XRT,SPY,2026-10-07,False,False,False,False,,,,,,,,,
PATH_RISK_V1_2026-08-12|2026-09-09|AAXJ,PATH_RISK_V1_2026-08-12,2026-09-09,AAXJ,ACWX,2026-10-07,False,False,False,False,,,,,,,,,
PATH_RISK_V1_2026-08-12|2026-09-09|AFK,PATH_RISK_V1_2026-08-12,2026-09-09,AFK,ACWX,2026-10-07,False,False,False,False,,,,,,,,,
PATH_RISK_V1_2026-08-12|2026-09-09|ARGT,PATH_RISK_V1_2026-08-12,2026-09-09,ARGT,ACWX,2026-10-07,False,False,False,False,,,,,,,,,
PATH_RISK_V1_2026-08-12|2026-09-09|ASEA,PATH_RISK_V1_2026-08-12,2026-09-09,ASEA,ACWX,2026-10-07,False,False,False,False,,,,,,,,,
PATH_RISK_V1_2026-08-12|2026-09-09|CIBR,PATH_RISK_V1_2026-08-12,2026-09-09,CIBR,SPY,2026-10-07,False,False,False,False,,,,,,,,,
PATH_RISK_V1_2026-08-12|2026-09-09|EEM,PATH_RISK_V1_2026-08-12,2026-09-09,EEM,ACWX,2026-10-07,False,False,False,False,,,,,,,,,
PATH_RISK_V1_2026-08-12|2026-09-09|EFA,PATH_RISK_V1_2026-08-12,2026-09-09,EFA,ACWX,2026-10-07,False,False,False,False,,,,,,,,,
PATH_RISK_V1_2026-08-12|2026-09-09|EFNL,PATH_RISK_V1_2026-08-12,2026-09-09,EFNL,ACWX,2026-10-07,False,False,False,False,,,,,,,,,
PATH_RISK_V1_2026-08-12|2026-09-09|EIDO,PATH_RISK_V1_2026-08-12,2026-09-09,EIDO,ACWX,2026-10-07,False,False,False,False,,,,,,,,,
PATH_RISK_V1_2026-08-12|2026-09-09|EIRL,PATH_RISK_V1_2026-08-12,2026-09-09,EIRL,ACWX,2026-10-07,False,False,False,False,,,,,,,,,
PATH_RISK_V1_2026-08-12|2026-09-09|EIS,PATH_RISK_V1_2026-08-12,2026-09-09,EIS,ACWX,2026-10-07,False,False,False,False,,,,,,,,,
PATH_RISK_V1_2026-08-12|2026-09-09|EMXC,PATH_RISK_V1_2026-08-12,2026-09-09,EMXC,ACWX,2026-10-07,False,False,False,False,,,,,,,,,
PATH_RISK_V1_2026-08-12|2026-09-09|ENOR,PATH_RISK_V1_2026-08-12,2026-09-09,ENOR,ACWX,2026-10-07,False,False,False,False,,,,,,,,,
PATH_RISK_V1_2026-08-12|2026-09-09|ENZL,PATH_RISK_V1_2026-08-12,2026-09-09,ENZL,ACWX,2026-10-07,False,False,False,False,,,,,,,,,
PATH_RISK_V1_2026-08-12|2026-09-09|EPOL,PATH_RISK_V1_2026-08-12,2026-09-09,EPOL,ACWX,2026-10-07,False,False,False,False,,,,,,,,,
PATH_RISK_V1_2026-08-12|2026-09-09|EPP,PATH_RISK_V1_2026-08-12,2026-09-09,EPP,ACWX,2026-10-07,False,False,False,False,,,,,,,,,
PATH_RISK_V1_2026-08-12|2026-09-09|EPU,PATH_RISK_V1_2026-08-12,2026-09-09,EPU,ACWX,2026-10-07,False,False,False,False,,,,,,,,,
PATH_RISK_V1_2026-08-12|2026-09-09|EWA,PATH_RISK_V1_2026-08-12,2026-09-09,EWA,ACWX,2026-10-07,False,False,False,False,,,,,,,,,
PATH_RISK_V1_2026-08-12|2026-09-09|EWC,PATH_RISK_V1_2026-08-12,2026-09-09,EWC,ACWX,2026-10-07,False,False,False,False,,,,,,,,,
PATH_RISK_V1_2026-08-12|2026-09-09|EWG,PATH_RISK_V1_2026-08-12,2026-09-09,EWG,ACWX,2026-10-07,False,False,False,False,,,,,,,,,
PATH_RISK_V1_2026-08-12|2026-09-09|EWH,PATH_RISK_V1_2026-08-12,2026-09-09,EWH,ACWX,2026-10-07,False,False,False,False,,,,,,,,,
PATH_RISK_V1_2026-08-12|2026-09-09|EWI,PATH_RISK_V1_2026-08-12,2026-09-09,EWI,ACWX,2026-10-07,False,False,False,False,,,,,,,,,
PATH_RISK_V1_2026-08-12|2026-09-09|EWJ,PATH_RISK_V1_2026-08-12,2026-09-09,EWJ,ACWX,2026-10-07,False,False,False,False,,,,,,,,,
PATH_RISK_V1_2026-08-12|2026-09-09|EWL,PATH_RISK_V1_2026-08-12,2026-09-09,EWL,ACWX,2026-10-07,False,False,False,False,,,,,,,,,
PATH_RISK_V1_2026-08-12|2026-09-09|EWM,PATH_RISK_V1_2026-08-12,2026-09-09,EWM,ACWX,2026-10-07,False,False,False,False,,,,,,,,,
PATH_RISK_V1_2026-08-12|2026-09-09|EWO,PATH_RISK_V1_2026-08-12,2026-09-09,EWO,ACWX,2026-10-07,False,False,False,False,,,,,,,,,
PATH_RISK_V1_2026-08-12|2026-09-09|EWP,PATH_RISK_V1_2026-08-12,2026-09-09,EWP,ACWX,2026-10-07,False,False,False,False,,,,,,,,,
PATH_RISK_V1_2026-08-12|2026-09-09|EWQ,PATH_RISK_V1_2026-08-12,2026-09-09,EWQ,ACWX,2026-10-07,False,False,False,False,,,,,,,,,
PATH_RISK_V1_2026-08-12|2026-09-09|EWS,PATH_RISK_V1_2026-08-12,2026-09-09,EWS,ACWX,2026-10-07,False,False,False,False,,,,,,,,,
PATH_RISK_V1_2026-08-12|2026-09-09|EWT,PATH_RISK_V1_2026-08-12,2026-09-09,EWT,ACWX,2026-10-07,False,False,False,False,,,,,,,,,
PATH_RISK_V1_2026-08-12|2026-09-09|EWW,PATH_RISK_V1_2026-08-12,2026-09-09,EWW,ACWX,2026-10-07,False,False,False,False,,,,,,,,,
PATH_RISK_V1_2026-08-12|2026-09-09|EWY,PATH_RISK_V1_2026-08-12,2026-09-09,EWY,ACWX,2026-10-07,False,False,False,False,,,,,,,,,
PATH_RISK_V1_2026-08-12|2026-09-09|EWZ,PATH_RISK_V1_2026-08-12,2026-09-09,EWZ,ACWX,2026-10-07,False,False,False,False,,,,,,,,,
PATH_RISK_V1_2026-08-12|2026-09-09|EZA,PATH_RISK_V1_2026-08-12,2026-09-09,EZA,ACWX,2026-10-07,False,False,False,False,,,,,,,,,
PATH_RISK_V1_2026-08-12|2026-09-09|FDN,PATH_RISK_V1_2026-08-12,2026-09-09,FDN,SPY,2026-10-07,False,False,False,False,,,,,,,,,
PATH_RISK_V1_2026-08-12|2026-09-09|FEZ,PATH_RISK_V1_2026-08-12,2026-09-09,FEZ,ACWX,2026-10-07,False,False,False,False,,,,,,,,,
PATH_RISK_V1_2026-08-12|2026-09-09|GREK,PATH_RISK_V1_2026-08-12,2026-09-09,GREK,ACWX,2026-10-07,False,False,False,False,,,,,,,,,
PATH_RISK_V1_2026-08-12|2026-09-09|IGV,PATH_RISK_V1_2026-08-12,2026-09-09,IGV,SPY,2026-10-07,False,False,False,False,,,,,,,,,
PATH_RISK_V1_2026-08-12|2026-09-09|IHI,PATH_RISK_V1_2026-08-12,2026-09-09,IHI,SPY,2026-10-07,False,False,False,False,,,,,,,,,
PATH_RISK_V1_2026-08-12|2026-09-09|ILF,PATH_RISK_V1_2026-08-12,2026-09-09,ILF,ACWX,2026-10-07,False,False,False,False,,,,,,,,,
PATH_RISK_V1_2026-08-12|2026-09-09|INDA,PATH_RISK_V1_2026-08-12,2026-09-09,INDA,ACWX,2026-10-07,False,False,False,False,,,,,,,,,
PATH_RISK_V1_2026-08-12|2026-09-09|IWM,PATH_RISK_V1_2026-08-12,2026-09-09,IWM,ITOT,2026-10-07,False,False,False,False,,,,,,,,,
PATH_RISK_V1_2026-08-12|2026-09-09|IXC,PATH_RISK_V1_2026-08-12,2026-09-09,IXC,ACWI,2026-10-07,False,False,False,False,,,,,,,,,
PATH_RISK_V1_2026-08-12|2026-09-09|IXN,PATH_RISK_V1_2026-08-12,2026-09-09,IXN,ACWI,2026-10-07,False,False,False,False,,,,,,,,,
PATH_RISK_V1_2026-08-12|2026-09-09|IXP,PATH_RISK_V1_2026-08-12,2026-09-09,IXP,ACWI,2026-10-07,False,False,False,False,,,,,,,,,
PATH_RISK_V1_2026-08-12|2026-09-09|IYG,PATH_RISK_V1_2026-08-12,2026-09-09,IYG,SPY,2026-10-07,False,False,False,False,,,,,,,,,
PATH_RISK_V1_2026-08-12|2026-09-09|IYT,PATH_RISK_V1_2026-08-12,2026-09-09,IYT,SPY,2026-10-07,False,False,False,False,,,,,,,,,
PATH_RISK_V1_2026-08-12|2026-09-09|IYZ,PATH_RISK_V1_2026-08-12,2026-09-09,IYZ,SPY,2026-10-07,False,False,False,False,,,,,,,,,
PATH_RISK_V1_2026-08-12|2026-09-09|KBE,PATH_RISK_V1_2026-08-12,2026-09-09,KBE,SPY,2026-10-07,False,False,False,False,,,,,,,,,
PATH_RISK_V1_2026-08-12|2026-09-09|KRE,PATH_RISK_V1_2026-08-12,2026-09-09,KRE,SPY,2026-10-07,False,False,False,False,,,,,,,,,
PATH_RISK_V1_2026-08-12|2026-09-09|KSA,PATH_RISK_V1_2026-08-12,2026-09-09,KSA,ACWX,2026-10-07,False,False,False,False,,,,,,,,,
PATH_RISK_V1_2026-08-12|2026-09-09|KXI,PATH_RISK_V1_2026-08-12,2026-09-09,KXI,ACWI,2026-10-07,False,False,False,False,,,,,,,,,
PATH_RISK_V1_2026-08-12|2026-09-09|MCHI,PATH_RISK_V1_2026-08-12,2026-09-09,MCHI,ACWX,2026-10-07,False,False,False,False,,,,,,,,,
PATH_RISK_V1_2026-08-12|2026-09-09|MDY,PATH_RISK_V1_2026-08-12,2026-09-09,MDY,ITOT,2026-10-07,False,False,False,False,,,,,,,,,
PATH_RISK_V1_2026-08-12|2026-09-09|OIH,PATH_RISK_V1_2026-08-12,2026-09-09,OIH,SPY,2026-10-07,False,False,False,False,,,,,,,,,
PATH_RISK_V1_2026-08-12|2026-09-09|PAVE,PATH_RISK_V1_2026-08-12,2026-09-09,PAVE,SPY,2026-10-07,False,False,False,False,,,,,,,,,
PATH_RISK_V1_2026-08-12|2026-09-09|QAT,PATH_RISK_V1_2026-08-12,2026-09-09,QAT,ACWX,2026-10-07,False,False,False,False,,,,,,,,,
PATH_RISK_V1_2026-08-12|2026-09-09|QQQ,PATH_RISK_V1_2026-08-12,2026-09-09,QQQ,SPY,2026-10-07,False,False,False,False,,,,,,,,,
PATH_RISK_V1_2026-08-12|2026-09-09|REM,PATH_RISK_V1_2026-08-12,2026-09-09,REM,SPY,2026-10-07,False,False,False,False,,,,,,,,,
PATH_RISK_V1_2026-08-12|2026-09-09|RXI,PATH_RISK_V1_2026-08-12,2026-09-09,RXI,ACWI,2026-10-07,False,False,False,False,,,,,,,,,
PATH_RISK_V1_2026-08-12|2026-09-09|SCZ,PATH_RISK_V1_2026-08-12,2026-09-09,SCZ,ACWX,2026-10-07,False,False,False,False,,,,,,,,,
PATH_RISK_V1_2026-08-12|2026-09-09|SKYY,PATH_RISK_V1_2026-08-12,2026-09-09,SKYY,SPY,2026-10-07,False,False,False,False,,,,,,,,,
PATH_RISK_V1_2026-08-12|2026-09-09|SMH,PATH_RISK_V1_2026-08-12,2026-09-09,SMH,SPY,2026-10-07,False,False,False,False,,,,,,,,,
PATH_RISK_V1_2026-08-12|2026-09-09|THD,PATH_RISK_V1_2026-08-12,2026-09-09,THD,ACWX,2026-10-07,False,False,False,False,,,,,,,,,
PATH_RISK_V1_2026-08-12|2026-09-09|TUR,PATH_RISK_V1_2026-08-12,2026-09-09,TUR,ACWX,2026-10-07,False,False,False,False,,,,,,,,,
PATH_RISK_V1_2026-08-12|2026-09-09|UAE,PATH_RISK_V1_2026-08-12,2026-09-09,UAE,ACWX,2026-10-07,False,False,False,False,,,,,,,,,
PATH_RISK_V1_2026-08-12|2026-09-09|VEA,PATH_RISK_V1_2026-08-12,2026-09-09,VEA,ACWX,2026-10-07,False,False,False,False,,,,,,,,,
PATH_RISK_V1_2026-08-12|2026-09-09|VGK,PATH_RISK_V1_2026-08-12,2026-09-09,VGK,ACWX,2026-10-07,False,False,False,False,,,,,,,,,
PATH_RISK_V1_2026-08-12|2026-09-09|VNM,PATH_RISK_V1_2026-08-12,2026-09-09,VNM,ACWX,2026-10-07,False,False,False,False,,,,,,,,,
PATH_RISK_V1_2026-08-12|2026-09-09|VNQ,PATH_RISK_V1_2026-08-12,2026-09-09,VNQ,SPY,2026-10-07,False,False,False,False,,,,,,,,,
PATH_RISK_V1_2026-08-12|2026-09-09|VPL,PATH_RISK_V1_2026-08-12,2026-09-09,VPL,ACWX,2026-10-07,False,False,False,False,,,,,,,,,
PATH_RISK_V1_2026-08-12|2026-09-09|VSS,PATH_RISK_V1_2026-08-12,2026-09-09,VSS,ACWX,2026-10-07,False,False,False,False,,,,,,,,,
PATH_RISK_V1_2026-08-12|2026-09-09|VWO,PATH_RISK_V1_2026-08-12,2026-09-09,VWO,ACWX,2026-10-07,False,False,False,False,,,,,,,,,
PATH_RISK_V1_2026-08-12|2026-09-09|XBI,PATH_RISK_V1_2026-08-12,2026-09-09,XBI,SPY,2026-10-07,False,False,False,False,,,,,,,,,
PATH_RISK_V1_2026-08-12|2026-09-09|XHB,PATH_RISK_V1_2026-08-12,2026-09-09,XHB,SPY,2026-10-07,False,False,False,False,,,,,,,,,
PATH_RISK_V1_2026-08-12|2026-09-09|XLB,PATH_RISK_V1_2026-08-12,2026-09-09,XLB,SPY,2026-10-07,False,False,False,False,,,,,,,,,
PATH_RISK_V1_2026-08-12|2026-09-09|XLC,PATH_RISK_V1_2026-08-12,2026-09-09,XLC,SPY,2026-10-07,False,False,False,False,,,,,,,,,
PATH_RISK_V1_2026-08-12|2026-09-09|XLE,PATH_RISK_V1_2026-08-12,2026-09-09,XLE,SPY,2026-10-07,False,False,False,False,,,,,,,,,
PATH_RISK_V1_2026-08-12|2026-09-09|XLF,PATH_RISK_V1_2026-08-12,2026-09-09,XLF,SPY,2026-10-07,False,False,False,False,,,,,,,,,
PATH_RISK_V1_2026-08-12|2026-09-09|XLI,PATH_RISK_V1_2026-08-12,2026-09-09,XLI,SPY,2026-10-07,False,False,False,False,,,,,,,,,
PATH_RISK_V1_2026-08-12|2026-09-09|XLK,PATH_RISK_V1_2026-08-12,2026-09-09,XLK,SPY,2026-10-07,False,False,False,False,,,,,,,,,
PATH_RISK_V1_2026-08-12|2026-09-09|XLP,PATH_RISK_V1_2026-08-12,2026-09-09,XLP,SPY,2026-10-07,False,False,False,False,,,,,,,,,
PATH_RISK_V1_2026-08-12|2026-09-09|XLRE,PATH_RISK_V1_2026-08-12,2026-09-09,XLRE,SPY,2026-10-07,False,False,False,False,,,,,,,,,
PATH_RISK_V1_2026-08-12|2026-09-09|XLU,PATH_RISK_V1_2026-08-12,2026-09-09,XLU,SPY,2026-10-07,False,False,False,False,,,,,,,,,
PATH_RISK_V1_2026-08-12|2026-09-09|XLV,PATH_RISK_V1_2026-08-12,2026-09-09,XLV,SPY,2026-10-07,False,False,False,False,,,,,,,,,
PATH_RISK_V1_2026-08-12|2026-09-09|XLY,PATH_RISK_V1_2026-08-12,2026-09-09,XLY,SPY,2026-10-07,False,False,False,False,,,,,,,,,
PATH_RISK_V1_2026-08-12|2026-09-09|XME,PATH_RISK_V1_2026-08-12,2026-09-09,XME,SPY,2026-10-07,False,False,False,False,,,,,,,,,
PATH_RISK_V1_2026-08-12|2026-09-09|XOP,PATH_RISK_V1_2026-08-12,2026-09-09,XOP,SPY,2026-10-07,False,False,False,False,,,,,,,,,
PATH_RISK_V1_2026-08-12|2026-09-09|XPH,PATH_RISK_V1_2026-08-12,2026-09-09,XPH,SPY,2026-10-07,False,False,False,False,,,,,,,,,
PATH_RISK_V1_2026-08-12|2026-09-10|AAXJ,PATH_RISK_V1_2026-08-12,2026-09-10,AAXJ,ACWX,2026-10-07,False,False,False,False,,,,,,,,,
PATH_RISK_V1_2026-08-12|2026-09-10|AFK,PATH_RISK_V1_2026-08-12,2026-09-10,AFK,ACWX,2026-10-07,False,False,False,False,,,,,,,,,
PATH_RISK_V1_2026-08-12|2026-09-10|ARGT,PATH_RISK_V1_2026-08-12,2026-09-10,ARGT,ACWX,2026-10-07,False,False,False,False,,,,,,,,,
PATH_RISK_V1_2026-08-12|2026-09-10|CIBR,PATH_RISK_V1_2026-08-12,2026-09-10,CIBR,SPY,2026-10-07,False,False,False,False,,,,,,,,,
PATH_RISK_V1_2026-08-12|2026-09-10|ECH,PATH_RISK_V1_2026-08-12,2026-09-10,ECH,ACWX,2026-10-07,False,False,False,False,,,,,,,,,
PATH_RISK_V1_2026-08-12|2026-09-10|EDEN,PATH_RISK_V1_2026-08-12,2026-09-10,EDEN,ACWX,2026-10-07,False,False,False,False,,,,,,,,,
PATH_RISK_V1_2026-08-12|2026-09-10|EEM,PATH_RISK_V1_2026-08-12,2026-09-10,EEM,ACWX,2026-10-07,False,False,False,False,,,,,,,,,
PATH_RISK_V1_2026-08-12|2026-09-10|EFA,PATH_RISK_V1_2026-08-12,2026-09-10,EFA,ACWX,2026-10-07,False,False,False,False,,,,,,,,,
PATH_RISK_V1_2026-08-12|2026-09-10|EFNL,PATH_RISK_V1_2026-08-12,2026-09-10,EFNL,ACWX,2026-10-07,False,False,False,False,,,,,,,,,
PATH_RISK_V1_2026-08-12|2026-09-10|EIDO,PATH_RISK_V1_2026-08-12,2026-09-10,EIDO,ACWX,2026-10-07,False,False,False,False,,,,,,,,,
PATH_RISK_V1_2026-08-12|2026-09-10|EIS,PATH_RISK_V1_2026-08-12,2026-09-10,EIS,ACWX,2026-10-07,False,False,False,False,,,,,,,,,
PATH_RISK_V1_2026-08-12|2026-09-10|EMXC,PATH_RISK_V1_2026-08-12,2026-09-10,EMXC,ACWX,2026-10-07,False,False,False,False,,,,,,,,,
PATH_RISK_V1_2026-08-12|2026-09-10|ENOR,PATH_RISK_V1_2026-08-12,2026-09-10,ENOR,ACWX,2026-10-07,False,False,False,False,,,,,,,,,
PATH_RISK_V1_2026-08-12|2026-09-10|ENZL,PATH_RISK_V1_2026-08-12,2026-09-10,ENZL,ACWX,2026-10-07,False,False,False,False,,,,,,,,,
PATH_RISK_V1_2026-08-12|2026-09-10|EPOL,PATH_RISK_V1_2026-08-12,2026-09-10,EPOL,ACWX,2026-10-07,False,False,False,False,,,,,,,,,
PATH_RISK_V1_2026-08-12|2026-09-10|EPP,PATH_RISK_V1_2026-08-12,2026-09-10,EPP,ACWX,2026-10-07,False,False,False,False,,,,,,,,,
PATH_RISK_V1_2026-08-12|2026-09-10|EPU,PATH_RISK_V1_2026-08-12,2026-09-10,EPU,ACWX,2026-10-07,False,False,False,False,,,,,,,,,
PATH_RISK_V1_2026-08-12|2026-09-10|EWA,PATH_RISK_V1_2026-08-12,2026-09-10,EWA,ACWX,2026-10-07,False,False,False,False,,,,,,,,,
PATH_RISK_V1_2026-08-12|2026-09-10|EWC,PATH_RISK_V1_2026-08-12,2026-09-10,EWC,ACWX,2026-10-07,False,False,False,False,,,,,,,,,
PATH_RISK_V1_2026-08-12|2026-09-10|EWD,PATH_RISK_V1_2026-08-12,2026-09-10,EWD,ACWX,2026-10-07,False,False,False,False,,,,,,,,,
PATH_RISK_V1_2026-08-12|2026-09-10|EWG,PATH_RISK_V1_2026-08-12,2026-09-10,EWG,ACWX,2026-10-07,False,False,False,False,,,,,,,,,
PATH_RISK_V1_2026-08-12|2026-09-10|EWI,PATH_RISK_V1_2026-08-12,2026-09-10,EWI,ACWX,2026-10-07,False,False,False,False,,,,,,,,,
PATH_RISK_V1_2026-08-12|2026-09-10|EWJ,PATH_RISK_V1_2026-08-12,2026-09-10,EWJ,ACWX,2026-10-07,False,False,False,False,,,,,,,,,
PATH_RISK_V1_2026-08-12|2026-09-10|EWL,PATH_RISK_V1_2026-08-12,2026-09-10,EWL,ACWX,2026-10-07,False,False,False,False,,,,,,,,,
PATH_RISK_V1_2026-08-12|2026-09-10|EWN,PATH_RISK_V1_2026-08-12,2026-09-10,EWN,ACWX,2026-10-07,False,False,False,False,,,,,,,,,
PATH_RISK_V1_2026-08-12|2026-09-10|EWO,PATH_RISK_V1_2026-08-12,2026-09-10,EWO,ACWX,2026-10-07,False,False,False,False,,,,,,,,,
PATH_RISK_V1_2026-08-12|2026-09-10|EWP,PATH_RISK_V1_2026-08-12,2026-09-10,EWP,ACWX,2026-10-07,False,False,False,False,,,,,,,,,
PATH_RISK_V1_2026-08-12|2026-09-10|EWQ,PATH_RISK_V1_2026-08-12,2026-09-10,EWQ,ACWX,2026-10-07,False,False,False,False,,,,,,,,,
PATH_RISK_V1_2026-08-12|2026-09-10|EWS,PATH_RISK_V1_2026-08-12,2026-09-10,EWS,ACWX,2026-10-07,False,False,False,False,,,,,,,,,
PATH_RISK_V1_2026-08-12|2026-09-10|EWT,PATH_RISK_V1_2026-08-12,2026-09-10,EWT,ACWX,2026-10-07,False,False,False,False,,,,,,,,,
PATH_RISK_V1_2026-08-12|2026-09-10|EWU,PATH_RISK_V1_2026-08-12,2026-09-10,EWU,ACWX,2026-10-07,False,False,False,False,,,,,,,,,
PATH_RISK_V1_2026-08-12|2026-09-10|EWW,PATH_RISK_V1_2026-08-12,2026-09-10,EWW,ACWX,2026-10-07,False,False,False,False,,,,,,,,,
PATH_RISK_V1_2026-08-12|2026-09-10|EWY,PATH_RISK_V1_2026-08-12,2026-09-10,EWY,ACWX,2026-10-07,False,False,False,False,,,,,,,,,
PATH_RISK_V1_2026-08-12|2026-09-10|EWZ,PATH_RISK_V1_2026-08-12,2026-09-10,EWZ,ACWX,2026-10-07,False,False,False,False,,,,,,,,,
PATH_RISK_V1_2026-08-12|2026-09-10|EXI,PATH_RISK_V1_2026-08-12,2026-09-10,EXI,ACWI,2026-10-07,False,False,False,False,,,,,,,,,
PATH_RISK_V1_2026-08-12|2026-09-10|EZA,PATH_RISK_V1_2026-08-12,2026-09-10,EZA,ACWX,2026-10-07,False,False,False,False,,,,,,,,,
PATH_RISK_V1_2026-08-12|2026-09-10|FDN,PATH_RISK_V1_2026-08-12,2026-09-10,FDN,SPY,2026-10-07,False,False,False,False,,,,,,,,,
PATH_RISK_V1_2026-08-12|2026-09-10|FEZ,PATH_RISK_V1_2026-08-12,2026-09-10,FEZ,ACWX,2026-10-07,False,False,False,False,,,,,,,,,
PATH_RISK_V1_2026-08-12|2026-09-10|GREK,PATH_RISK_V1_2026-08-12,2026-09-10,GREK,ACWX,2026-10-07,False,False,False,False,,,,,,,,,
PATH_RISK_V1_2026-08-12|2026-09-10|IGV,PATH_RISK_V1_2026-08-12,2026-09-10,IGV,SPY,2026-10-07,False,False,False,False,,,,,,,,,
PATH_RISK_V1_2026-08-12|2026-09-10|IHF,PATH_RISK_V1_2026-08-12,2026-09-10,IHF,SPY,2026-10-07,False,False,False,False,,,,,,,,,
PATH_RISK_V1_2026-08-12|2026-09-10|IHI,PATH_RISK_V1_2026-08-12,2026-09-10,IHI,SPY,2026-10-07,False,False,False,False,,,,,,,,,
PATH_RISK_V1_2026-08-12|2026-09-10|ILF,PATH_RISK_V1_2026-08-12,2026-09-10,ILF,ACWX,2026-10-07,False,False,False,False,,,,,,,,,
PATH_RISK_V1_2026-08-12|2026-09-10|INDA,PATH_RISK_V1_2026-08-12,2026-09-10,INDA,ACWX,2026-10-07,False,False,False,False,,,,,,,,,
PATH_RISK_V1_2026-08-12|2026-09-10|ITA,PATH_RISK_V1_2026-08-12,2026-09-10,ITA,SPY,2026-10-07,False,False,False,False,,,,,,,,,
PATH_RISK_V1_2026-08-12|2026-09-10|IWM,PATH_RISK_V1_2026-08-12,2026-09-10,IWM,ITOT,2026-10-07,False,False,False,False,,,,,,,,,
PATH_RISK_V1_2026-08-12|2026-09-10|IXC,PATH_RISK_V1_2026-08-12,2026-09-10,IXC,ACWI,2026-10-07,False,False,False,False,,,,,,,,,
PATH_RISK_V1_2026-08-12|2026-09-10|IXG,PATH_RISK_V1_2026-08-12,2026-09-10,IXG,ACWI,2026-10-07,False,False,False,False,,,,,,,,,
PATH_RISK_V1_2026-08-12|2026-09-10|IXJ,PATH_RISK_V1_2026-08-12,2026-09-10,IXJ,ACWI,2026-10-07,False,False,False,False,,,,,,,,,
PATH_RISK_V1_2026-08-12|2026-09-10|IXN,PATH_RISK_V1_2026-08-12,2026-09-10,IXN,ACWI,2026-10-07,False,False,False,False,,,,,,,,,
PATH_RISK_V1_2026-08-12|2026-09-10|IYG,PATH_RISK_V1_2026-08-12,2026-09-10,IYG,SPY,2026-10-07,False,False,False,False,,,,,,,,,
PATH_RISK_V1_2026-08-12|2026-09-10|IYT,PATH_RISK_V1_2026-08-12,2026-09-10,IYT,SPY,2026-10-07,False,False,False,False,,,,,,,,,
PATH_RISK_V1_2026-08-12|2026-09-10|IYZ,PATH_RISK_V1_2026-08-12,2026-09-10,IYZ,SPY,2026-10-07,False,False,False,False,,,,,,,,,
PATH_RISK_V1_2026-08-12|2026-09-10|JXI,PATH_RISK_V1_2026-08-12,2026-09-10,JXI,ACWI,2026-10-07,False,False,False,False,,,,,,,,,
PATH_RISK_V1_2026-08-12|2026-09-10|KBE,PATH_RISK_V1_2026-08-12,2026-09-10,KBE,SPY,2026-10-07,False,False,False,False,,,,,,,,,
PATH_RISK_V1_2026-08-12|2026-09-10|KIE,PATH_RISK_V1_2026-08-12,2026-09-10,KIE,SPY,2026-10-07,False,False,False,False,,,,,,,,,
PATH_RISK_V1_2026-08-12|2026-09-10|KRE,PATH_RISK_V1_2026-08-12,2026-09-10,KRE,SPY,2026-10-07,False,False,False,False,,,,,,,,,
PATH_RISK_V1_2026-08-12|2026-09-10|KSA,PATH_RISK_V1_2026-08-12,2026-09-10,KSA,ACWX,2026-10-07,False,False,False,False,,,,,,,,,
PATH_RISK_V1_2026-08-12|2026-09-10|KXI,PATH_RISK_V1_2026-08-12,2026-09-10,KXI,ACWI,2026-10-07,False,False,False,False,,,,,,,,,
PATH_RISK_V1_2026-08-12|2026-09-10|MCHI,PATH_RISK_V1_2026-08-12,2026-09-10,MCHI,ACWX,2026-10-07,False,False,False,False,,,,,,,,,
PATH_RISK_V1_2026-08-12|2026-09-10|MDY,PATH_RISK_V1_2026-08-12,2026-09-10,MDY,ITOT,2026-10-07,False,False,False,False,,,,,,,,,
PATH_RISK_V1_2026-08-12|2026-09-10|PAVE,PATH_RISK_V1_2026-08-12,2026-09-10,PAVE,SPY,2026-10-07,False,False,False,False,,,,,,,,,
PATH_RISK_V1_2026-08-12|2026-09-10|PBJ,PATH_RISK_V1_2026-08-12,2026-09-10,PBJ,SPY,2026-10-07,False,False,False,False,,,,,,,,,
PATH_RISK_V1_2026-08-12|2026-09-10|PEJ,PATH_RISK_V1_2026-08-12,2026-09-10,PEJ,SPY,2026-10-07,False,False,False,False,,,,,,,,,
PATH_RISK_V1_2026-08-12|2026-09-10|QAT,PATH_RISK_V1_2026-08-12,2026-09-10,QAT,ACWX,2026-10-07,False,False,False,False,,,,,,,,,
PATH_RISK_V1_2026-08-12|2026-09-10|QQQ,PATH_RISK_V1_2026-08-12,2026-09-10,QQQ,SPY,2026-10-07,False,False,False,False,,,,,,,,,
PATH_RISK_V1_2026-08-12|2026-09-10|REM,PATH_RISK_V1_2026-08-12,2026-09-10,REM,SPY,2026-10-07,False,False,False,False,,,,,,,,,
PATH_RISK_V1_2026-08-12|2026-09-10|REZ,PATH_RISK_V1_2026-08-12,2026-09-10,REZ,SPY,2026-10-07,False,False,False,False,,,,,,,,,
PATH_RISK_V1_2026-08-12|2026-09-10|RXI,PATH_RISK_V1_2026-08-12,2026-09-10,RXI,ACWI,2026-10-07,False,False,False,False,,,,,,,,,
PATH_RISK_V1_2026-08-12|2026-09-10|SCZ,PATH_RISK_V1_2026-08-12,2026-09-10,SCZ,ACWX,2026-10-07,False,False,False,False,,,,,,,,,
PATH_RISK_V1_2026-08-12|2026-09-10|SKYY,PATH_RISK_V1_2026-08-12,2026-09-10,SKYY,SPY,2026-10-07,False,False,False,False,,,,,,,,,
PATH_RISK_V1_2026-08-12|2026-09-10|SMH,PATH_RISK_V1_2026-08-12,2026-09-10,SMH,SPY,2026-10-07,False,False,False,False,,,,,,,,,
PATH_RISK_V1_2026-08-12|2026-09-10|THD,PATH_RISK_V1_2026-08-12,2026-09-10,THD,ACWX,2026-10-07,False,False,False,False,,,,,,,,,
PATH_RISK_V1_2026-08-12|2026-09-10|TUR,PATH_RISK_V1_2026-08-12,2026-09-10,TUR,ACWX,2026-10-07,False,False,False,False,,,,,,,,,
PATH_RISK_V1_2026-08-12|2026-09-10|UAE,PATH_RISK_V1_2026-08-12,2026-09-10,UAE,ACWX,2026-10-07,False,False,False,False,,,,,,,,,
PATH_RISK_V1_2026-08-12|2026-09-10|VEA,PATH_RISK_V1_2026-08-12,2026-09-10,VEA,ACWX,2026-10-07,False,False,False,False,,,,,,,,,
PATH_RISK_V1_2026-08-12|2026-09-10|VGK,PATH_RISK_V1_2026-08-12,2026-09-10,VGK,ACWX,2026-10-07,False,False,False,False,,,,,,,,,
PATH_RISK_V1_2026-08-12|2026-09-10|VNM,PATH_RISK_V1_2026-08-12,2026-09-10,VNM,ACWX,2026-10-07,False,False,False,False,,,,,,,,,
PATH_RISK_V1_2026-08-12|2026-09-10|VNQ,PATH_RISK_V1_2026-08-12,2026-09-10,VNQ,SPY,2026-10-07,False,False,False,False,,,,,,,,,
PATH_RISK_V1_2026-08-12|2026-09-10|VPL,PATH_RISK_V1_2026-08-12,2026-09-10,VPL,ACWX,2026-10-07,False,False,False,False,,,,,,,,,
PATH_RISK_V1_2026-08-12|2026-09-10|VSS,PATH_RISK_V1_2026-08-12,2026-09-10,VSS,ACWX,2026-10-07,False,False,False,False,,,,,,,,,
PATH_RISK_V1_2026-08-12|2026-09-10|VWO,PATH_RISK_V1_2026-08-12,2026-09-10,VWO,ACWX,2026-10-07,False,False,False,False,,,,,,,,,
PATH_RISK_V1_2026-08-12|2026-09-10|XBI,PATH_RISK_V1_2026-08-12,2026-09-10,XBI,SPY,2026-10-07,False,False,False,False,,,,,,,,,
PATH_RISK_V1_2026-08-12|2026-09-10|XHB,PATH_RISK_V1_2026-08-12,2026-09-10,XHB,SPY,2026-10-07,False,False,False,False,,,,,,,,,
PATH_RISK_V1_2026-08-12|2026-09-10|XLB,PATH_RISK_V1_2026-08-12,2026-09-10,XLB,SPY,2026-10-07,False,False,False,False,,,,,,,,,
PATH_RISK_V1_2026-08-12|2026-09-10|XLC,PATH_RISK_V1_2026-08-12,2026-09-10,XLC,SPY,2026-10-07,False,False,False,False,,,,,,,,,
PATH_RISK_V1_2026-08-12|2026-09-10|XLE,PATH_RISK_V1_2026-08-12,2026-09-10,XLE,SPY,2026-10-07,False,False,False,False,,,,,,,,,
PATH_RISK_V1_2026-08-12|2026-09-10|XLF,PATH_RISK_V1_2026-08-12,2026-09-10,XLF,SPY,2026-10-07,False,False,False,False,,,,,,,,,
PATH_RISK_V1_2026-08-12|2026-09-10|XLI,PATH_RISK_V1_2026-08-12,2026-09-10,XLI,SPY,2026-10-07,False,False,False,False,,,,,,,,,
PATH_RISK_V1_2026-08-12|2026-09-10|XLK,PATH_RISK_V1_2026-08-12,2026-09-10,XLK,SPY,2026-10-07,False,False,False,False,,,,,,,,,
PATH_RISK_V1_2026-08-12|2026-09-10|XLP,PATH_RISK_V1_2026-08-12,2026-09-10,XLP,SPY,2026-10-07,False,False,False,False,,,,,,,,,
PATH_RISK_V1_2026-08-12|2026-09-10|XLRE,PATH_RISK_V1_2026-08-12,2026-09-10,XLRE,SPY,2026-10-07,False,False,False,False,,,,,,,,,
PATH_RISK_V1_2026-08-12|2026-09-10|XLU,PATH_RISK_V1_2026-08-12,2026-09-10,XLU,SPY,2026-10-07,False,False,False,False,,,,,,,,,
PATH_RISK_V1_2026-08-12|2026-09-10|XLV,PATH_RISK_V1_2026-08-12,2026-09-10,XLV,SPY,2026-10-07,False,False,False,False,,,,,,,,,
PATH_RISK_V1_2026-08-12|2026-09-10|XLY,PATH_RISK_V1_2026-08-12,2026-09-10,XLY,SPY,2026-10-07,False,False,False,False,,,,,,,,,
PATH_RISK_V1_2026-08-12|2026-09-10|XME,PATH_RISK_V1_2026-08-12,2026-09-10,XME,SPY,2026-10-07,False,False,False,False,,,,,,,,,
PATH_RISK_V1_2026-08-12|2026-09-10|XOP,PATH_RISK_V1_2026-08-12,2026-09-10,XOP,SPY,2026-10-07,False,False,False,False,,,,,,,,,
PATH_RISK_V1_2026-08-12|2026-09-10|XPH,PATH_RISK_V1_2026-08-12,2026-09-10,XPH,SPY,2026-10-07,False,False,False,False,,,,,,,,,
PATH_RISK_V1_2026-08-12|2026-09-10|XRT,PATH_RISK_V1_2026-08-12,2026-09-10,XRT,SPY,2026-10-07,False,False,False,False,,,,,,,,,
PATH_RISK_V1_2026-08-12|2026-09-11|AAXJ,PATH_RISK_V1_2026-08-12,2026-09-11,AAXJ,ACWX,2026-10-07,False,False,False,False,,,,,,,,,
PATH_RISK_V1_2026-08-12|2026-09-11|AFK,PATH_RISK_V1_2026-08-12,2026-09-11,AFK,ACWX,2026-10-07,False,False,False,False,,,,,,,,,
PATH_RISK_V1_2026-08-12|2026-09-11|ARGT,PATH_RISK_V1_2026-08-12,2026-09-11,ARGT,ACWX,2026-10-07,False,False,False,False,,,,,,,,,
PATH_RISK_V1_2026-08-12|2026-09-11|CIBR,PATH_RISK_V1_2026-08-12,2026-09-11,CIBR,SPY,2026-10-07,False,False,False,False,,,,,,,,,
PATH_RISK_V1_2026-08-12|2026-09-11|ECH,PATH_RISK_V1_2026-08-12,2026-09-11,ECH,ACWX,2026-10-07,False,False,False,False,,,,,,,,,
PATH_RISK_V1_2026-08-12|2026-09-11|EDEN,PATH_RISK_V1_2026-08-12,2026-09-11,EDEN,ACWX,2026-10-07,False,False,False,False,,,,,,,,,
PATH_RISK_V1_2026-08-12|2026-09-11|EEM,PATH_RISK_V1_2026-08-12,2026-09-11,EEM,ACWX,2026-10-07,False,False,False,False,,,,,,,,,
PATH_RISK_V1_2026-08-12|2026-09-11|EFA,PATH_RISK_V1_2026-08-12,2026-09-11,EFA,ACWX,2026-10-07,False,False,False,False,,,,,,,,,
PATH_RISK_V1_2026-08-12|2026-09-11|EIDO,PATH_RISK_V1_2026-08-12,2026-09-11,EIDO,ACWX,2026-10-07,False,False,False,False,,,,,,,,,
PATH_RISK_V1_2026-08-12|2026-09-11|EMXC,PATH_RISK_V1_2026-08-12,2026-09-11,EMXC,ACWX,2026-10-07,False,False,False,False,,,,,,,,,
PATH_RISK_V1_2026-08-12|2026-09-11|ENOR,PATH_RISK_V1_2026-08-12,2026-09-11,ENOR,ACWX,2026-10-07,False,False,False,False,,,,,,,,,
PATH_RISK_V1_2026-08-12|2026-09-11|ENZL,PATH_RISK_V1_2026-08-12,2026-09-11,ENZL,ACWX,2026-10-07,False,False,False,False,,,,,,,,,
PATH_RISK_V1_2026-08-12|2026-09-11|EPHE,PATH_RISK_V1_2026-08-12,2026-09-11,EPHE,ACWX,2026-10-07,False,False,False,False,,,,,,,,,
PATH_RISK_V1_2026-08-12|2026-09-11|EPOL,PATH_RISK_V1_2026-08-12,2026-09-11,EPOL,ACWX,2026-10-07,False,False,False,False,,,,,,,,,
PATH_RISK_V1_2026-08-12|2026-09-11|EPP,PATH_RISK_V1_2026-08-12,2026-09-11,EPP,ACWX,2026-10-07,False,False,False,False,,,,,,,,,
PATH_RISK_V1_2026-08-12|2026-09-11|EPU,PATH_RISK_V1_2026-08-12,2026-09-11,EPU,ACWX,2026-10-07,False,False,False,False,,,,,,,,,
PATH_RISK_V1_2026-08-12|2026-09-11|EWA,PATH_RISK_V1_2026-08-12,2026-09-11,EWA,ACWX,2026-10-07,False,False,False,False,,,,,,,,,
PATH_RISK_V1_2026-08-12|2026-09-11|EWC,PATH_RISK_V1_2026-08-12,2026-09-11,EWC,ACWX,2026-10-07,False,False,False,False,,,,,,,,,
PATH_RISK_V1_2026-08-12|2026-09-11|EWD,PATH_RISK_V1_2026-08-12,2026-09-11,EWD,ACWX,2026-10-07,False,False,False,False,,,,,,,,,
PATH_RISK_V1_2026-08-12|2026-09-11|EWG,PATH_RISK_V1_2026-08-12,2026-09-11,EWG,ACWX,2026-10-07,False,False,False,False,,,,,,,,,
PATH_RISK_V1_2026-08-12|2026-09-11|EWH,PATH_RISK_V1_2026-08-12,2026-09-11,EWH,ACWX,2026-10-07,False,False,False,False,,,,,,,,,
PATH_RISK_V1_2026-08-12|2026-09-11|EWI,PATH_RISK_V1_2026-08-12,2026-09-11,EWI,ACWX,2026-10-07,False,False,False,False,,,,,,,,,
PATH_RISK_V1_2026-08-12|2026-09-11|EWJ,PATH_RISK_V1_2026-08-12,2026-09-11,EWJ,ACWX,2026-10-07,False,False,False,False,,,,,,,,,
PATH_RISK_V1_2026-08-12|2026-09-11|EWL,PATH_RISK_V1_2026-08-12,2026-09-11,EWL,ACWX,2026-10-07,False,False,False,False,,,,,,,,,
PATH_RISK_V1_2026-08-12|2026-09-11|EWN,PATH_RISK_V1_2026-08-12,2026-09-11,EWN,ACWX,2026-10-07,False,False,False,False,,,,,,,,,
PATH_RISK_V1_2026-08-12|2026-09-11|EWP,PATH_RISK_V1_2026-08-12,2026-09-11,EWP,ACWX,2026-10-07,False,False,False,False,,,,,,,,,
PATH_RISK_V1_2026-08-12|2026-09-11|EWQ,PATH_RISK_V1_2026-08-12,2026-09-11,EWQ,ACWX,2026-10-07,False,False,False,False,,,,,,,,,
PATH_RISK_V1_2026-08-12|2026-09-11|EWS,PATH_RISK_V1_2026-08-12,2026-09-11,EWS,ACWX,2026-10-07,False,False,False,False,,,,,,,,,
PATH_RISK_V1_2026-08-12|2026-09-11|EWT,PATH_RISK_V1_2026-08-12,2026-09-11,EWT,ACWX,2026-10-07,False,False,False,False,,,,,,,,,
PATH_RISK_V1_2026-08-12|2026-09-11|EWU,PATH_RISK_V1_2026-08-12,2026-09-11,EWU,ACWX,2026-10-07,False,False,False,False,,,,,,,,,
PATH_RISK_V1_2026-08-12|2026-09-11|EWY,PATH_RISK_V1_2026-08-12,2026-09-11,EWY,ACWX,2026-10-07,False,False,False,False,,,,,,,,,
PATH_RISK_V1_2026-08-12|2026-09-11|EWZ,PATH_RISK_V1_2026-08-12,2026-09-11,EWZ,ACWX,2026-10-07,False,False,False,False,,,,,,,,,
PATH_RISK_V1_2026-08-12|2026-09-11|EXI,PATH_RISK_V1_2026-08-12,2026-09-11,EXI,ACWI,2026-10-07,False,False,False,False,,,,,,,,,
PATH_RISK_V1_2026-08-12|2026-09-11|FDN,PATH_RISK_V1_2026-08-12,2026-09-11,FDN,SPY,2026-10-07,False,False,False,False,,,,,,,,,
PATH_RISK_V1_2026-08-12|2026-09-11|FEZ,PATH_RISK_V1_2026-08-12,2026-09-11,FEZ,ACWX,2026-10-07,False,False,False,False,,,,,,,,,
PATH_RISK_V1_2026-08-12|2026-09-11|GREK,PATH_RISK_V1_2026-08-12,2026-09-11,GREK,ACWX,2026-10-07,False,False,False,False,,,,,,,,,
PATH_RISK_V1_2026-08-12|2026-09-11|IGV,PATH_RISK_V1_2026-08-12,2026-09-11,IGV,SPY,2026-10-07,False,False,False,False,,,,,,,,,
PATH_RISK_V1_2026-08-12|2026-09-11|IHF,PATH_RISK_V1_2026-08-12,2026-09-11,IHF,SPY,2026-10-07,False,False,False,False,,,,,,,,,
PATH_RISK_V1_2026-08-12|2026-09-11|IHI,PATH_RISK_V1_2026-08-12,2026-09-11,IHI,SPY,2026-10-07,False,False,False,False,,,,,,,,,
PATH_RISK_V1_2026-08-12|2026-09-11|ILF,PATH_RISK_V1_2026-08-12,2026-09-11,ILF,ACWX,2026-10-07,False,False,False,False,,,,,,,,,
PATH_RISK_V1_2026-08-12|2026-09-11|INDA,PATH_RISK_V1_2026-08-12,2026-09-11,INDA,ACWX,2026-10-07,False,False,False,False,,,,,,,,,
PATH_RISK_V1_2026-08-12|2026-09-11|ITA,PATH_RISK_V1_2026-08-12,2026-09-11,ITA,SPY,2026-10-07,False,False,False,False,,,,,,,,,
PATH_RISK_V1_2026-08-12|2026-09-11|IWM,PATH_RISK_V1_2026-08-12,2026-09-11,IWM,ITOT,2026-10-07,False,False,False,False,,,,,,,,,
PATH_RISK_V1_2026-08-12|2026-09-11|IXC,PATH_RISK_V1_2026-08-12,2026-09-11,IXC,ACWI,2026-10-07,False,False,False,False,,,,,,,,,
PATH_RISK_V1_2026-08-12|2026-09-11|IXG,PATH_RISK_V1_2026-08-12,2026-09-11,IXG,ACWI,2026-10-07,False,False,False,False,,,,,,,,,
PATH_RISK_V1_2026-08-12|2026-09-11|IXJ,PATH_RISK_V1_2026-08-12,2026-09-11,IXJ,ACWI,2026-10-07,False,False,False,False,,,,,,,,,
PATH_RISK_V1_2026-08-12|2026-09-11|IXN,PATH_RISK_V1_2026-08-12,2026-09-11,IXN,ACWI,2026-10-07,False,False,False,False,,,,,,,,,
PATH_RISK_V1_2026-08-12|2026-09-11|IYG,PATH_RISK_V1_2026-08-12,2026-09-11,IYG,SPY,2026-10-07,False,False,False,False,,,,,,,,,
PATH_RISK_V1_2026-08-12|2026-09-11|IYT,PATH_RISK_V1_2026-08-12,2026-09-11,IYT,SPY,2026-10-07,False,False,False,False,,,,,,,,,
PATH_RISK_V1_2026-08-12|2026-09-11|KBE,PATH_RISK_V1_2026-08-12,2026-09-11,KBE,SPY,2026-10-07,False,False,False,False,,,,,,,,,
PATH_RISK_V1_2026-08-12|2026-09-11|KIE,PATH_RISK_V1_2026-08-12,2026-09-11,KIE,SPY,2026-10-07,False,False,False,False,,,,,,,,,
PATH_RISK_V1_2026-08-12|2026-09-11|KRE,PATH_RISK_V1_2026-08-12,2026-09-11,KRE,SPY,2026-10-07,False,False,False,False,,,,,,,,,
PATH_RISK_V1_2026-08-12|2026-09-11|KSA,PATH_RISK_V1_2026-08-12,2026-09-11,KSA,ACWX,2026-10-07,False,False,False,False,,,,,,,,,
PATH_RISK_V1_2026-08-12|2026-09-11|KXI,PATH_RISK_V1_2026-08-12,2026-09-11,KXI,ACWI,2026-10-07,False,False,False,False,,,,,,,,,
PATH_RISK_V1_2026-08-12|2026-09-11|MCHI,PATH_RISK_V1_2026-08-12,2026-09-11,MCHI,ACWX,2026-10-07,False,False,False,False,,,,,,,,,
PATH_RISK_V1_2026-08-12|2026-09-11|MDY,PATH_RISK_V1_2026-08-12,2026-09-11,MDY,ITOT,2026-10-07,False,False,False,False,,,,,,,,,
PATH_RISK_V1_2026-08-12|2026-09-11|OIH,PATH_RISK_V1_2026-08-12,2026-09-11,OIH,SPY,2026-10-07,False,False,False,False,,,,,,,,,
PATH_RISK_V1_2026-08-12|2026-09-11|PAVE,PATH_RISK_V1_2026-08-12,2026-09-11,PAVE,SPY,2026-10-07,False,False,False,False,,,,,,,,,
PATH_RISK_V1_2026-08-12|2026-09-11|PEJ,PATH_RISK_V1_2026-08-12,2026-09-11,PEJ,SPY,2026-10-07,False,False,False,False,,,,,,,,,
PATH_RISK_V1_2026-08-12|2026-09-11|QAT,PATH_RISK_V1_2026-08-12,2026-09-11,QAT,ACWX,2026-10-07,False,False,False,False,,,,,,,,,
PATH_RISK_V1_2026-08-12|2026-09-11|QQQ,PATH_RISK_V1_2026-08-12,2026-09-11,QQQ,SPY,2026-10-07,False,False,False,False,,,,,,,,,
PATH_RISK_V1_2026-08-12|2026-09-11|REM,PATH_RISK_V1_2026-08-12,2026-09-11,REM,SPY,2026-10-07,False,False,False,False,,,,,,,,,
PATH_RISK_V1_2026-08-12|2026-09-11|REZ,PATH_RISK_V1_2026-08-12,2026-09-11,REZ,SPY,2026-10-07,False,False,False,False,,,,,,,,,
PATH_RISK_V1_2026-08-12|2026-09-11|RXI,PATH_RISK_V1_2026-08-12,2026-09-11,RXI,ACWI,2026-10-07,False,False,False,False,,,,,,,,,
PATH_RISK_V1_2026-08-12|2026-09-11|SCZ,PATH_RISK_V1_2026-08-12,2026-09-11,SCZ,ACWX,2026-10-07,False,False,False,False,,,,,,,,,
PATH_RISK_V1_2026-08-12|2026-09-11|SKYY,PATH_RISK_V1_2026-08-12,2026-09-11,SKYY,SPY,2026-10-07,False,False,False,False,,,,,,,,,
PATH_RISK_V1_2026-08-12|2026-09-11|SMH,PATH_RISK_V1_2026-08-12,2026-09-11,SMH,SPY,2026-10-07,False,False,False,False,,,,,,,,,
PATH_RISK_V1_2026-08-12|2026-09-11|THD,PATH_RISK_V1_2026-08-12,2026-09-11,THD,ACWX,2026-10-07,False,False,False,False,,,,,,,,,
PATH_RISK_V1_2026-08-12|2026-09-11|TUR,PATH_RISK_V1_2026-08-12,2026-09-11,TUR,ACWX,2026-10-07,False,False,False,False,,,,,,,,,
PATH_RISK_V1_2026-08-12|2026-09-11|UAE,PATH_RISK_V1_2026-08-12,2026-09-11,UAE,ACWX,2026-10-07,False,False,False,False,,,,,,,,,
PATH_RISK_V1_2026-08-12|2026-09-11|VEA,PATH_RISK_V1_2026-08-12,2026-09-11,VEA,ACWX,2026-10-07,False,False,False,False,,,,,,,,,
PATH_RISK_V1_2026-08-12|2026-09-11|VGK,PATH_RISK_V1_2026-08-12,2026-09-11,VGK,ACWX,2026-10-07,False,False,False,False,,,,,,,,,
PATH_RISK_V1_2026-08-12|2026-09-11|VNM,PATH_RISK_V1_2026-08-12,2026-09-11,VNM,ACWX,2026-10-07,False,False,False,False,,,,,,,,,
PATH_RISK_V1_2026-08-12|2026-09-11|VNQ,PATH_RISK_V1_2026-08-12,2026-09-11,VNQ,SPY,2026-10-07,False,False,False,False,,,,,,,,,
PATH_RISK_V1_2026-08-12|2026-09-11|VPL,PATH_RISK_V1_2026-08-12,2026-09-11,VPL,ACWX,2026-10-07,False,False,False,False,,,,,,,,,
PATH_RISK_V1_2026-08-12|2026-09-11|VSS,PATH_RISK_V1_2026-08-12,2026-09-11,VSS,ACWX,2026-10-07,False,False,False,False,,,,,,,,,
PATH_RISK_V1_2026-08-12|2026-09-11|VWO,PATH_RISK_V1_2026-08-12,2026-09-11,VWO,ACWX,2026-10-07,False,False,False,False,,,,,,,,,
PATH_RISK_V1_2026-08-12|2026-09-11|XBI,PATH_RISK_V1_2026-08-12,2026-09-11,XBI,SPY,2026-10-07,False,False,False,False,,,,,,,,,
PATH_RISK_V1_2026-08-12|2026-09-11|XHB,PATH_RISK_V1_2026-08-12,2026-09-11,XHB,SPY,2026-10-07,False,False,False,False,,,,,,,,,
PATH_RISK_V1_2026-08-12|2026-09-11|XLB,PATH_RISK_V1_2026-08-12,2026-09-11,XLB,SPY,2026-10-07,False,False,False,False,,,,,,,,,
PATH_RISK_V1_2026-08-12|2026-09-11|XLC,PATH_RISK_V1_2026-08-12,2026-09-11,XLC,SPY,2026-10-07,False,False,False,False,,,,,,,,,
PATH_RISK_V1_2026-08-12|2026-09-11|XLE,PATH_RISK_V1_2026-08-12,2026-09-11,XLE,SPY,2026-10-07,False,False,False,False,,,,,,,,,
PATH_RISK_V1_2026-08-12|2026-09-11|XLF,PATH_RISK_V1_2026-08-12,2026-09-11,XLF,SPY,2026-10-07,False,False,False,False,,,,,,,,,
PATH_RISK_V1_2026-08-12|2026-09-11|XLI,PATH_RISK_V1_2026-08-12,2026-09-11,XLI,SPY,2026-10-07,False,False,False,False,,,,,,,,,
PATH_RISK_V1_2026-08-12|2026-09-11|XLK,PATH_RISK_V1_2026-08-12,2026-09-11,XLK,SPY,2026-10-07,False,False,False,False,,,,,,,,,
PATH_RISK_V1_2026-08-12|2026-09-11|XLP,PATH_RISK_V1_2026-08-12,2026-09-11,XLP,SPY,2026-10-07,False,False,False,False,,,,,,,,,
PATH_RISK_V1_2026-08-12|2026-09-11|XLRE,PATH_RISK_V1_2026-08-12,2026-09-11,XLRE,SPY,2026-10-07,False,False,False,False,,,,,,,,,
PATH_RISK_V1_2026-08-12|2026-09-11|XLU,PATH_RISK_V1_2026-08-12,2026-09-11,XLU,SPY,2026-10-07,False,False,False,False,,,,,,,,,
PATH_RISK_V1_2026-08-12|2026-09-11|XLV,PATH_RISK_V1_2026-08-12,2026-09-11,XLV,SPY,2026-10-07,False,False,False,False,,,,,,,,,
PATH_RISK_V1_2026-08-12|2026-09-11|XLY,PATH_RISK_V1_2026-08-12,2026-09-11,XLY,SPY,2026-10-07,False,False,False,False,,,,,,,,,
PATH_RISK_V1_2026-08-12|2026-09-11|XME,PATH_RISK_V1_2026-08-12,2026-09-11,XME,SPY,2026-10-07,False,False,False,False,,,,,,,,,
PATH_RISK_V1_2026-08-12|2026-09-11|XOP,PATH_RISK_V1_2026-08-12,2026-09-11,XOP,SPY,2026-10-07,False,False,False,False,,,,,,,,,
PATH_RISK_V1_2026-08-12|2026-09-11|XPH,PATH_RISK_V1_2026-08-12,2026-09-11,XPH,SPY,2026-10-07,False,False,False,False,,,,,,,,,
PATH_RISK_V1_2026-08-12|2026-09-11|XRT,PATH_RISK_V1_2026-08-12,2026-09-11,XRT,SPY,2026-10-07,False,False,False,False,,,,,,,,,
PATH_RISK_V1_2026-08-12|2026-09-14|AAXJ,PATH_RISK_V1_2026-08-12,2026-09-14,AAXJ,ACWX,2026-10-07,False,False,False,False,,,,,,,,,
PATH_RISK_V1_2026-08-12|2026-09-14|AFK,PATH_RISK_V1_2026-08-12,2026-09-14,AFK,ACWX,2026-10-07,False,False,False,False,,,,,,,,,
PATH_RISK_V1_2026-08-12|2026-09-14|ARGT,PATH_RISK_V1_2026-08-12,2026-09-14,ARGT,ACWX,2026-10-07,False,False,False,False,,,,,,,,,
PATH_RISK_V1_2026-08-12|2026-09-14|ASEA,PATH_RISK_V1_2026-08-12,2026-09-14,ASEA,ACWX,2026-10-07,False,False,False,False,,,,,,,,,
PATH_RISK_V1_2026-08-12|2026-09-14|CIBR,PATH_RISK_V1_2026-08-12,2026-09-14,CIBR,SPY,2026-10-07,False,False,False,False,,,,,,,,,
PATH_RISK_V1_2026-08-12|2026-09-14|ECH,PATH_RISK_V1_2026-08-12,2026-09-14,ECH,ACWX,2026-10-07,False,False,False,False,,,,,,,,,
PATH_RISK_V1_2026-08-12|2026-09-14|EDEN,PATH_RISK_V1_2026-08-12,2026-09-14,EDEN,ACWX,2026-10-07,False,False,False,False,,,,,,,,,
PATH_RISK_V1_2026-08-12|2026-09-14|EEM,PATH_RISK_V1_2026-08-12,2026-09-14,EEM,ACWX,2026-10-07,False,False,False,False,,,,,,,,,
PATH_RISK_V1_2026-08-12|2026-09-14|EFA,PATH_RISK_V1_2026-08-12,2026-09-14,EFA,ACWX,2026-10-07,False,False,False,False,,,,,,,,,
PATH_RISK_V1_2026-08-12|2026-09-14|EFNL,PATH_RISK_V1_2026-08-12,2026-09-14,EFNL,ACWX,2026-10-07,False,False,False,False,,,,,,,,,
PATH_RISK_V1_2026-08-12|2026-09-14|EIDO,PATH_RISK_V1_2026-08-12,2026-09-14,EIDO,ACWX,2026-10-07,False,False,False,False,,,,,,,,,
PATH_RISK_V1_2026-08-12|2026-09-14|EIRL,PATH_RISK_V1_2026-08-12,2026-09-14,EIRL,ACWX,2026-10-07,False,False,False,False,,,,,,,,,
PATH_RISK_V1_2026-08-12|2026-09-14|EIS,PATH_RISK_V1_2026-08-12,2026-09-14,EIS,ACWX,2026-10-07,False,False,False,False,,,,,,,,,
PATH_RISK_V1_2026-08-12|2026-09-14|EMXC,PATH_RISK_V1_2026-08-12,2026-09-14,EMXC,ACWX,2026-10-07,False,False,False,False,,,,,,,,,
PATH_RISK_V1_2026-08-12|2026-09-14|ENOR,PATH_RISK_V1_2026-08-12,2026-09-14,ENOR,ACWX,2026-10-07,False,False,False,False,,,,,,,,,
PATH_RISK_V1_2026-08-12|2026-09-14|ENZL,PATH_RISK_V1_2026-08-12,2026-09-14,ENZL,ACWX,2026-10-07,False,False,False,False,,,,,,,,,
PATH_RISK_V1_2026-08-12|2026-09-14|EPHE,PATH_RISK_V1_2026-08-12,2026-09-14,EPHE,ACWX,2026-10-07,False,False,False,False,,,,,,,,,
PATH_RISK_V1_2026-08-12|2026-09-14|EPOL,PATH_RISK_V1_2026-08-12,2026-09-14,EPOL,ACWX,2026-10-07,False,False,False,False,,,,,,,,,
PATH_RISK_V1_2026-08-12|2026-09-14|EPP,PATH_RISK_V1_2026-08-12,2026-09-14,EPP,ACWX,2026-10-07,False,False,False,False,,,,,,,,,
PATH_RISK_V1_2026-08-12|2026-09-14|EPU,PATH_RISK_V1_2026-08-12,2026-09-14,EPU,ACWX,2026-10-07,False,False,False,False,,,,,,,,,
PATH_RISK_V1_2026-08-12|2026-09-14|EWA,PATH_RISK_V1_2026-08-12,2026-09-14,EWA,ACWX,2026-10-07,False,False,False,False,,,,,,,,,
PATH_RISK_V1_2026-08-12|2026-09-14|EWC,PATH_RISK_V1_2026-08-12,2026-09-14,EWC,ACWX,2026-10-07,False,False,False,False,,,,,,,,,
PATH_RISK_V1_2026-08-12|2026-09-14|EWD,PATH_RISK_V1_2026-08-12,2026-09-14,EWD,ACWX,2026-10-07,False,False,False,False,,,,,,,,,
PATH_RISK_V1_2026-08-12|2026-09-14|EWG,PATH_RISK_V1_2026-08-12,2026-09-14,EWG,ACWX,2026-10-07,False,False,False,False,,,,,,,,,
PATH_RISK_V1_2026-08-12|2026-09-14|EWH,PATH_RISK_V1_2026-08-12,2026-09-14,EWH,ACWX,2026-10-07,False,False,False,False,,,,,,,,,
PATH_RISK_V1_2026-08-12|2026-09-14|EWI,PATH_RISK_V1_2026-08-12,2026-09-14,EWI,ACWX,2026-10-07,False,False,False,False,,,,,,,,,
PATH_RISK_V1_2026-08-12|2026-09-14|EWJ,PATH_RISK_V1_2026-08-12,2026-09-14,EWJ,ACWX,2026-10-07,False,False,False,False,,,,,,,,,
PATH_RISK_V1_2026-08-12|2026-09-14|EWL,PATH_RISK_V1_2026-08-12,2026-09-14,EWL,ACWX,2026-10-07,False,False,False,False,,,,,,,,,
PATH_RISK_V1_2026-08-12|2026-09-14|EWM,PATH_RISK_V1_2026-08-12,2026-09-14,EWM,ACWX,2026-10-07,False,False,False,False,,,,,,,,,
PATH_RISK_V1_2026-08-12|2026-09-14|EWN,PATH_RISK_V1_2026-08-12,2026-09-14,EWN,ACWX,2026-10-07,False,False,False,False,,,,,,,,,
PATH_RISK_V1_2026-08-12|2026-09-14|EWO,PATH_RISK_V1_2026-08-12,2026-09-14,EWO,ACWX,2026-10-07,False,False,False,False,,,,,,,,,
PATH_RISK_V1_2026-08-12|2026-09-14|EWP,PATH_RISK_V1_2026-08-12,2026-09-14,EWP,ACWX,2026-10-07,False,False,False,False,,,,,,,,,
PATH_RISK_V1_2026-08-12|2026-09-14|EWQ,PATH_RISK_V1_2026-08-12,2026-09-14,EWQ,ACWX,2026-10-07,False,False,False,False,,,,,,,,,
PATH_RISK_V1_2026-08-12|2026-09-14|EWS,PATH_RISK_V1_2026-08-12,2026-09-14,EWS,ACWX,2026-10-07,False,False,False,False,,,,,,,,,
PATH_RISK_V1_2026-08-12|2026-09-14|EWT,PATH_RISK_V1_2026-08-12,2026-09-14,EWT,ACWX,2026-10-07,False,False,False,False,,,,,,,,,
PATH_RISK_V1_2026-08-12|2026-09-14|EWU,PATH_RISK_V1_2026-08-12,2026-09-14,EWU,ACWX,2026-10-07,False,False,False,False,,,,,,,,,
PATH_RISK_V1_2026-08-12|2026-09-14|EWW,PATH_RISK_V1_2026-08-12,2026-09-14,EWW,ACWX,2026-10-07,False,False,False,False,,,,,,,,,
PATH_RISK_V1_2026-08-12|2026-09-14|EWY,PATH_RISK_V1_2026-08-12,2026-09-14,EWY,ACWX,2026-10-07,False,False,False,False,,,,,,,,,
PATH_RISK_V1_2026-08-12|2026-09-14|EWZ,PATH_RISK_V1_2026-08-12,2026-09-14,EWZ,ACWX,2026-10-07,False,False,False,False,,,,,,,,,
PATH_RISK_V1_2026-08-12|2026-09-14|EXI,PATH_RISK_V1_2026-08-12,2026-09-14,EXI,ACWI,2026-10-07,False,False,False,False,,,,,,,,,
PATH_RISK_V1_2026-08-12|2026-09-14|EZA,PATH_RISK_V1_2026-08-12,2026-09-14,EZA,ACWX,2026-10-07,False,False,False,False,,,,,,,,,
PATH_RISK_V1_2026-08-12|2026-09-14|FDN,PATH_RISK_V1_2026-08-12,2026-09-14,FDN,SPY,2026-10-07,False,False,False,False,,,,,,,,,
PATH_RISK_V1_2026-08-12|2026-09-14|FEZ,PATH_RISK_V1_2026-08-12,2026-09-14,FEZ,ACWX,2026-10-07,False,False,False,False,,,,,,,,,
PATH_RISK_V1_2026-08-12|2026-09-14|GREK,PATH_RISK_V1_2026-08-12,2026-09-14,GREK,ACWX,2026-10-07,False,False,False,False,,,,,,,,,
PATH_RISK_V1_2026-08-12|2026-09-14|IGV,PATH_RISK_V1_2026-08-12,2026-09-14,IGV,SPY,2026-10-07,False,False,False,False,,,,,,,,,
PATH_RISK_V1_2026-08-12|2026-09-14|IHI,PATH_RISK_V1_2026-08-12,2026-09-14,IHI,SPY,2026-10-07,False,False,False,False,,,,,,,,,
PATH_RISK_V1_2026-08-12|2026-09-14|ILF,PATH_RISK_V1_2026-08-12,2026-09-14,ILF,ACWX,2026-10-07,False,False,False,False,,,,,,,,,
PATH_RISK_V1_2026-08-12|2026-09-14|INDA,PATH_RISK_V1_2026-08-12,2026-09-14,INDA,ACWX,2026-10-07,False,False,False,False,,,,,,,,,
PATH_RISK_V1_2026-08-12|2026-09-14|ITA,PATH_RISK_V1_2026-08-12,2026-09-14,ITA,SPY,2026-10-07,False,False,False,False,,,,,,,,,
PATH_RISK_V1_2026-08-12|2026-09-14|IWM,PATH_RISK_V1_2026-08-12,2026-09-14,IWM,ITOT,2026-10-07,False,False,False,False,,,,,,,,,
PATH_RISK_V1_2026-08-12|2026-09-14|IXC,PATH_RISK_V1_2026-08-12,2026-09-14,IXC,ACWI,2026-10-07,False,False,False,False,,,,,,,,,
PATH_RISK_V1_2026-08-12|2026-09-14|IXG,PATH_RISK_V1_2026-08-12,2026-09-14,IXG,ACWI,2026-10-07,False,False,False,False,,,,,,,,,
PATH_RISK_V1_2026-08-12|2026-09-14|IXJ,PATH_RISK_V1_2026-08-12,2026-09-14,IXJ,ACWI,2026-10-07,False,False,False,False,,,,,,,,,
PATH_RISK_V1_2026-08-12|2026-09-14|IXN,PATH_RISK_V1_2026-08-12,2026-09-14,IXN,ACWI,2026-10-07,False,False,False,False,,,,,,,,,
PATH_RISK_V1_2026-08-12|2026-09-14|IXP,PATH_RISK_V1_2026-08-12,2026-09-14,IXP,ACWI,2026-10-07,False,False,False,False,,,,,,,,,
PATH_RISK_V1_2026-08-12|2026-09-14|IYG,PATH_RISK_V1_2026-08-12,2026-09-14,IYG,SPY,2026-10-07,False,False,False,False,,,,,,,,,
PATH_RISK_V1_2026-08-12|2026-09-14|IYT,PATH_RISK_V1_2026-08-12,2026-09-14,IYT,SPY,2026-10-07,False,False,False,False,,,,,,,,,
PATH_RISK_V1_2026-08-12|2026-09-14|IYZ,PATH_RISK_V1_2026-08-12,2026-09-14,IYZ,SPY,2026-10-07,False,False,False,False,,,,,,,,,
PATH_RISK_V1_2026-08-12|2026-09-14|JXI,PATH_RISK_V1_2026-08-12,2026-09-14,JXI,ACWI,2026-10-07,False,False,False,False,,,,,,,,,
PATH_RISK_V1_2026-08-12|2026-09-14|KBE,PATH_RISK_V1_2026-08-12,2026-09-14,KBE,SPY,2026-10-07,False,False,False,False,,,,,,,,,
PATH_RISK_V1_2026-08-12|2026-09-14|KIE,PATH_RISK_V1_2026-08-12,2026-09-14,KIE,SPY,2026-10-07,False,False,False,False,,,,,,,,,
PATH_RISK_V1_2026-08-12|2026-09-14|KRE,PATH_RISK_V1_2026-08-12,2026-09-14,KRE,SPY,2026-10-07,False,False,False,False,,,,,,,,,
PATH_RISK_V1_2026-08-12|2026-09-14|KSA,PATH_RISK_V1_2026-08-12,2026-09-14,KSA,ACWX,2026-10-07,False,False,False,False,,,,,,,,,
PATH_RISK_V1_2026-08-12|2026-09-14|KXI,PATH_RISK_V1_2026-08-12,2026-09-14,KXI,ACWI,2026-10-07,False,False,False,False,,,,,,,,,
PATH_RISK_V1_2026-08-12|2026-09-14|MCHI,PATH_RISK_V1_2026-08-12,2026-09-14,MCHI,ACWX,2026-10-07,False,False,False,False,,,,,,,,,
PATH_RISK_V1_2026-08-12|2026-09-14|MDY,PATH_RISK_V1_2026-08-12,2026-09-14,MDY,ITOT,2026-10-07,False,False,False,False,,,,,,,,,
PATH_RISK_V1_2026-08-12|2026-09-14|MXI,PATH_RISK_V1_2026-08-12,2026-09-14,MXI,ACWI,2026-10-07,False,False,False,False,,,,,,,,,
PATH_RISK_V1_2026-08-12|2026-09-14|PAVE,PATH_RISK_V1_2026-08-12,2026-09-14,PAVE,SPY,2026-10-07,False,False,False,False,,,,,,,,,
PATH_RISK_V1_2026-08-12|2026-09-14|PBJ,PATH_RISK_V1_2026-08-12,2026-09-14,PBJ,SPY,2026-10-07,False,False,False,False,,,,,,,,,
PATH_RISK_V1_2026-08-12|2026-09-14|QAT,PATH_RISK_V1_2026-08-12,2026-09-14,QAT,ACWX,2026-10-07,False,False,False,False,,,,,,,,,
PATH_RISK_V1_2026-08-12|2026-09-14|QQQ,PATH_RISK_V1_2026-08-12,2026-09-14,QQQ,SPY,2026-10-07,False,False,False,False,,,,,,,,,
PATH_RISK_V1_2026-08-12|2026-09-14|REM,PATH_RISK_V1_2026-08-12,2026-09-14,REM,SPY,2026-10-07,False,False,False,False,,,,,,,,,
PATH_RISK_V1_2026-08-12|2026-09-14|REZ,PATH_RISK_V1_2026-08-12,2026-09-14,REZ,SPY,2026-10-07,False,False,False,False,,,,,,,,,
PATH_RISK_V1_2026-08-12|2026-09-14|RXI,PATH_RISK_V1_2026-08-12,2026-09-14,RXI,ACWI,2026-10-07,False,False,False,False,,,,,,,,,
PATH_RISK_V1_2026-08-12|2026-09-14|SCZ,PATH_RISK_V1_2026-08-12,2026-09-14,SCZ,ACWX,2026-10-07,False,False,False,False,,,,,,,,,
PATH_RISK_V1_2026-08-12|2026-09-14|SKYY,PATH_RISK_V1_2026-08-12,2026-09-14,SKYY,SPY,2026-10-07,False,False,False,False,,,,,,,,,
PATH_RISK_V1_2026-08-12|2026-09-14|SMH,PATH_RISK_V1_2026-08-12,2026-09-14,SMH,SPY,2026-10-07,False,False,False,False,,,,,,,,,
PATH_RISK_V1_2026-08-12|2026-09-14|THD,PATH_RISK_V1_2026-08-12,2026-09-14,THD,ACWX,2026-10-07,False,False,False,False,,,,,,,,,
PATH_RISK_V1_2026-08-12|2026-09-14|TUR,PATH_RISK_V1_2026-08-12,2026-09-14,TUR,ACWX,2026-10-07,False,False,False,False,,,,,,,,,
PATH_RISK_V1_2026-08-12|2026-09-14|UAE,PATH_RISK_V1_2026-08-12,2026-09-14,UAE,ACWX,2026-10-07,False,False,False,False,,,,,,,,,
PATH_RISK_V1_2026-08-12|2026-09-14|VEA,PATH_RISK_V1_2026-08-12,2026-09-14,VEA,ACWX,2026-10-07,False,False,False,False,,,,,,,,,
PATH_RISK_V1_2026-08-12|2026-09-14|VGK,PATH_RISK_V1_2026-08-12,2026-09-14,VGK,ACWX,2026-10-07,False,False,False,False,,,,,,,,,
PATH_RISK_V1_2026-08-12|2026-09-14|VNM,PATH_RISK_V1_2026-08-12,2026-09-14,VNM,ACWX,2026-10-07,False,False,False,False,,,,,,,,,
PATH_RISK_V1_2026-08-12|2026-09-14|VNQ,PATH_RISK_V1_2026-08-12,2026-09-14,VNQ,SPY,2026-10-07,False,False,False,False,,,,,,,,,
PATH_RISK_V1_2026-08-12|2026-09-14|VPL,PATH_RISK_V1_2026-08-12,2026-09-14,VPL,ACWX,2026-10-07,False,False,False,False,,,,,,,,,
PATH_RISK_V1_2026-08-12|2026-09-14|VSS,PATH_RISK_V1_2026-08-12,2026-09-14,VSS,ACWX,2026-10-07,False,False,False,False,,,,,,,,,
PATH_RISK_V1_2026-08-12|2026-09-14|VWO,PATH_RISK_V1_2026-08-12,2026-09-14,VWO,ACWX,2026-10-07,False,False,False,False,,,,,,,,,
PATH_RISK_V1_2026-08-12|2026-09-14|XBI,PATH_RISK_V1_2026-08-12,2026-09-14,XBI,SPY,2026-10-07,False,False,False,False,,,,,,,,,
PATH_RISK_V1_2026-08-12|2026-09-14|XHB,PATH_RISK_V1_2026-08-12,2026-09-14,XHB,SPY,2026-10-07,False,False,False,False,,,,,,,,,
PATH_RISK_V1_2026-08-12|2026-09-14|XLB,PATH_RISK_V1_2026-08-12,2026-09-14,XLB,SPY,2026-10-07,False,False,False,False,,,,,,,,,
PATH_RISK_V1_2026-08-12|2026-09-14|XLC,PATH_RISK_V1_2026-08-12,2026-09-14,XLC,SPY,2026-10-07,False,False,False,False,,,,,,,,,
PATH_RISK_V1_2026-08-12|2026-09-14|XLE,PATH_RISK_V1_2026-08-12,2026-09-14,XLE,SPY,2026-10-07,False,False,False,False,,,,,,,,,
PATH_RISK_V1_2026-08-12|2026-09-14|XLF,PATH_RISK_V1_2026-08-12,2026-09-14,XLF,SPY,2026-10-07,False,False,False,False,,,,,,,,,
PATH_RISK_V1_2026-08-12|2026-09-14|XLI,PATH_RISK_V1_2026-08-12,2026-09-14,XLI,SPY,2026-10-07,False,False,False,False,,,,,,,,,
PATH_RISK_V1_2026-08-12|2026-09-14|XLK,PATH_RISK_V1_2026-08-12,2026-09-14,XLK,SPY,2026-10-07,False,False,False,False,,,,,,,,,
PATH_RISK_V1_2026-08-12|2026-09-14|XLP,PATH_RISK_V1_2026-08-12,2026-09-14,XLP,SPY,2026-10-07,False,False,False,False,,,,,,,,,
PATH_RISK_V1_2026-08-12|2026-09-14|XLRE,PATH_RISK_V1_2026-08-12,2026-09-14,XLRE,SPY,2026-10-07,False,False,False,False,,,,,,,,,
PATH_RISK_V1_2026-08-12|2026-09-14|XLU,PATH_RISK_V1_2026-08-12,2026-09-14,XLU,SPY,2026-10-07,False,False,False,False,,,,,,,,,
PATH_RISK_V1_2026-08-12|2026-09-14|XLV,PATH_RISK_V1_2026-08-12,2026-09-14,XLV,SPY,2026-10-07,False,False,False,False,,,,,,,,,
PATH_RISK_V1_2026-08-12|2026-09-14|XLY,PATH_RISK_V1_2026-08-12,2026-09-14,XLY,SPY,2026-10-07,False,False,False,False,,,,,,,,,
PATH_RISK_V1_2026-08-12|2026-09-14|XME,PATH_RISK_V1_2026-08-12,2026-09-14,XME,SPY,2026-10-07,False,False,False,False,,,,,,,,,
PATH_RISK_V1_2026-08-12|2026-09-14|XOP,PATH_RISK_V1_2026-08-12,2026-09-14,XOP,SPY,2026-10-07,False,False,False,False,,,,,,,,,
PATH_RISK_V1_2026-08-12|2026-09-14|XRT,PATH_RISK_V1_2026-08-12,2026-09-14,XRT,SPY,2026-10-07,False,False,False,False,,,,,,,,,
PATH_RISK_V1_2026-08-12|2026-09-15|AAXJ,PATH_RISK_V1_2026-08-12,2026-09-15,AAXJ,ACWX,2026-10-07,False,False,False,False,,,,,,,,,
PATH_RISK_V1_2026-08-12|2026-09-15|ARGT,PATH_RISK_V1_2026-08-12,2026-09-15,ARGT,ACWX,2026-10-07,False,False,False,False,,,,,,,,,
PATH_RISK_V1_2026-08-12|2026-09-15|ASEA,PATH_RISK_V1_2026-08-12,2026-09-15,ASEA,ACWX,2026-10-07,False,False,False,False,,,,,,,,,
PATH_RISK_V1_2026-08-12|2026-09-15|CIBR,PATH_RISK_V1_2026-08-12,2026-09-15,CIBR,SPY,2026-10-07,False,False,False,False,,,,,,,,,
PATH_RISK_V1_2026-08-12|2026-09-15|ECH,PATH_RISK_V1_2026-08-12,2026-09-15,ECH,ACWX,2026-10-07,False,False,False,False,,,,,,,,,
PATH_RISK_V1_2026-08-12|2026-09-15|EDEN,PATH_RISK_V1_2026-08-12,2026-09-15,EDEN,ACWX,2026-10-07,False,False,False,False,,,,,,,,,
PATH_RISK_V1_2026-08-12|2026-09-15|EEM,PATH_RISK_V1_2026-08-12,2026-09-15,EEM,ACWX,2026-10-07,False,False,False,False,,,,,,,,,
PATH_RISK_V1_2026-08-12|2026-09-15|EFA,PATH_RISK_V1_2026-08-12,2026-09-15,EFA,ACWX,2026-10-07,False,False,False,False,,,,,,,,,
PATH_RISK_V1_2026-08-12|2026-09-15|EFNL,PATH_RISK_V1_2026-08-12,2026-09-15,EFNL,ACWX,2026-10-07,False,False,False,False,,,,,,,,,
PATH_RISK_V1_2026-08-12|2026-09-15|EIDO,PATH_RISK_V1_2026-08-12,2026-09-15,EIDO,ACWX,2026-10-07,False,False,False,False,,,,,,,,,
PATH_RISK_V1_2026-08-12|2026-09-15|EIRL,PATH_RISK_V1_2026-08-12,2026-09-15,EIRL,ACWX,2026-10-07,False,False,False,False,,,,,,,,,
PATH_RISK_V1_2026-08-12|2026-09-15|EMXC,PATH_RISK_V1_2026-08-12,2026-09-15,EMXC,ACWX,2026-10-07,False,False,False,False,,,,,,,,,
PATH_RISK_V1_2026-08-12|2026-09-15|ENOR,PATH_RISK_V1_2026-08-12,2026-09-15,ENOR,ACWX,2026-10-07,False,False,False,False,,,,,,,,,
PATH_RISK_V1_2026-08-12|2026-09-15|ENZL,PATH_RISK_V1_2026-08-12,2026-09-15,ENZL,ACWX,2026-10-07,False,False,False,False,,,,,,,,,
PATH_RISK_V1_2026-08-12|2026-09-15|EPOL,PATH_RISK_V1_2026-08-12,2026-09-15,EPOL,ACWX,2026-10-07,False,False,False,False,,,,,,,,,
PATH_RISK_V1_2026-08-12|2026-09-15|EPU,PATH_RISK_V1_2026-08-12,2026-09-15,EPU,ACWX,2026-10-07,False,False,False,False,,,,,,,,,
PATH_RISK_V1_2026-08-12|2026-09-15|EWA,PATH_RISK_V1_2026-08-12,2026-09-15,EWA,ACWX,2026-10-07,False,False,False,False,,,,,,,,,
PATH_RISK_V1_2026-08-12|2026-09-15|EWC,PATH_RISK_V1_2026-08-12,2026-09-15,EWC,ACWX,2026-10-07,False,False,False,False,,,,,,,,,
PATH_RISK_V1_2026-08-12|2026-09-15|EWD,PATH_RISK_V1_2026-08-12,2026-09-15,EWD,ACWX,2026-10-07,False,False,False,False,,,,,,,,,
PATH_RISK_V1_2026-08-12|2026-09-15|EWG,PATH_RISK_V1_2026-08-12,2026-09-15,EWG,ACWX,2026-10-07,False,False,False,False,,,,,,,,,
PATH_RISK_V1_2026-08-12|2026-09-15|EWH,PATH_RISK_V1_2026-08-12,2026-09-15,EWH,ACWX,2026-10-07,False,False,False,False,,,,,,,,,
PATH_RISK_V1_2026-08-12|2026-09-15|EWJ,PATH_RISK_V1_2026-08-12,2026-09-15,EWJ,ACWX,2026-10-07,False,False,False,False,,,,,,,,,
PATH_RISK_V1_2026-08-12|2026-09-15|EWL,PATH_RISK_V1_2026-08-12,2026-09-15,EWL,ACWX,2026-10-07,False,False,False,False,,,,,,,,,
PATH_RISK_V1_2026-08-12|2026-09-15|EWM,PATH_RISK_V1_2026-08-12,2026-09-15,EWM,ACWX,2026-10-07,False,False,False,False,,,,,,,,,
PATH_RISK_V1_2026-08-12|2026-09-15|EWO,PATH_RISK_V1_2026-08-12,2026-09-15,EWO,ACWX,2026-10-07,False,False,False,False,,,,,,,,,
PATH_RISK_V1_2026-08-12|2026-09-15|EWP,PATH_RISK_V1_2026-08-12,2026-09-15,EWP,ACWX,2026-10-07,False,False,False,False,,,,,,,,,
PATH_RISK_V1_2026-08-12|2026-09-15|EWQ,PATH_RISK_V1_2026-08-12,2026-09-15,EWQ,ACWX,2026-10-07,False,False,False,False,,,,,,,,,
PATH_RISK_V1_2026-08-12|2026-09-15|EWU,PATH_RISK_V1_2026-08-12,2026-09-15,EWU,ACWX,2026-10-07,False,False,False,False,,,,,,,,,
PATH_RISK_V1_2026-08-12|2026-09-15|EWW,PATH_RISK_V1_2026-08-12,2026-09-15,EWW,ACWX,2026-10-07,False,False,False,False,,,,,,,,,
PATH_RISK_V1_2026-08-12|2026-09-15|EWY,PATH_RISK_V1_2026-08-12,2026-09-15,EWY,ACWX,2026-10-07,False,False,False,False,,,,,,,,,
PATH_RISK_V1_2026-08-12|2026-09-15|EWZ,PATH_RISK_V1_2026-08-12,2026-09-15,EWZ,ACWX,2026-10-07,False,False,False,False,,,,,,,,,
PATH_RISK_V1_2026-08-12|2026-09-15|EZA,PATH_RISK_V1_2026-08-12,2026-09-15,EZA,ACWX,2026-10-07,False,False,False,False,,,,,,,,,
PATH_RISK_V1_2026-08-12|2026-09-15|FDN,PATH_RISK_V1_2026-08-12,2026-09-15,FDN,SPY,2026-10-07,False,False,False,False,,,,,,,,,
PATH_RISK_V1_2026-08-12|2026-09-15|FEZ,PATH_RISK_V1_2026-08-12,2026-09-15,FEZ,ACWX,2026-10-07,False,False,False,False,,,,,,,,,
PATH_RISK_V1_2026-08-12|2026-09-15|GREK,PATH_RISK_V1_2026-08-12,2026-09-15,GREK,ACWX,2026-10-07,False,False,False,False,,,,,,,,,
PATH_RISK_V1_2026-08-12|2026-09-15|IGV,PATH_RISK_V1_2026-08-12,2026-09-15,IGV,SPY,2026-10-07,False,False,False,False,,,,,,,,,
PATH_RISK_V1_2026-08-12|2026-09-15|IHF,PATH_RISK_V1_2026-08-12,2026-09-15,IHF,SPY,2026-10-07,False,False,False,False,,,,,,,,,
PATH_RISK_V1_2026-08-12|2026-09-15|IHI,PATH_RISK_V1_2026-08-12,2026-09-15,IHI,SPY,2026-10-07,False,False,False,False,,,,,,,,,
PATH_RISK_V1_2026-08-12|2026-09-15|ILF,PATH_RISK_V1_2026-08-12,2026-09-15,ILF,ACWX,2026-10-07,False,False,False,False,,,,,,,,,
PATH_RISK_V1_2026-08-12|2026-09-15|INDA,PATH_RISK_V1_2026-08-12,2026-09-15,INDA,ACWX,2026-10-07,False,False,False,False,,,,,,,,,
PATH_RISK_V1_2026-08-12|2026-09-15|ITA,PATH_RISK_V1_2026-08-12,2026-09-15,ITA,SPY,2026-10-07,False,False,False,False,,,,,,,,,
PATH_RISK_V1_2026-08-12|2026-09-15|IWM,PATH_RISK_V1_2026-08-12,2026-09-15,IWM,ITOT,2026-10-07,False,False,False,False,,,,,,,,,
PATH_RISK_V1_2026-08-12|2026-09-15|IXC,PATH_RISK_V1_2026-08-12,2026-09-15,IXC,ACWI,2026-10-07,False,False,False,False,,,,,,,,,
PATH_RISK_V1_2026-08-12|2026-09-15|IXJ,PATH_RISK_V1_2026-08-12,2026-09-15,IXJ,ACWI,2026-10-07,False,False,False,False,,,,,,,,,
PATH_RISK_V1_2026-08-12|2026-09-15|IXN,PATH_RISK_V1_2026-08-12,2026-09-15,IXN,ACWI,2026-10-07,False,False,False,False,,,,,,,,,
PATH_RISK_V1_2026-08-12|2026-09-15|IXP,PATH_RISK_V1_2026-08-12,2026-09-15,IXP,ACWI,2026-10-07,False,False,False,False,,,,,,,,,
PATH_RISK_V1_2026-08-12|2026-09-15|IYT,PATH_RISK_V1_2026-08-12,2026-09-15,IYT,SPY,2026-10-07,False,False,False,False,,,,,,,,,
PATH_RISK_V1_2026-08-12|2026-09-15|IYZ,PATH_RISK_V1_2026-08-12,2026-09-15,IYZ,SPY,2026-10-07,False,False,False,False,,,,,,,,,
PATH_RISK_V1_2026-08-12|2026-09-15|KBE,PATH_RISK_V1_2026-08-12,2026-09-15,KBE,SPY,2026-10-07,False,False,False,False,,,,,,,,,
PATH_RISK_V1_2026-08-12|2026-09-15|KIE,PATH_RISK_V1_2026-08-12,2026-09-15,KIE,SPY,2026-10-07,False,False,False,False,,,,,,,,,
PATH_RISK_V1_2026-08-12|2026-09-15|KRE,PATH_RISK_V1_2026-08-12,2026-09-15,KRE,SPY,2026-10-07,False,False,False,False,,,,,,,,,
PATH_RISK_V1_2026-08-12|2026-09-15|KSA,PATH_RISK_V1_2026-08-12,2026-09-15,KSA,ACWX,2026-10-07,False,False,False,False,,,,,,,,,
PATH_RISK_V1_2026-08-12|2026-09-15|MCHI,PATH_RISK_V1_2026-08-12,2026-09-15,MCHI,ACWX,2026-10-07,False,False,False,False,,,,,,,,,
PATH_RISK_V1_2026-08-12|2026-09-15|MDY,PATH_RISK_V1_2026-08-12,2026-09-15,MDY,ITOT,2026-10-07,False,False,False,False,,,,,,,,,
PATH_RISK_V1_2026-08-12|2026-09-15|MXI,PATH_RISK_V1_2026-08-12,2026-09-15,MXI,ACWI,2026-10-07,False,False,False,False,,,,,,,,,
PATH_RISK_V1_2026-08-12|2026-09-15|OIH,PATH_RISK_V1_2026-08-12,2026-09-15,OIH,SPY,2026-10-07,False,False,False,False,,,,,,,,,
PATH_RISK_V1_2026-08-12|2026-09-15|PAVE,PATH_RISK_V1_2026-08-12,2026-09-15,PAVE,SPY,2026-10-07,False,False,False,False,,,,,,,,,
PATH_RISK_V1_2026-08-12|2026-09-15|QAT,PATH_RISK_V1_2026-08-12,2026-09-15,QAT,ACWX,2026-10-07,False,False,False,False,,,,,,,,,
PATH_RISK_V1_2026-08-12|2026-09-15|QQQ,PATH_RISK_V1_2026-08-12,2026-09-15,QQQ,SPY,2026-10-07,False,False,False,False,,,,,,,,,
PATH_RISK_V1_2026-08-12|2026-09-15|REM,PATH_RISK_V1_2026-08-12,2026-09-15,REM,SPY,2026-10-07,False,False,False,False,,,,,,,,,
PATH_RISK_V1_2026-08-12|2026-09-15|RXI,PATH_RISK_V1_2026-08-12,2026-09-15,RXI,ACWI,2026-10-07,False,False,False,False,,,,,,,,,
PATH_RISK_V1_2026-08-12|2026-09-15|SCZ,PATH_RISK_V1_2026-08-12,2026-09-15,SCZ,ACWX,2026-10-07,False,False,False,False,,,,,,,,,
PATH_RISK_V1_2026-08-12|2026-09-15|SKYY,PATH_RISK_V1_2026-08-12,2026-09-15,SKYY,SPY,2026-10-07,False,False,False,False,,,,,,,,,
PATH_RISK_V1_2026-08-12|2026-09-15|SMH,PATH_RISK_V1_2026-08-12,2026-09-15,SMH,SPY,2026-10-07,False,False,False,False,,,,,,,,,
PATH_RISK_V1_2026-08-12|2026-09-15|THD,PATH_RISK_V1_2026-08-12,2026-09-15,THD,ACWX,2026-10-07,False,False,False,False,,,,,,,,,
PATH_RISK_V1_2026-08-12|2026-09-15|TUR,PATH_RISK_V1_2026-08-12,2026-09-15,TUR,ACWX,2026-10-07,False,False,False,False,,,,,,,,,
PATH_RISK_V1_2026-08-12|2026-09-15|UAE,PATH_RISK_V1_2026-08-12,2026-09-15,UAE,ACWX,2026-10-07,False,False,False,False,,,,,,,,,
PATH_RISK_V1_2026-08-12|2026-09-15|VEA,PATH_RISK_V1_2026-08-12,2026-09-15,VEA,ACWX,2026-10-07,False,False,False,False,,,,,,,,,
PATH_RISK_V1_2026-08-12|2026-09-15|VGK,PATH_RISK_V1_2026-08-12,2026-09-15,VGK,ACWX,2026-10-07,False,False,False,False,,,,,,,,,
PATH_RISK_V1_2026-08-12|2026-09-15|VNM,PATH_RISK_V1_2026-08-12,2026-09-15,VNM,ACWX,2026-10-07,False,False,False,False,,,,,,,,,
PATH_RISK_V1_2026-08-12|2026-09-15|VNQ,PATH_RISK_V1_2026-08-12,2026-09-15,VNQ,SPY,2026-10-07,False,False,False,False,,,,,,,,,
PATH_RISK_V1_2026-08-12|2026-09-15|VPL,PATH_RISK_V1_2026-08-12,2026-09-15,VPL,ACWX,2026-10-07,False,False,False,False,,,,,,,,,
PATH_RISK_V1_2026-08-12|2026-09-15|VWO,PATH_RISK_V1_2026-08-12,2026-09-15,VWO,ACWX,2026-10-07,False,False,False,False,,,,,,,,,
PATH_RISK_V1_2026-08-12|2026-09-15|XBI,PATH_RISK_V1_2026-08-12,2026-09-15,XBI,SPY,2026-10-07,False,False,False,False,,,,,,,,,
PATH_RISK_V1_2026-08-12|2026-09-15|XHB,PATH_RISK_V1_2026-08-12,2026-09-15,XHB,SPY,2026-10-07,False,False,False,False,,,,,,,,,
PATH_RISK_V1_2026-08-12|2026-09-15|XLB,PATH_RISK_V1_2026-08-12,2026-09-15,XLB,SPY,2026-10-07,False,False,False,False,,,,,,,,,
PATH_RISK_V1_2026-08-12|2026-09-15|XLC,PATH_RISK_V1_2026-08-12,2026-09-15,XLC,SPY,2026-10-07,False,False,False,False,,,,,,,,,
PATH_RISK_V1_2026-08-12|2026-09-15|XLE,PATH_RISK_V1_2026-08-12,2026-09-15,XLE,SPY,2026-10-07,False,False,False,False,,,,,,,,,
PATH_RISK_V1_2026-08-12|2026-09-15|XLF,PATH_RISK_V1_2026-08-12,2026-09-15,XLF,SPY,2026-10-07,False,False,False,False,,,,,,,,,
PATH_RISK_V1_2026-08-12|2026-09-15|XLI,PATH_RISK_V1_2026-08-12,2026-09-15,XLI,SPY,2026-10-07,False,False,False,False,,,,,,,,,
PATH_RISK_V1_2026-08-12|2026-09-15|XLK,PATH_RISK_V1_2026-08-12,2026-09-15,XLK,SPY,2026-10-07,False,False,False,False,,,,,,,,,
PATH_RISK_V1_2026-08-12|2026-09-15|XLP,PATH_RISK_V1_2026-08-12,2026-09-15,XLP,SPY,2026-10-07,False,False,False,False,,,,,,,,,
PATH_RISK_V1_2026-08-12|2026-09-15|XLRE,PATH_RISK_V1_2026-08-12,2026-09-15,XLRE,SPY,2026-10-07,False,False,False,False,,,,,,,,,
PATH_RISK_V1_2026-08-12|2026-09-15|XLU,PATH_RISK_V1_2026-08-12,2026-09-15,XLU,SPY,2026-10-07,False,False,False,False,,,,,,,,,
PATH_RISK_V1_2026-08-12|2026-09-15|XLV,PATH_RISK_V1_2026-08-12,2026-09-15,XLV,SPY,2026-10-07,False,False,False,False,,,,,,,,,
PATH_RISK_V1_2026-08-12|2026-09-15|XLY,PATH_RISK_V1_2026-08-12,2026-09-15,XLY,SPY,2026-10-07,False,False,False,False,,,,,,,,,
PATH_RISK_V1_2026-08-12|2026-09-15|XME,PATH_RISK_V1_2026-08-12,2026-09-15,XME,SPY,2026-10-07,False,False,False,False,,,,,,,,,
PATH_RISK_V1_2026-08-12|2026-09-15|XOP,PATH_RISK_V1_2026-08-12,2026-09-15,XOP,SPY,2026-10-07,False,False,False,False,,,,,,,,,
PATH_RISK_V1_2026-08-12|2026-09-15|XRT,PATH_RISK_V1_2026-08-12,2026-09-15,XRT,SPY,2026-10-07,False,False,False,False,,,,,,,,,
PATH_RISK_V1_2026-08-12|2026-09-16|AAXJ,PATH_RISK_V1_2026-08-12,2026-09-16,AAXJ,ACWX,2026-10-07,False,False,False,False,,,,,,,,,
PATH_RISK_V1_2026-08-12|2026-09-16|AFK,PATH_RISK_V1_2026-08-12,2026-09-16,AFK,ACWX,2026-10-07,False,False,False,False,,,,,,,,,
PATH_RISK_V1_2026-08-12|2026-09-16|ARGT,PATH_RISK_V1_2026-08-12,2026-09-16,ARGT,ACWX,2026-10-07,False,False,False,False,,,,,,,,,
PATH_RISK_V1_2026-08-12|2026-09-16|CIBR,PATH_RISK_V1_2026-08-12,2026-09-16,CIBR,SPY,2026-10-07,False,False,False,False,,,,,,,,,
PATH_RISK_V1_2026-08-12|2026-09-16|ECH,PATH_RISK_V1_2026-08-12,2026-09-16,ECH,ACWX,2026-10-07,False,False,False,False,,,,,,,,,
PATH_RISK_V1_2026-08-12|2026-09-16|EDEN,PATH_RISK_V1_2026-08-12,2026-09-16,EDEN,ACWX,2026-10-07,False,False,False,False,,,,,,,,,
PATH_RISK_V1_2026-08-12|2026-09-16|EEM,PATH_RISK_V1_2026-08-12,2026-09-16,EEM,ACWX,2026-10-07,False,False,False,False,,,,,,,,,
PATH_RISK_V1_2026-08-12|2026-09-16|EFA,PATH_RISK_V1_2026-08-12,2026-09-16,EFA,ACWX,2026-10-07,False,False,False,False,,,,,,,,,
PATH_RISK_V1_2026-08-12|2026-09-16|EIDO,PATH_RISK_V1_2026-08-12,2026-09-16,EIDO,ACWX,2026-10-07,False,False,False,False,,,,,,,,,
PATH_RISK_V1_2026-08-12|2026-09-16|EIS,PATH_RISK_V1_2026-08-12,2026-09-16,EIS,ACWX,2026-10-07,False,False,False,False,,,,,,,,,
PATH_RISK_V1_2026-08-12|2026-09-16|EMXC,PATH_RISK_V1_2026-08-12,2026-09-16,EMXC,ACWX,2026-10-07,False,False,False,False,,,,,,,,,
PATH_RISK_V1_2026-08-12|2026-09-16|ENOR,PATH_RISK_V1_2026-08-12,2026-09-16,ENOR,ACWX,2026-10-07,False,False,False,False,,,,,,,,,
PATH_RISK_V1_2026-08-12|2026-09-16|ENZL,PATH_RISK_V1_2026-08-12,2026-09-16,ENZL,ACWX,2026-10-07,False,False,False,False,,,,,,,,,
PATH_RISK_V1_2026-08-12|2026-09-16|EPOL,PATH_RISK_V1_2026-08-12,2026-09-16,EPOL,ACWX,2026-10-07,False,False,False,False,,,,,,,,,
PATH_RISK_V1_2026-08-12|2026-09-16|EPP,PATH_RISK_V1_2026-08-12,2026-09-16,EPP,ACWX,2026-10-07,False,False,False,False,,,,,,,,,
PATH_RISK_V1_2026-08-12|2026-09-16|EWA,PATH_RISK_V1_2026-08-12,2026-09-16,EWA,ACWX,2026-10-07,False,False,False,False,,,,,,,,,
PATH_RISK_V1_2026-08-12|2026-09-16|EWC,PATH_RISK_V1_2026-08-12,2026-09-16,EWC,ACWX,2026-10-07,False,False,False,False,,,,,,,,,
PATH_RISK_V1_2026-08-12|2026-09-16|EWD,PATH_RISK_V1_2026-08-12,2026-09-16,EWD,ACWX,2026-10-07,False,False,False,False,,,,,,,,,
PATH_RISK_V1_2026-08-12|2026-09-16|EWG,PATH_RISK_V1_2026-08-12,2026-09-16,EWG,ACWX,2026-10-07,False,False,False,False,,,,,,,,,
PATH_RISK_V1_2026-08-12|2026-09-16|EWI,PATH_RISK_V1_2026-08-12,2026-09-16,EWI,ACWX,2026-10-07,False,False,False,False,,,,,,,,,
PATH_RISK_V1_2026-08-12|2026-09-16|EWJ,PATH_RISK_V1_2026-08-12,2026-09-16,EWJ,ACWX,2026-10-07,False,False,False,False,,,,,,,,,
PATH_RISK_V1_2026-08-12|2026-09-16|EWL,PATH_RISK_V1_2026-08-12,2026-09-16,EWL,ACWX,2026-10-07,False,False,False,False,,,,,,,,,
PATH_RISK_V1_2026-08-12|2026-09-16|EWM,PATH_RISK_V1_2026-08-12,2026-09-16,EWM,ACWX,2026-10-07,False,False,False,False,,,,,,,,,
PATH_RISK_V1_2026-08-12|2026-09-16|EWN,PATH_RISK_V1_2026-08-12,2026-09-16,EWN,ACWX,2026-10-07,False,False,False,False,,,,,,,,,
PATH_RISK_V1_2026-08-12|2026-09-16|EWO,PATH_RISK_V1_2026-08-12,2026-09-16,EWO,ACWX,2026-10-07,False,False,False,False,,,,,,,,,
PATH_RISK_V1_2026-08-12|2026-09-16|EWP,PATH_RISK_V1_2026-08-12,2026-09-16,EWP,ACWX,2026-10-07,False,False,False,False,,,,,,,,,
PATH_RISK_V1_2026-08-12|2026-09-16|EWQ,PATH_RISK_V1_2026-08-12,2026-09-16,EWQ,ACWX,2026-10-07,False,False,False,False,,,,,,,,,
PATH_RISK_V1_2026-08-12|2026-09-16|EWS,PATH_RISK_V1_2026-08-12,2026-09-16,EWS,ACWX,2026-10-07,False,False,False,False,,,,,,,,,
PATH_RISK_V1_2026-08-12|2026-09-16|EWT,PATH_RISK_V1_2026-08-12,2026-09-16,EWT,ACWX,2026-10-07,False,False,False,False,,,,,,,,,
PATH_RISK_V1_2026-08-12|2026-09-16|EWU,PATH_RISK_V1_2026-08-12,2026-09-16,EWU,ACWX,2026-10-07,False,False,False,False,,,,,,,,,
PATH_RISK_V1_2026-08-12|2026-09-16|EWW,PATH_RISK_V1_2026-08-12,2026-09-16,EWW,ACWX,2026-10-07,False,False,False,False,,,,,,,,,
PATH_RISK_V1_2026-08-12|2026-09-16|EWY,PATH_RISK_V1_2026-08-12,2026-09-16,EWY,ACWX,2026-10-07,False,False,False,False,,,,,,,,,
PATH_RISK_V1_2026-08-12|2026-09-16|EWZ,PATH_RISK_V1_2026-08-12,2026-09-16,EWZ,ACWX,2026-10-07,False,False,False,False,,,,,,,,,
PATH_RISK_V1_2026-08-12|2026-09-16|EXI,PATH_RISK_V1_2026-08-12,2026-09-16,EXI,ACWI,2026-10-07,False,False,False,False,,,,,,,,,
PATH_RISK_V1_2026-08-12|2026-09-16|EZA,PATH_RISK_V1_2026-08-12,2026-09-16,EZA,ACWX,2026-10-07,False,False,False,False,,,,,,,,,
PATH_RISK_V1_2026-08-12|2026-09-16|FDN,PATH_RISK_V1_2026-08-12,2026-09-16,FDN,SPY,2026-10-07,False,False,False,False,,,,,,,,,
PATH_RISK_V1_2026-08-12|2026-09-16|FEZ,PATH_RISK_V1_2026-08-12,2026-09-16,FEZ,ACWX,2026-10-07,False,False,False,False,,,,,,,,,
PATH_RISK_V1_2026-08-12|2026-09-16|IGV,PATH_RISK_V1_2026-08-12,2026-09-16,IGV,SPY,2026-10-07,False,False,False,False,,,,,,,,,
PATH_RISK_V1_2026-08-12|2026-09-16|IHF,PATH_RISK_V1_2026-08-12,2026-09-16,IHF,SPY,2026-10-07,False,False,False,False,,,,,,,,,
PATH_RISK_V1_2026-08-12|2026-09-16|IHI,PATH_RISK_V1_2026-08-12,2026-09-16,IHI,SPY,2026-10-07,False,False,False,False,,,,,,,,,
PATH_RISK_V1_2026-08-12|2026-09-16|ILF,PATH_RISK_V1_2026-08-12,2026-09-16,ILF,ACWX,2026-10-07,False,False,False,False,,,,,,,,,
PATH_RISK_V1_2026-08-12|2026-09-16|INDA,PATH_RISK_V1_2026-08-12,2026-09-16,INDA,ACWX,2026-10-07,False,False,False,False,,,,,,,,,
PATH_RISK_V1_2026-08-12|2026-09-16|ITA,PATH_RISK_V1_2026-08-12,2026-09-16,ITA,SPY,2026-10-07,False,False,False,False,,,,,,,,,
PATH_RISK_V1_2026-08-12|2026-09-16|IWM,PATH_RISK_V1_2026-08-12,2026-09-16,IWM,ITOT,2026-10-07,False,False,False,False,,,,,,,,,
PATH_RISK_V1_2026-08-12|2026-09-16|IXC,PATH_RISK_V1_2026-08-12,2026-09-16,IXC,ACWI,2026-10-07,False,False,False,False,,,,,,,,,
PATH_RISK_V1_2026-08-12|2026-09-16|IXG,PATH_RISK_V1_2026-08-12,2026-09-16,IXG,ACWI,2026-10-07,False,False,False,False,,,,,,,,,
PATH_RISK_V1_2026-08-12|2026-09-16|IXJ,PATH_RISK_V1_2026-08-12,2026-09-16,IXJ,ACWI,2026-10-07,False,False,False,False,,,,,,,,,
PATH_RISK_V1_2026-08-12|2026-09-16|IXN,PATH_RISK_V1_2026-08-12,2026-09-16,IXN,ACWI,2026-10-07,False,False,False,False,,,,,,,,,
PATH_RISK_V1_2026-08-12|2026-09-16|IXP,PATH_RISK_V1_2026-08-12,2026-09-16,IXP,ACWI,2026-10-07,False,False,False,False,,,,,,,,,
PATH_RISK_V1_2026-08-12|2026-09-16|IYT,PATH_RISK_V1_2026-08-12,2026-09-16,IYT,SPY,2026-10-07,False,False,False,False,,,,,,,,,
PATH_RISK_V1_2026-08-12|2026-09-16|IYZ,PATH_RISK_V1_2026-08-12,2026-09-16,IYZ,SPY,2026-10-07,False,False,False,False,,,,,,,,,
PATH_RISK_V1_2026-08-12|2026-09-16|JXI,PATH_RISK_V1_2026-08-12,2026-09-16,JXI,ACWI,2026-10-07,False,False,False,False,,,,,,,,,
PATH_RISK_V1_2026-08-12|2026-09-16|KBE,PATH_RISK_V1_2026-08-12,2026-09-16,KBE,SPY,2026-10-07,False,False,False,False,,,,,,,,,
PATH_RISK_V1_2026-08-12|2026-09-16|KIE,PATH_RISK_V1_2026-08-12,2026-09-16,KIE,SPY,2026-10-07,False,False,False,False,,,,,,,,,
PATH_RISK_V1_2026-08-12|2026-09-16|KRE,PATH_RISK_V1_2026-08-12,2026-09-16,KRE,SPY,2026-10-07,False,False,False,False,,,,,,,,,
PATH_RISK_V1_2026-08-12|2026-09-16|KXI,PATH_RISK_V1_2026-08-12,2026-09-16,KXI,ACWI,2026-10-07,False,False,False,False,,,,,,,,,
PATH_RISK_V1_2026-08-12|2026-09-16|MCHI,PATH_RISK_V1_2026-08-12,2026-09-16,MCHI,ACWX,2026-10-07,False,False,False,False,,,,,,,,,
PATH_RISK_V1_2026-08-12|2026-09-16|MDY,PATH_RISK_V1_2026-08-12,2026-09-16,MDY,ITOT,2026-10-07,False,False,False,False,,,,,,,,,
PATH_RISK_V1_2026-08-12|2026-09-16|OIH,PATH_RISK_V1_2026-08-12,2026-09-16,OIH,SPY,2026-10-07,False,False,False,False,,,,,,,,,
PATH_RISK_V1_2026-08-12|2026-09-16|PAVE,PATH_RISK_V1_2026-08-12,2026-09-16,PAVE,SPY,2026-10-07,False,False,False,False,,,,,,,,,
PATH_RISK_V1_2026-08-12|2026-09-16|PBJ,PATH_RISK_V1_2026-08-12,2026-09-16,PBJ,SPY,2026-10-07,False,False,False,False,,,,,,,,,
PATH_RISK_V1_2026-08-12|2026-09-16|PEJ,PATH_RISK_V1_2026-08-12,2026-09-16,PEJ,SPY,2026-10-07,False,False,False,False,,,,,,,,,
PATH_RISK_V1_2026-08-12|2026-09-16|QAT,PATH_RISK_V1_2026-08-12,2026-09-16,QAT,ACWX,2026-10-07,False,False,False,False,,,,,,,,,
PATH_RISK_V1_2026-08-12|2026-09-16|QQQ,PATH_RISK_V1_2026-08-12,2026-09-16,QQQ,SPY,2026-10-07,False,False,False,False,,,,,,,,,
PATH_RISK_V1_2026-08-12|2026-09-16|REM,PATH_RISK_V1_2026-08-12,2026-09-16,REM,SPY,2026-10-07,False,False,False,False,,,,,,,,,
PATH_RISK_V1_2026-08-12|2026-09-16|REZ,PATH_RISK_V1_2026-08-12,2026-09-16,REZ,SPY,2026-10-07,False,False,False,False,,,,,,,,,
PATH_RISK_V1_2026-08-12|2026-09-16|SCZ,PATH_RISK_V1_2026-08-12,2026-09-16,SCZ,ACWX,2026-10-07,False,False,False,False,,,,,,,,,
PATH_RISK_V1_2026-08-12|2026-09-16|SKYY,PATH_RISK_V1_2026-08-12,2026-09-16,SKYY,SPY,2026-10-07,False,False,False,False,,,,,,,,,
PATH_RISK_V1_2026-08-12|2026-09-16|SMH,PATH_RISK_V1_2026-08-12,2026-09-16,SMH,SPY,2026-10-07,False,False,False,False,,,,,,,,,
PATH_RISK_V1_2026-08-12|2026-09-16|THD,PATH_RISK_V1_2026-08-12,2026-09-16,THD,ACWX,2026-10-07,False,False,False,False,,,,,,,,,
PATH_RISK_V1_2026-08-12|2026-09-16|TUR,PATH_RISK_V1_2026-08-12,2026-09-16,TUR,ACWX,2026-10-07,False,False,False,False,,,,,,,,,
PATH_RISK_V1_2026-08-12|2026-09-16|UAE,PATH_RISK_V1_2026-08-12,2026-09-16,UAE,ACWX,2026-10-07,False,False,False,False,,,,,,,,,
PATH_RISK_V1_2026-08-12|2026-09-16|VEA,PATH_RISK_V1_2026-08-12,2026-09-16,VEA,ACWX,2026-10-07,False,False,False,False,,,,,,,,,
PATH_RISK_V1_2026-08-12|2026-09-16|VGK,PATH_RISK_V1_2026-08-12,2026-09-16,VGK,ACWX,2026-10-07,False,False,False,False,,,,,,,,,
PATH_RISK_V1_2026-08-12|2026-09-16|VNM,PATH_RISK_V1_2026-08-12,2026-09-16,VNM,ACWX,2026-10-07,False,False,False,False,,,,,,,,,
PATH_RISK_V1_2026-08-12|2026-09-16|VNQ,PATH_RISK_V1_2026-08-12,2026-09-16,VNQ,SPY,2026-10-07,False,False,False,False,,,,,,,,,
PATH_RISK_V1_2026-08-12|2026-09-16|VPL,PATH_RISK_V1_2026-08-12,2026-09-16,VPL,ACWX,2026-10-07,False,False,False,False,,,,,,,,,
PATH_RISK_V1_2026-08-12|2026-09-16|VSS,PATH_RISK_V1_2026-08-12,2026-09-16,VSS,ACWX,2026-10-07,False,False,False,False,,,,,,,,,
PATH_RISK_V1_2026-08-12|2026-09-16|VWO,PATH_RISK_V1_2026-08-12,2026-09-16,VWO,ACWX,2026-10-07,False,False,False,False,,,,,,,,,
PATH_RISK_V1_2026-08-12|2026-09-16|XBI,PATH_RISK_V1_2026-08-12,2026-09-16,XBI,SPY,2026-10-07,False,False,False,False,,,,,,,,,
PATH_RISK_V1_2026-08-12|2026-09-16|XHB,PATH_RISK_V1_2026-08-12,2026-09-16,XHB,SPY,2026-10-07,False,False,False,False,,,,,,,,,
PATH_RISK_V1_2026-08-12|2026-09-16|XLB,PATH_RISK_V1_2026-08-12,2026-09-16,XLB,SPY,2026-10-07,False,False,False,False,,,,,,,,,
PATH_RISK_V1_2026-08-12|2026-09-16|XLC,PATH_RISK_V1_2026-08-12,2026-09-16,XLC,SPY,2026-10-07,False,False,False,False,,,,,,,,,
PATH_RISK_V1_2026-08-12|2026-09-16|XLF,PATH_RISK_V1_2026-08-12,2026-09-16,XLF,SPY,2026-10-07,False,False,False,False,,,,,,,,,
PATH_RISK_V1_2026-08-12|2026-09-16|XLI,PATH_RISK_V1_2026-08-12,2026-09-16,XLI,SPY,2026-10-07,False,False,False,False,,,,,,,,,
PATH_RISK_V1_2026-08-12|2026-09-16|XLK,PATH_RISK_V1_2026-08-12,2026-09-16,XLK,SPY,2026-10-07,False,False,False,False,,,,,,,,,
PATH_RISK_V1_2026-08-12|2026-09-16|XLP,PATH_RISK_V1_2026-08-12,2026-09-16,XLP,SPY,2026-10-07,False,False,False,False,,,,,,,,,
PATH_RISK_V1_2026-08-12|2026-09-16|XLRE,PATH_RISK_V1_2026-08-12,2026-09-16,XLRE,SPY,2026-10-07,False,False,False,False,,,,,,,,,
PATH_RISK_V1_2026-08-12|2026-09-16|XLU,PATH_RISK_V1_2026-08-12,2026-09-16,XLU,SPY,2026-10-07,False,False,False,False,,,,,,,,,
PATH_RISK_V1_2026-08-12|2026-09-16|XLV,PATH_RISK_V1_2026-08-12,2026-09-16,XLV,SPY,2026-10-07,False,False,False,False,,,,,,,,,
PATH_RISK_V1_2026-08-12|2026-09-16|XLY,PATH_RISK_V1_2026-08-12,2026-09-16,XLY,SPY,2026-10-07,False,False,False,False,,,,,,,,,
PATH_RISK_V1_2026-08-12|2026-09-16|XME,PATH_RISK_V1_2026-08-12,2026-09-16,XME,SPY,2026-10-07,False,False,False,False,,,,,,,,,
PATH_RISK_V1_2026-08-12|2026-09-16|XOP,PATH_RISK_V1_2026-08-12,2026-09-16,XOP,SPY,2026-10-07,False,False,False,False,,,,,,,,,
PATH_RISK_V1_2026-08-12|2026-09-16|XPH,PATH_RISK_V1_2026-08-12,2026-09-16,XPH,SPY,2026-10-07,False,False,False,False,,,,,,,,,
PATH_RISK_V1_2026-08-12|2026-09-16|XRT,PATH_RISK_V1_2026-08-12,2026-09-16,XRT,SPY,2026-10-07,False,False,False,False,,,,,,,,,
PATH_RISK_V1_2026-08-12|2026-09-17|AAXJ,PATH_RISK_V1_2026-08-12,2026-09-17,AAXJ,ACWX,2026-10-07,False,False,False,False,,,,,,,,,
PATH_RISK_V1_2026-08-12|2026-09-17|AFK,PATH_RISK_V1_2026-08-12,2026-09-17,AFK,ACWX,2026-10-07,False,False,False,False,,,,,,,,,
PATH_RISK_V1_2026-08-12|2026-09-17|ARGT,PATH_RISK_V1_2026-08-12,2026-09-17,ARGT,ACWX,2026-10-07,False,False,False,False,,,,,,,,,
PATH_RISK_V1_2026-08-12|2026-09-17|ASEA,PATH_RISK_V1_2026-08-12,2026-09-17,ASEA,ACWX,2026-10-07,False,False,False,False,,,,,,,,,
PATH_RISK_V1_2026-08-12|2026-09-17|CIBR,PATH_RISK_V1_2026-08-12,2026-09-17,CIBR,SPY,2026-10-07,False,False,False,False,,,,,,,,,
PATH_RISK_V1_2026-08-12|2026-09-17|ECH,PATH_RISK_V1_2026-08-12,2026-09-17,ECH,ACWX,2026-10-07,False,False,False,False,,,,,,,,,
PATH_RISK_V1_2026-08-12|2026-09-17|EDEN,PATH_RISK_V1_2026-08-12,2026-09-17,EDEN,ACWX,2026-10-07,False,False,False,False,,,,,,,,,
PATH_RISK_V1_2026-08-12|2026-09-17|EEM,PATH_RISK_V1_2026-08-12,2026-09-17,EEM,ACWX,2026-10-07,False,False,False,False,,,,,,,,,
PATH_RISK_V1_2026-08-12|2026-09-17|EFA,PATH_RISK_V1_2026-08-12,2026-09-17,EFA,ACWX,2026-10-07,False,False,False,False,,,,,,,,,
PATH_RISK_V1_2026-08-12|2026-09-17|EFNL,PATH_RISK_V1_2026-08-12,2026-09-17,EFNL,ACWX,2026-10-07,False,False,False,False,,,,,,,,,
PATH_RISK_V1_2026-08-12|2026-09-17|EIDO,PATH_RISK_V1_2026-08-12,2026-09-17,EIDO,ACWX,2026-10-07,False,False,False,False,,,,,,,,,
PATH_RISK_V1_2026-08-12|2026-09-17|EIRL,PATH_RISK_V1_2026-08-12,2026-09-17,EIRL,ACWX,2026-10-07,False,False,False,False,,,,,,,,,
PATH_RISK_V1_2026-08-12|2026-09-17|EIS,PATH_RISK_V1_2026-08-12,2026-09-17,EIS,ACWX,2026-10-07,False,False,False,False,,,,,,,,,
PATH_RISK_V1_2026-08-12|2026-09-17|EMXC,PATH_RISK_V1_2026-08-12,2026-09-17,EMXC,ACWX,2026-10-07,False,False,False,False,,,,,,,,,
PATH_RISK_V1_2026-08-12|2026-09-17|ENOR,PATH_RISK_V1_2026-08-12,2026-09-17,ENOR,ACWX,2026-10-07,False,False,False,False,,,,,,,,,
PATH_RISK_V1_2026-08-12|2026-09-17|ENZL,PATH_RISK_V1_2026-08-12,2026-09-17,ENZL,ACWX,2026-10-07,False,False,False,False,,,,,,,,,
PATH_RISK_V1_2026-08-12|2026-09-17|EPOL,PATH_RISK_V1_2026-08-12,2026-09-17,EPOL,ACWX,2026-10-07,False,False,False,False,,,,,,,,,
PATH_RISK_V1_2026-08-12|2026-09-17|EPP,PATH_RISK_V1_2026-08-12,2026-09-17,EPP,ACWX,2026-10-07,False,False,False,False,,,,,,,,,
PATH_RISK_V1_2026-08-12|2026-09-17|EWA,PATH_RISK_V1_2026-08-12,2026-09-17,EWA,ACWX,2026-10-07,False,False,False,False,,,,,,,,,
PATH_RISK_V1_2026-08-12|2026-09-17|EWC,PATH_RISK_V1_2026-08-12,2026-09-17,EWC,ACWX,2026-10-07,False,False,False,False,,,,,,,,,
PATH_RISK_V1_2026-08-12|2026-09-17|EWD,PATH_RISK_V1_2026-08-12,2026-09-17,EWD,ACWX,2026-10-07,False,False,False,False,,,,,,,,,
PATH_RISK_V1_2026-08-12|2026-09-17|EWG,PATH_RISK_V1_2026-08-12,2026-09-17,EWG,ACWX,2026-10-07,False,False,False,False,,,,,,,,,
PATH_RISK_V1_2026-08-12|2026-09-17|EWH,PATH_RISK_V1_2026-08-12,2026-09-17,EWH,ACWX,2026-10-07,False,False,False,False,,,,,,,,,
PATH_RISK_V1_2026-08-12|2026-09-17|EWI,PATH_RISK_V1_2026-08-12,2026-09-17,EWI,ACWX,2026-10-07,False,False,False,False,,,,,,,,,
PATH_RISK_V1_2026-08-12|2026-09-17|EWJ,PATH_RISK_V1_2026-08-12,2026-09-17,EWJ,ACWX,2026-10-07,False,False,False,False,,,,,,,,,
PATH_RISK_V1_2026-08-12|2026-09-17|EWL,PATH_RISK_V1_2026-08-12,2026-09-17,EWL,ACWX,2026-10-07,False,False,False,False,,,,,,,,,
PATH_RISK_V1_2026-08-12|2026-09-17|EWM,PATH_RISK_V1_2026-08-12,2026-09-17,EWM,ACWX,2026-10-07,False,False,False,False,,,,,,,,,
PATH_RISK_V1_2026-08-12|2026-09-17|EWO,PATH_RISK_V1_2026-08-12,2026-09-17,EWO,ACWX,2026-10-07,False,False,False,False,,,,,,,,,
PATH_RISK_V1_2026-08-12|2026-09-17|EWP,PATH_RISK_V1_2026-08-12,2026-09-17,EWP,ACWX,2026-10-07,False,False,False,False,,,,,,,,,
PATH_RISK_V1_2026-08-12|2026-09-17|EWQ,PATH_RISK_V1_2026-08-12,2026-09-17,EWQ,ACWX,2026-10-07,False,False,False,False,,,,,,,,,
PATH_RISK_V1_2026-08-12|2026-09-17|EWT,PATH_RISK_V1_2026-08-12,2026-09-17,EWT,ACWX,2026-10-07,False,False,False,False,,,,,,,,,
PATH_RISK_V1_2026-08-12|2026-09-17|EWU,PATH_RISK_V1_2026-08-12,2026-09-17,EWU,ACWX,2026-10-07,False,False,False,False,,,,,,,,,
PATH_RISK_V1_2026-08-12|2026-09-17|EWW,PATH_RISK_V1_2026-08-12,2026-09-17,EWW,ACWX,2026-10-07,False,False,False,False,,,,,,,,,
PATH_RISK_V1_2026-08-12|2026-09-17|EWY,PATH_RISK_V1_2026-08-12,2026-09-17,EWY,ACWX,2026-10-07,False,False,False,False,,,,,,,,,
PATH_RISK_V1_2026-08-12|2026-09-17|EWZ,PATH_RISK_V1_2026-08-12,2026-09-17,EWZ,ACWX,2026-10-07,False,False,False,False,,,,,,,,,
PATH_RISK_V1_2026-08-12|2026-09-17|EXI,PATH_RISK_V1_2026-08-12,2026-09-17,EXI,ACWI,2026-10-07,False,False,False,False,,,,,,,,,
PATH_RISK_V1_2026-08-12|2026-09-17|EZA,PATH_RISK_V1_2026-08-12,2026-09-17,EZA,ACWX,2026-10-07,False,False,False,False,,,,,,,,,
PATH_RISK_V1_2026-08-12|2026-09-17|FDN,PATH_RISK_V1_2026-08-12,2026-09-17,FDN,SPY,2026-10-07,False,False,False,False,,,,,,,,,
PATH_RISK_V1_2026-08-12|2026-09-17|FEZ,PATH_RISK_V1_2026-08-12,2026-09-17,FEZ,ACWX,2026-10-07,False,False,False,False,,,,,,,,,
PATH_RISK_V1_2026-08-12|2026-09-17|GREK,PATH_RISK_V1_2026-08-12,2026-09-17,GREK,ACWX,2026-10-07,False,False,False,False,,,,,,,,,
PATH_RISK_V1_2026-08-12|2026-09-17|IGV,PATH_RISK_V1_2026-08-12,2026-09-17,IGV,SPY,2026-10-07,False,False,False,False,,,,,,,,,
PATH_RISK_V1_2026-08-12|2026-09-17|IHF,PATH_RISK_V1_2026-08-12,2026-09-17,IHF,SPY,2026-10-07,False,False,False,False,,,,,,,,,
PATH_RISK_V1_2026-08-12|2026-09-17|IHI,PATH_RISK_V1_2026-08-12,2026-09-17,IHI,SPY,2026-10-07,False,False,False,False,,,,,,,,,
PATH_RISK_V1_2026-08-12|2026-09-17|ILF,PATH_RISK_V1_2026-08-12,2026-09-17,ILF,ACWX,2026-10-07,False,False,False,False,,,,,,,,,
PATH_RISK_V1_2026-08-12|2026-09-17|INDA,PATH_RISK_V1_2026-08-12,2026-09-17,INDA,ACWX,2026-10-07,False,False,False,False,,,,,,,,,
PATH_RISK_V1_2026-08-12|2026-09-17|ITA,PATH_RISK_V1_2026-08-12,2026-09-17,ITA,SPY,2026-10-07,False,False,False,False,,,,,,,,,
PATH_RISK_V1_2026-08-12|2026-09-17|IWM,PATH_RISK_V1_2026-08-12,2026-09-17,IWM,ITOT,2026-10-07,False,False,False,False,,,,,,,,,
PATH_RISK_V1_2026-08-12|2026-09-17|IXC,PATH_RISK_V1_2026-08-12,2026-09-17,IXC,ACWI,2026-10-07,False,False,False,False,,,,,,,,,
PATH_RISK_V1_2026-08-12|2026-09-17|IXG,PATH_RISK_V1_2026-08-12,2026-09-17,IXG,ACWI,2026-10-07,False,False,False,False,,,,,,,,,
PATH_RISK_V1_2026-08-12|2026-09-17|IXJ,PATH_RISK_V1_2026-08-12,2026-09-17,IXJ,ACWI,2026-10-07,False,False,False,False,,,,,,,,,
PATH_RISK_V1_2026-08-12|2026-09-17|IXN,PATH_RISK_V1_2026-08-12,2026-09-17,IXN,ACWI,2026-10-07,False,False,False,False,,,,,,,,,
PATH_RISK_V1_2026-08-12|2026-09-17|IXP,PATH_RISK_V1_2026-08-12,2026-09-17,IXP,ACWI,2026-10-07,False,False,False,False,,,,,,,,,
PATH_RISK_V1_2026-08-12|2026-09-17|IYG,PATH_RISK_V1_2026-08-12,2026-09-17,IYG,SPY,2026-10-07,False,False,False,False,,,,,,,,,
PATH_RISK_V1_2026-08-12|2026-09-17|IYT,PATH_RISK_V1_2026-08-12,2026-09-17,IYT,SPY,2026-10-07,False,False,False,False,,,,,,,,,
PATH_RISK_V1_2026-08-12|2026-09-17|IYZ,PATH_RISK_V1_2026-08-12,2026-09-17,IYZ,SPY,2026-10-07,False,False,False,False,,,,,,,,,
PATH_RISK_V1_2026-08-12|2026-09-17|JXI,PATH_RISK_V1_2026-08-12,2026-09-17,JXI,ACWI,2026-10-07,False,False,False,False,,,,,,,,,
PATH_RISK_V1_2026-08-12|2026-09-17|KBE,PATH_RISK_V1_2026-08-12,2026-09-17,KBE,SPY,2026-10-07,False,False,False,False,,,,,,,,,
PATH_RISK_V1_2026-08-12|2026-09-17|KRE,PATH_RISK_V1_2026-08-12,2026-09-17,KRE,SPY,2026-10-07,False,False,False,False,,,,,,,,,
PATH_RISK_V1_2026-08-12|2026-09-17|KSA,PATH_RISK_V1_2026-08-12,2026-09-17,KSA,ACWX,2026-10-07,False,False,False,False,,,,,,,,,
PATH_RISK_V1_2026-08-12|2026-09-17|MCHI,PATH_RISK_V1_2026-08-12,2026-09-17,MCHI,ACWX,2026-10-07,False,False,False,False,,,,,,,,,
PATH_RISK_V1_2026-08-12|2026-09-17|MDY,PATH_RISK_V1_2026-08-12,2026-09-17,MDY,ITOT,2026-10-07,False,False,False,False,,,,,,,,,
PATH_RISK_V1_2026-08-12|2026-09-17|OIH,PATH_RISK_V1_2026-08-12,2026-09-17,OIH,SPY,2026-10-07,False,False,False,False,,,,,,,,,
PATH_RISK_V1_2026-08-12|2026-09-17|PAVE,PATH_RISK_V1_2026-08-12,2026-09-17,PAVE,SPY,2026-10-07,False,False,False,False,,,,,,,,,
PATH_RISK_V1_2026-08-12|2026-09-17|PBJ,PATH_RISK_V1_2026-08-12,2026-09-17,PBJ,SPY,2026-10-07,False,False,False,False,,,,,,,,,
PATH_RISK_V1_2026-08-12|2026-09-17|QAT,PATH_RISK_V1_2026-08-12,2026-09-17,QAT,ACWX,2026-10-07,False,False,False,False,,,,,,,,,
PATH_RISK_V1_2026-08-12|2026-09-17|QQQ,PATH_RISK_V1_2026-08-12,2026-09-17,QQQ,SPY,2026-10-07,False,False,False,False,,,,,,,,,
PATH_RISK_V1_2026-08-12|2026-09-17|REM,PATH_RISK_V1_2026-08-12,2026-09-17,REM,SPY,2026-10-07,False,False,False,False,,,,,,,,,
PATH_RISK_V1_2026-08-12|2026-09-17|RXI,PATH_RISK_V1_2026-08-12,2026-09-17,RXI,ACWI,2026-10-07,False,False,False,False,,,,,,,,,
PATH_RISK_V1_2026-08-12|2026-09-17|SCZ,PATH_RISK_V1_2026-08-12,2026-09-17,SCZ,ACWX,2026-10-07,False,False,False,False,,,,,,,,,
PATH_RISK_V1_2026-08-12|2026-09-17|SKYY,PATH_RISK_V1_2026-08-12,2026-09-17,SKYY,SPY,2026-10-07,False,False,False,False,,,,,,,,,
PATH_RISK_V1_2026-08-12|2026-09-17|SMH,PATH_RISK_V1_2026-08-12,2026-09-17,SMH,SPY,2026-10-07,False,False,False,False,,,,,,,,,
PATH_RISK_V1_2026-08-12|2026-09-17|THD,PATH_RISK_V1_2026-08-12,2026-09-17,THD,ACWX,2026-10-07,False,False,False,False,,,,,,,,,
PATH_RISK_V1_2026-08-12|2026-09-17|TUR,PATH_RISK_V1_2026-08-12,2026-09-17,TUR,ACWX,2026-10-07,False,False,False,False,,,,,,,,,
PATH_RISK_V1_2026-08-12|2026-09-17|UAE,PATH_RISK_V1_2026-08-12,2026-09-17,UAE,ACWX,2026-10-07,False,False,False,False,,,,,,,,,
PATH_RISK_V1_2026-08-12|2026-09-17|VEA,PATH_RISK_V1_2026-08-12,2026-09-17,VEA,ACWX,2026-10-07,False,False,False,False,,,,,,,,,
PATH_RISK_V1_2026-08-12|2026-09-17|VGK,PATH_RISK_V1_2026-08-12,2026-09-17,VGK,ACWX,2026-10-07,False,False,False,False,,,,,,,,,
PATH_RISK_V1_2026-08-12|2026-09-17|VNM,PATH_RISK_V1_2026-08-12,2026-09-17,VNM,ACWX,2026-10-07,False,False,False,False,,,,,,,,,
PATH_RISK_V1_2026-08-12|2026-09-17|VNQ,PATH_RISK_V1_2026-08-12,2026-09-17,VNQ,SPY,2026-10-07,False,False,False,False,,,,,,,,,
PATH_RISK_V1_2026-08-12|2026-09-17|VPL,PATH_RISK_V1_2026-08-12,2026-09-17,VPL,ACWX,2026-10-07,False,False,False,False,,,,,,,,,
PATH_RISK_V1_2026-08-12|2026-09-17|VSS,PATH_RISK_V1_2026-08-12,2026-09-17,VSS,ACWX,2026-10-07,False,False,False,False,,,,,,,,,
PATH_RISK_V1_2026-08-12|2026-09-17|VWO,PATH_RISK_V1_2026-08-12,2026-09-17,VWO,ACWX,2026-10-07,False,False,False,False,,,,,,,,,
PATH_RISK_V1_2026-08-12|2026-09-17|XBI,PATH_RISK_V1_2026-08-12,2026-09-17,XBI,SPY,2026-10-07,False,False,False,False,,,,,,,,,
PATH_RISK_V1_2026-08-12|2026-09-17|XHB,PATH_RISK_V1_2026-08-12,2026-09-17,XHB,SPY,2026-10-07,False,False,False,False,,,,,,,,,
PATH_RISK_V1_2026-08-12|2026-09-17|XLB,PATH_RISK_V1_2026-08-12,2026-09-17,XLB,SPY,2026-10-07,False,False,False,False,,,,,,,,,
PATH_RISK_V1_2026-08-12|2026-09-17|XLC,PATH_RISK_V1_2026-08-12,2026-09-17,XLC,SPY,2026-10-07,False,False,False,False,,,,,,,,,
PATH_RISK_V1_2026-08-12|2026-09-17|XLE,PATH_RISK_V1_2026-08-12,2026-09-17,XLE,SPY,2026-10-07,False,False,False,False,,,,,,,,,
PATH_RISK_V1_2026-08-12|2026-09-17|XLF,PATH_RISK_V1_2026-08-12,2026-09-17,XLF,SPY,2026-10-07,False,False,False,False,,,,,,,,,
PATH_RISK_V1_2026-08-12|2026-09-17|XLI,PATH_RISK_V1_2026-08-12,2026-09-17,XLI,SPY,2026-10-07,False,False,False,False,,,,,,,,,
PATH_RISK_V1_2026-08-12|2026-09-17|XLK,PATH_RISK_V1_2026-08-12,2026-09-17,XLK,SPY,2026-10-07,False,False,False,False,,,,,,,,,
PATH_RISK_V1_2026-08-12|2026-09-17|XLP,PATH_RISK_V1_2026-08-12,2026-09-17,XLP,SPY,2026-10-07,False,False,False,False,,,,,,,,,
PATH_RISK_V1_2026-08-12|2026-09-17|XLRE,PATH_RISK_V1_2026-08-12,2026-09-17,XLRE,SPY,2026-10-07,False,False,False,False,,,,,,,,,
PATH_RISK_V1_2026-08-12|2026-09-17|XLU,PATH_RISK_V1_2026-08-12,2026-09-17,XLU,SPY,2026-10-07,False,False,False,False,,,,,,,,,
PATH_RISK_V1_2026-08-12|2026-09-17|XLV,PATH_RISK_V1_2026-08-12,2026-09-17,XLV,SPY,2026-10-07,False,False,False,False,,,,,,,,,
PATH_RISK_V1_2026-08-12|2026-09-17|XLY,PATH_RISK_V1_2026-08-12,2026-09-17,XLY,SPY,2026-10-07,False,False,False,False,,,,,,,,,
PATH_RISK_V1_2026-08-12|2026-09-17|XME,PATH_RISK_V1_2026-08-12,2026-09-17,XME,SPY,2026-10-07,False,False,False,False,,,,,,,,,
PATH_RISK_V1_2026-08-12|2026-09-17|XOP,PATH_RISK_V1_2026-08-12,2026-09-17,XOP,SPY,2026-10-07,False,False,False,False,,,,,,,,,
PATH_RISK_V1_2026-08-12|2026-09-17|XPH,PATH_RISK_V1_2026-08-12,2026-09-17,XPH,SPY,2026-10-07,False,False,False,False,,,,,,,,,
PATH_RISK_V1_2026-08-12|2026-09-17|XRT,PATH_RISK_V1_2026-08-12,2026-09-17,XRT,SPY,2026-10-07,False,False,False,False,,,,,,,,,
PATH_RISK_V1_2026-08-12|2026-09-18|AAXJ,PATH_RISK_V1_2026-08-12,2026-09-18,AAXJ,ACWX,2026-10-07,False,False,False,False,,,,,,,,,
PATH_RISK_V1_2026-08-12|2026-09-18|AFK,PATH_RISK_V1_2026-08-12,2026-09-18,AFK,ACWX,2026-10-07,False,False,False,False,,,,,,,,,
PATH_RISK_V1_2026-08-12|2026-09-18|ARGT,PATH_RISK_V1_2026-08-12,2026-09-18,ARGT,ACWX,2026-10-07,False,False,False,False,,,,,,,,,
PATH_RISK_V1_2026-08-12|2026-09-18|ASEA,PATH_RISK_V1_2026-08-12,2026-09-18,ASEA,ACWX,2026-10-07,False,False,False,False,,,,,,,,,
PATH_RISK_V1_2026-08-12|2026-09-18|CIBR,PATH_RISK_V1_2026-08-12,2026-09-18,CIBR,SPY,2026-10-07,False,False,False,False,,,,,,,,,
PATH_RISK_V1_2026-08-12|2026-09-18|ECH,PATH_RISK_V1_2026-08-12,2026-09-18,ECH,ACWX,2026-10-07,False,False,False,False,,,,,,,,,
PATH_RISK_V1_2026-08-12|2026-09-18|EDEN,PATH_RISK_V1_2026-08-12,2026-09-18,EDEN,ACWX,2026-10-07,False,False,False,False,,,,,,,,,
PATH_RISK_V1_2026-08-12|2026-09-18|EEM,PATH_RISK_V1_2026-08-12,2026-09-18,EEM,ACWX,2026-10-07,False,False,False,False,,,,,,,,,
PATH_RISK_V1_2026-08-12|2026-09-18|EFA,PATH_RISK_V1_2026-08-12,2026-09-18,EFA,ACWX,2026-10-07,False,False,False,False,,,,,,,,,
PATH_RISK_V1_2026-08-12|2026-09-18|EFNL,PATH_RISK_V1_2026-08-12,2026-09-18,EFNL,ACWX,2026-10-07,False,False,False,False,,,,,,,,,
PATH_RISK_V1_2026-08-12|2026-09-18|EIDO,PATH_RISK_V1_2026-08-12,2026-09-18,EIDO,ACWX,2026-10-07,False,False,False,False,,,,,,,,,
PATH_RISK_V1_2026-08-12|2026-09-18|EIRL,PATH_RISK_V1_2026-08-12,2026-09-18,EIRL,ACWX,2026-10-07,False,False,False,False,,,,,,,,,
PATH_RISK_V1_2026-08-12|2026-09-18|EMXC,PATH_RISK_V1_2026-08-12,2026-09-18,EMXC,ACWX,2026-10-07,False,False,False,False,,,,,,,,,
PATH_RISK_V1_2026-08-12|2026-09-18|ENZL,PATH_RISK_V1_2026-08-12,2026-09-18,ENZL,ACWX,2026-10-07,False,False,False,False,,,,,,,,,
PATH_RISK_V1_2026-08-12|2026-09-18|EPOL,PATH_RISK_V1_2026-08-12,2026-09-18,EPOL,ACWX,2026-10-07,False,False,False,False,,,,,,,,,
PATH_RISK_V1_2026-08-12|2026-09-18|EPP,PATH_RISK_V1_2026-08-12,2026-09-18,EPP,ACWX,2026-10-07,False,False,False,False,,,,,,,,,
PATH_RISK_V1_2026-08-12|2026-09-18|EWA,PATH_RISK_V1_2026-08-12,2026-09-18,EWA,ACWX,2026-10-07,False,False,False,False,,,,,,,,,
PATH_RISK_V1_2026-08-12|2026-09-18|EWC,PATH_RISK_V1_2026-08-12,2026-09-18,EWC,ACWX,2026-10-07,False,False,False,False,,,,,,,,,
PATH_RISK_V1_2026-08-12|2026-09-18|EWG,PATH_RISK_V1_2026-08-12,2026-09-18,EWG,ACWX,2026-10-07,False,False,False,False,,,,,,,,,
PATH_RISK_V1_2026-08-12|2026-09-18|EWH,PATH_RISK_V1_2026-08-12,2026-09-18,EWH,ACWX,2026-10-07,False,False,False,False,,,,,,,,,
PATH_RISK_V1_2026-08-12|2026-09-18|EWJ,PATH_RISK_V1_2026-08-12,2026-09-18,EWJ,ACWX,2026-10-07,False,False,False,False,,,,,,,,,
PATH_RISK_V1_2026-08-12|2026-09-18|EWL,PATH_RISK_V1_2026-08-12,2026-09-18,EWL,ACWX,2026-10-07,False,False,False,False,,,,,,,,,
PATH_RISK_V1_2026-08-12|2026-09-18|EWM,PATH_RISK_V1_2026-08-12,2026-09-18,EWM,ACWX,2026-10-07,False,False,False,False,,,,,,,,,
PATH_RISK_V1_2026-08-12|2026-09-18|EWP,PATH_RISK_V1_2026-08-12,2026-09-18,EWP,ACWX,2026-10-07,False,False,False,False,,,,,,,,,
PATH_RISK_V1_2026-08-12|2026-09-18|EWQ,PATH_RISK_V1_2026-08-12,2026-09-18,EWQ,ACWX,2026-10-07,False,False,False,False,,,,,,,,,
PATH_RISK_V1_2026-08-12|2026-09-18|EWS,PATH_RISK_V1_2026-08-12,2026-09-18,EWS,ACWX,2026-10-07,False,False,False,False,,,,,,,,,
PATH_RISK_V1_2026-08-12|2026-09-18|EWT,PATH_RISK_V1_2026-08-12,2026-09-18,EWT,ACWX,2026-10-07,False,False,False,False,,,,,,,,,
PATH_RISK_V1_2026-08-12|2026-09-18|EWU,PATH_RISK_V1_2026-08-12,2026-09-18,EWU,ACWX,2026-10-07,False,False,False,False,,,,,,,,,
PATH_RISK_V1_2026-08-12|2026-09-18|EWW,PATH_RISK_V1_2026-08-12,2026-09-18,EWW,ACWX,2026-10-07,False,False,False,False,,,,,,,,,
PATH_RISK_V1_2026-08-12|2026-09-18|EWY,PATH_RISK_V1_2026-08-12,2026-09-18,EWY,ACWX,2026-10-07,False,False,False,False,,,,,,,,,
PATH_RISK_V1_2026-08-12|2026-09-18|EWZ,PATH_RISK_V1_2026-08-12,2026-09-18,EWZ,ACWX,2026-10-07,False,False,False,False,,,,,,,,,
PATH_RISK_V1_2026-08-12|2026-09-18|EXI,PATH_RISK_V1_2026-08-12,2026-09-18,EXI,ACWI,2026-10-07,False,False,False,False,,,,,,,,,
PATH_RISK_V1_2026-08-12|2026-09-18|EZA,PATH_RISK_V1_2026-08-12,2026-09-18,EZA,ACWX,2026-10-07,False,False,False,False,,,,,,,,,
PATH_RISK_V1_2026-08-12|2026-09-18|FEZ,PATH_RISK_V1_2026-08-12,2026-09-18,FEZ,ACWX,2026-10-07,False,False,False,False,,,,,,,,,
PATH_RISK_V1_2026-08-12|2026-09-18|GREK,PATH_RISK_V1_2026-08-12,2026-09-18,GREK,ACWX,2026-10-07,False,False,False,False,,,,,,,,,
PATH_RISK_V1_2026-08-12|2026-09-18|IGV,PATH_RISK_V1_2026-08-12,2026-09-18,IGV,SPY,2026-10-07,False,False,False,False,,,,,,,,,
PATH_RISK_V1_2026-08-12|2026-09-18|IHI,PATH_RISK_V1_2026-08-12,2026-09-18,IHI,SPY,2026-10-07,False,False,False,False,,,,,,,,,
PATH_RISK_V1_2026-08-12|2026-09-18|ILF,PATH_RISK_V1_2026-08-12,2026-09-18,ILF,ACWX,2026-10-07,False,False,False,False,,,,,,,,,
PATH_RISK_V1_2026-08-12|2026-09-18|INDA,PATH_RISK_V1_2026-08-12,2026-09-18,INDA,ACWX,2026-10-07,False,False,False,False,,,,,,,,,
PATH_RISK_V1_2026-08-12|2026-09-18|ITA,PATH_RISK_V1_2026-08-12,2026-09-18,ITA,SPY,2026-10-07,False,False,False,False,,,,,,,,,
PATH_RISK_V1_2026-08-12|2026-09-18|IWM,PATH_RISK_V1_2026-08-12,2026-09-18,IWM,ITOT,2026-10-07,False,False,False,False,,,,,,,,,
PATH_RISK_V1_2026-08-12|2026-09-18|IXC,PATH_RISK_V1_2026-08-12,2026-09-18,IXC,ACWI,2026-10-07,False,False,False,False,,,,,,,,,
PATH_RISK_V1_2026-08-12|2026-09-18|IXG,PATH_RISK_V1_2026-08-12,2026-09-18,IXG,ACWI,2026-10-07,False,False,False,False,,,,,,,,,
PATH_RISK_V1_2026-08-12|2026-09-18|IXJ,PATH_RISK_V1_2026-08-12,2026-09-18,IXJ,ACWI,2026-10-07,False,False,False,False,,,,,,,,,
PATH_RISK_V1_2026-08-12|2026-09-18|IXN,PATH_RISK_V1_2026-08-12,2026-09-18,IXN,ACWI,2026-10-07,False,False,False,False,,,,,,,,,
PATH_RISK_V1_2026-08-12|2026-09-18|IYG,PATH_RISK_V1_2026-08-12,2026-09-18,IYG,SPY,2026-10-07,False,False,False,False,,,,,,,,,
PATH_RISK_V1_2026-08-12|2026-09-18|IYT,PATH_RISK_V1_2026-08-12,2026-09-18,IYT,SPY,2026-10-07,False,False,False,False,,,,,,,,,
PATH_RISK_V1_2026-08-12|2026-09-18|IYZ,PATH_RISK_V1_2026-08-12,2026-09-18,IYZ,SPY,2026-10-07,False,False,False,False,,,,,,,,,
PATH_RISK_V1_2026-08-12|2026-09-18|KBE,PATH_RISK_V1_2026-08-12,2026-09-18,KBE,SPY,2026-10-07,False,False,False,False,,,,,,,,,
PATH_RISK_V1_2026-08-12|2026-09-18|KIE,PATH_RISK_V1_2026-08-12,2026-09-18,KIE,SPY,2026-10-07,False,False,False,False,,,,,,,,,
PATH_RISK_V1_2026-08-12|2026-09-18|KRE,PATH_RISK_V1_2026-08-12,2026-09-18,KRE,SPY,2026-10-07,False,False,False,False,,,,,,,,,
PATH_RISK_V1_2026-08-12|2026-09-18|MCHI,PATH_RISK_V1_2026-08-12,2026-09-18,MCHI,ACWX,2026-10-07,False,False,False,False,,,,,,,,,
PATH_RISK_V1_2026-08-12|2026-09-18|MDY,PATH_RISK_V1_2026-08-12,2026-09-18,MDY,ITOT,2026-10-07,False,False,False,False,,,,,,,,,
PATH_RISK_V1_2026-08-12|2026-09-18|OIH,PATH_RISK_V1_2026-08-12,2026-09-18,OIH,SPY,2026-10-07,False,False,False,False,,,,,,,,,
PATH_RISK_V1_2026-08-12|2026-09-18|PAVE,PATH_RISK_V1_2026-08-12,2026-09-18,PAVE,SPY,2026-10-07,False,False,False,False,,,,,,,,,
PATH_RISK_V1_2026-08-12|2026-09-18|QAT,PATH_RISK_V1_2026-08-12,2026-09-18,QAT,ACWX,2026-10-07,False,False,False,False,,,,,,,,,
PATH_RISK_V1_2026-08-12|2026-09-18|QQQ,PATH_RISK_V1_2026-08-12,2026-09-18,QQQ,SPY,2026-10-07,False,False,False,False,,,,,,,,,
PATH_RISK_V1_2026-08-12|2026-09-18|REM,PATH_RISK_V1_2026-08-12,2026-09-18,REM,SPY,2026-10-07,False,False,False,False,,,,,,,,,
PATH_RISK_V1_2026-08-12|2026-09-18|REZ,PATH_RISK_V1_2026-08-12,2026-09-18,REZ,SPY,2026-10-07,False,False,False,False,,,,,,,,,
PATH_RISK_V1_2026-08-12|2026-09-18|SCZ,PATH_RISK_V1_2026-08-12,2026-09-18,SCZ,ACWX,2026-10-07,False,False,False,False,,,,,,,,,
PATH_RISK_V1_2026-08-12|2026-09-18|SKYY,PATH_RISK_V1_2026-08-12,2026-09-18,SKYY,SPY,2026-10-07,False,False,False,False,,,,,,,,,
PATH_RISK_V1_2026-08-12|2026-09-18|SMH,PATH_RISK_V1_2026-08-12,2026-09-18,SMH,SPY,2026-10-07,False,False,False,False,,,,,,,,,
PATH_RISK_V1_2026-08-12|2026-09-18|THD,PATH_RISK_V1_2026-08-12,2026-09-18,THD,ACWX,2026-10-07,False,False,False,False,,,,,,,,,
PATH_RISK_V1_2026-08-12|2026-09-18|TUR,PATH_RISK_V1_2026-08-12,2026-09-18,TUR,ACWX,2026-10-07,False,False,False,False,,,,,,,,,
PATH_RISK_V1_2026-08-12|2026-09-18|UAE,PATH_RISK_V1_2026-08-12,2026-09-18,UAE,ACWX,2026-10-07,False,False,False,False,,,,,,,,,
PATH_RISK_V1_2026-08-12|2026-09-18|VEA,PATH_RISK_V1_2026-08-12,2026-09-18,VEA,ACWX,2026-10-07,False,False,False,False,,,,,,,,,
PATH_RISK_V1_2026-08-12|2026-09-18|VGK,PATH_RISK_V1_2026-08-12,2026-09-18,VGK,ACWX,2026-10-07,False,False,False,False,,,,,,,,,
PATH_RISK_V1_2026-08-12|2026-09-18|VNM,PATH_RISK_V1_2026-08-12,2026-09-18,VNM,ACWX,2026-10-07,False,False,False,False,,,,,,,,,
PATH_RISK_V1_2026-08-12|2026-09-18|VNQ,PATH_RISK_V1_2026-08-12,2026-09-18,VNQ,SPY,2026-10-07,False,False,False,False,,,,,,,,,
PATH_RISK_V1_2026-08-12|2026-09-18|VPL,PATH_RISK_V1_2026-08-12,2026-09-18,VPL,ACWX,2026-10-07,False,False,False,False,,,,,,,,,
PATH_RISK_V1_2026-08-12|2026-09-18|VSS,PATH_RISK_V1_2026-08-12,2026-09-18,VSS,ACWX,2026-10-07,False,False,False,False,,,,,,,,,
PATH_RISK_V1_2026-08-12|2026-09-18|VWO,PATH_RISK_V1_2026-08-12,2026-09-18,VWO,ACWX,2026-10-07,False,False,False,False,,,,,,,,,
PATH_RISK_V1_2026-08-12|2026-09-18|XBI,PATH_RISK_V1_2026-08-12,2026-09-18,XBI,SPY,2026-10-07,False,False,False,False,,,,,,,,,
PATH_RISK_V1_2026-08-12|2026-09-18|XHB,PATH_RISK_V1_2026-08-12,2026-09-18,XHB,SPY,2026-10-07,False,False,False,False,,,,,,,,,
PATH_RISK_V1_2026-08-12|2026-09-18|XLB,PATH_RISK_V1_2026-08-12,2026-09-18,XLB,SPY,2026-10-07,False,False,False,False,,,,,,,,,
PATH_RISK_V1_2026-08-12|2026-09-18|XLC,PATH_RISK_V1_2026-08-12,2026-09-18,XLC,SPY,2026-10-07,False,False,False,False,,,,,,,,,
PATH_RISK_V1_2026-08-12|2026-09-18|XLE,PATH_RISK_V1_2026-08-12,2026-09-18,XLE,SPY,2026-10-07,False,False,False,False,,,,,,,,,
PATH_RISK_V1_2026-08-12|2026-09-18|XLF,PATH_RISK_V1_2026-08-12,2026-09-18,XLF,SPY,2026-10-07,False,False,False,False,,,,,,,,,
PATH_RISK_V1_2026-08-12|2026-09-18|XLI,PATH_RISK_V1_2026-08-12,2026-09-18,XLI,SPY,2026-10-07,False,False,False,False,,,,,,,,,
PATH_RISK_V1_2026-08-12|2026-09-18|XLK,PATH_RISK_V1_2026-08-12,2026-09-18,XLK,SPY,2026-10-07,False,False,False,False,,,,,,,,,
PATH_RISK_V1_2026-08-12|2026-09-18|XLP,PATH_RISK_V1_2026-08-12,2026-09-18,XLP,SPY,2026-10-07,False,False,False,False,,,,,,,,,
PATH_RISK_V1_2026-08-12|2026-09-18|XLRE,PATH_RISK_V1_2026-08-12,2026-09-18,XLRE,SPY,2026-10-07,False,False,False,False,,,,,,,,,
PATH_RISK_V1_2026-08-12|2026-09-18|XLU,PATH_RISK_V1_2026-08-12,2026-09-18,XLU,SPY,2026-10-07,False,False,False,False,,,,,,,,,
PATH_RISK_V1_2026-08-12|2026-09-18|XLV,PATH_RISK_V1_2026-08-12,2026-09-18,XLV,SPY,2026-10-07,False,False,False,False,,,,,,,,,
PATH_RISK_V1_2026-08-12|2026-09-18|XLY,PATH_RISK_V1_2026-08-12,2026-09-18,XLY,SPY,2026-10-07,False,False,False,False,,,,,,,,,
PATH_RISK_V1_2026-08-12|2026-09-18|XME,PATH_RISK_V1_2026-08-12,2026-09-18,XME,SPY,2026-10-07,False,False,False,False,,,,,,,,,
PATH_RISK_V1_2026-08-12|2026-09-18|XOP,PATH_RISK_V1_2026-08-12,2026-09-18,XOP,SPY,2026-10-07,False,False,False,False,,,,,,,,,
PATH_RISK_V1_2026-08-12|2026-09-18|XRT,PATH_RISK_V1_2026-08-12,2026-09-18,XRT,SPY,2026-10-07,False,False,False,False,,,,,,,,,
PATH_RISK_V1_2026-08-12|2026-09-22|AAXJ,PATH_RISK_V1_2026-08-12,2026-09-22,AAXJ,ACWX,2026-10-07,False,False,False,False,,,,,,,,,
PATH_RISK_V1_2026-08-12|2026-09-22|AFK,PATH_RISK_V1_2026-08-12,2026-09-22,AFK,ACWX,2026-10-07,False,False,False,False,,,,,,,,,
PATH_RISK_V1_2026-08-12|2026-09-22|ARGT,PATH_RISK_V1_2026-08-12,2026-09-22,ARGT,ACWX,2026-10-07,False,False,False,False,,,,,,,,,
PATH_RISK_V1_2026-08-12|2026-09-22|ASEA,PATH_RISK_V1_2026-08-12,2026-09-22,ASEA,ACWX,2026-10-07,False,False,False,False,,,,,,,,,
PATH_RISK_V1_2026-08-12|2026-09-22|CIBR,PATH_RISK_V1_2026-08-12,2026-09-22,CIBR,SPY,2026-10-07,False,False,False,False,,,,,,,,,
PATH_RISK_V1_2026-08-12|2026-09-22|ECH,PATH_RISK_V1_2026-08-12,2026-09-22,ECH,ACWX,2026-10-07,False,False,False,False,,,,,,,,,
PATH_RISK_V1_2026-08-12|2026-09-22|EDEN,PATH_RISK_V1_2026-08-12,2026-09-22,EDEN,ACWX,2026-10-07,False,False,False,False,,,,,,,,,
PATH_RISK_V1_2026-08-12|2026-09-22|EEM,PATH_RISK_V1_2026-08-12,2026-09-22,EEM,ACWX,2026-10-07,False,False,False,False,,,,,,,,,
PATH_RISK_V1_2026-08-12|2026-09-22|EFA,PATH_RISK_V1_2026-08-12,2026-09-22,EFA,ACWX,2026-10-07,False,False,False,False,,,,,,,,,
PATH_RISK_V1_2026-08-12|2026-09-22|EFNL,PATH_RISK_V1_2026-08-12,2026-09-22,EFNL,ACWX,2026-10-07,False,False,False,False,,,,,,,,,
PATH_RISK_V1_2026-08-12|2026-09-22|EIDO,PATH_RISK_V1_2026-08-12,2026-09-22,EIDO,ACWX,2026-10-07,False,False,False,False,,,,,,,,,
PATH_RISK_V1_2026-08-12|2026-09-22|EIRL,PATH_RISK_V1_2026-08-12,2026-09-22,EIRL,ACWX,2026-10-07,False,False,False,False,,,,,,,,,
PATH_RISK_V1_2026-08-12|2026-09-22|EIS,PATH_RISK_V1_2026-08-12,2026-09-22,EIS,ACWX,2026-10-07,False,False,False,False,,,,,,,,,
PATH_RISK_V1_2026-08-12|2026-09-22|EMXC,PATH_RISK_V1_2026-08-12,2026-09-22,EMXC,ACWX,2026-10-07,False,False,False,False,,,,,,,,,
PATH_RISK_V1_2026-08-12|2026-09-22|ENOR,PATH_RISK_V1_2026-08-12,2026-09-22,ENOR,ACWX,2026-10-07,False,False,False,False,,,,,,,,,
PATH_RISK_V1_2026-08-12|2026-09-22|ENZL,PATH_RISK_V1_2026-08-12,2026-09-22,ENZL,ACWX,2026-10-07,False,False,False,False,,,,,,,,,
PATH_RISK_V1_2026-08-12|2026-09-22|EPOL,PATH_RISK_V1_2026-08-12,2026-09-22,EPOL,ACWX,2026-10-07,False,False,False,False,,,,,,,,,
PATH_RISK_V1_2026-08-12|2026-09-22|EPP,PATH_RISK_V1_2026-08-12,2026-09-22,EPP,ACWX,2026-10-07,False,False,False,False,,,,,,,,,
PATH_RISK_V1_2026-08-12|2026-09-22|EPU,PATH_RISK_V1_2026-08-12,2026-09-22,EPU,ACWX,2026-10-07,False,False,False,False,,,,,,,,,
PATH_RISK_V1_2026-08-12|2026-09-22|EWA,PATH_RISK_V1_2026-08-12,2026-09-22,EWA,ACWX,2026-10-07,False,False,False,False,,,,,,,,,
PATH_RISK_V1_2026-08-12|2026-09-22|EWD,PATH_RISK_V1_2026-08-12,2026-09-22,EWD,ACWX,2026-10-07,False,False,False,False,,,,,,,,,
PATH_RISK_V1_2026-08-12|2026-09-22|EWG,PATH_RISK_V1_2026-08-12,2026-09-22,EWG,ACWX,2026-10-07,False,False,False,False,,,,,,,,,
PATH_RISK_V1_2026-08-12|2026-09-22|EWH,PATH_RISK_V1_2026-08-12,2026-09-22,EWH,ACWX,2026-10-07,False,False,False,False,,,,,,,,,
PATH_RISK_V1_2026-08-12|2026-09-22|EWI,PATH_RISK_V1_2026-08-12,2026-09-22,EWI,ACWX,2026-10-07,False,False,False,False,,,,,,,,,
PATH_RISK_V1_2026-08-12|2026-09-22|EWJ,PATH_RISK_V1_2026-08-12,2026-09-22,EWJ,ACWX,2026-10-07,False,False,False,False,,,,,,,,,
PATH_RISK_V1_2026-08-12|2026-09-22|EWL,PATH_RISK_V1_2026-08-12,2026-09-22,EWL,ACWX,2026-10-07,False,False,False,False,,,,,,,,,
PATH_RISK_V1_2026-08-12|2026-09-22|EWM,PATH_RISK_V1_2026-08-12,2026-09-22,EWM,ACWX,2026-10-07,False,False,False,False,,,,,,,,,
PATH_RISK_V1_2026-08-12|2026-09-22|EWN,PATH_RISK_V1_2026-08-12,2026-09-22,EWN,ACWX,2026-10-07,False,False,False,False,,,,,,,,,
PATH_RISK_V1_2026-08-12|2026-09-22|EWO,PATH_RISK_V1_2026-08-12,2026-09-22,EWO,ACWX,2026-10-07,False,False,False,False,,,,,,,,,
PATH_RISK_V1_2026-08-12|2026-09-22|EWQ,PATH_RISK_V1_2026-08-12,2026-09-22,EWQ,ACWX,2026-10-07,False,False,False,False,,,,,,,,,
PATH_RISK_V1_2026-08-12|2026-09-22|EWS,PATH_RISK_V1_2026-08-12,2026-09-22,EWS,ACWX,2026-10-07,False,False,False,False,,,,,,,,,
PATH_RISK_V1_2026-08-12|2026-09-22|EWU,PATH_RISK_V1_2026-08-12,2026-09-22,EWU,ACWX,2026-10-07,False,False,False,False,,,,,,,,,
PATH_RISK_V1_2026-08-12|2026-09-22|EWW,PATH_RISK_V1_2026-08-12,2026-09-22,EWW,ACWX,2026-10-07,False,False,False,False,,,,,,,,,
PATH_RISK_V1_2026-08-12|2026-09-22|EWY,PATH_RISK_V1_2026-08-12,2026-09-22,EWY,ACWX,2026-10-07,False,False,False,False,,,,,,,,,
PATH_RISK_V1_2026-08-12|2026-09-22|EWZ,PATH_RISK_V1_2026-08-12,2026-09-22,EWZ,ACWX,2026-10-07,False,False,False,False,,,,,,,,,
PATH_RISK_V1_2026-08-12|2026-09-22|EXI,PATH_RISK_V1_2026-08-12,2026-09-22,EXI,ACWI,2026-10-07,False,False,False,False,,,,,,,,,
PATH_RISK_V1_2026-08-12|2026-09-22|EZA,PATH_RISK_V1_2026-08-12,2026-09-22,EZA,ACWX,2026-10-07,False,False,False,False,,,,,,,,,
PATH_RISK_V1_2026-08-12|2026-09-22|FDN,PATH_RISK_V1_2026-08-12,2026-09-22,FDN,SPY,2026-10-07,False,False,False,False,,,,,,,,,
PATH_RISK_V1_2026-08-12|2026-09-22|FEZ,PATH_RISK_V1_2026-08-12,2026-09-22,FEZ,ACWX,2026-10-07,False,False,False,False,,,,,,,,,
PATH_RISK_V1_2026-08-12|2026-09-22|IGV,PATH_RISK_V1_2026-08-12,2026-09-22,IGV,SPY,2026-10-07,False,False,False,False,,,,,,,,,
PATH_RISK_V1_2026-08-12|2026-09-22|IHF,PATH_RISK_V1_2026-08-12,2026-09-22,IHF,SPY,2026-10-07,False,False,False,False,,,,,,,,,
PATH_RISK_V1_2026-08-12|2026-09-22|IHI,PATH_RISK_V1_2026-08-12,2026-09-22,IHI,SPY,2026-10-07,False,False,False,False,,,,,,,,,
PATH_RISK_V1_2026-08-12|2026-09-22|ILF,PATH_RISK_V1_2026-08-12,2026-09-22,ILF,ACWX,2026-10-07,False,False,False,False,,,,,,,,,
PATH_RISK_V1_2026-08-12|2026-09-22|INDA,PATH_RISK_V1_2026-08-12,2026-09-22,INDA,ACWX,2026-10-07,False,False,False,False,,,,,,,,,
PATH_RISK_V1_2026-08-12|2026-09-22|ITA,PATH_RISK_V1_2026-08-12,2026-09-22,ITA,SPY,2026-10-07,False,False,False,False,,,,,,,,,
PATH_RISK_V1_2026-08-12|2026-09-22|IWM,PATH_RISK_V1_2026-08-12,2026-09-22,IWM,ITOT,2026-10-07,False,False,False,False,,,,,,,,,
PATH_RISK_V1_2026-08-12|2026-09-22|IXC,PATH_RISK_V1_2026-08-12,2026-09-22,IXC,ACWI,2026-10-07,False,False,False,False,,,,,,,,,
PATH_RISK_V1_2026-08-12|2026-09-22|IXJ,PATH_RISK_V1_2026-08-12,2026-09-22,IXJ,ACWI,2026-10-07,False,False,False,False,,,,,,,,,
PATH_RISK_V1_2026-08-12|2026-09-22|IXP,PATH_RISK_V1_2026-08-12,2026-09-22,IXP,ACWI,2026-10-07,False,False,False,False,,,,,,,,,
PATH_RISK_V1_2026-08-12|2026-09-22|IYG,PATH_RISK_V1_2026-08-12,2026-09-22,IYG,SPY,2026-10-07,False,False,False,False,,,,,,,,,
PATH_RISK_V1_2026-08-12|2026-09-22|IYT,PATH_RISK_V1_2026-08-12,2026-09-22,IYT,SPY,2026-10-07,False,False,False,False,,,,,,,,,
PATH_RISK_V1_2026-08-12|2026-09-22|IYZ,PATH_RISK_V1_2026-08-12,2026-09-22,IYZ,SPY,2026-10-07,False,False,False,False,,,,,,,,,
PATH_RISK_V1_2026-08-12|2026-09-22|JXI,PATH_RISK_V1_2026-08-12,2026-09-22,JXI,ACWI,2026-10-07,False,False,False,False,,,,,,,,,
PATH_RISK_V1_2026-08-12|2026-09-22|KBE,PATH_RISK_V1_2026-08-12,2026-09-22,KBE,SPY,2026-10-07,False,False,False,False,,,,,,,,,
PATH_RISK_V1_2026-08-12|2026-09-22|KIE,PATH_RISK_V1_2026-08-12,2026-09-22,KIE,SPY,2026-10-07,False,False,False,False,,,,,,,,,
PATH_RISK_V1_2026-08-12|2026-09-22|KRE,PATH_RISK_V1_2026-08-12,2026-09-22,KRE,SPY,2026-10-07,False,False,False,False,,,,,,,,,
PATH_RISK_V1_2026-08-12|2026-09-22|KXI,PATH_RISK_V1_2026-08-12,2026-09-22,KXI,ACWI,2026-10-07,False,False,False,False,,,,,,,,,
PATH_RISK_V1_2026-08-12|2026-09-22|MCHI,PATH_RISK_V1_2026-08-12,2026-09-22,MCHI,ACWX,2026-10-07,False,False,False,False,,,,,,,,,
PATH_RISK_V1_2026-08-12|2026-09-22|MDY,PATH_RISK_V1_2026-08-12,2026-09-22,MDY,ITOT,2026-10-07,False,False,False,False,,,,,,,,,
PATH_RISK_V1_2026-08-12|2026-09-22|OIH,PATH_RISK_V1_2026-08-12,2026-09-22,OIH,SPY,2026-10-07,False,False,False,False,,,,,,,,,
PATH_RISK_V1_2026-08-12|2026-09-22|PAVE,PATH_RISK_V1_2026-08-12,2026-09-22,PAVE,SPY,2026-10-07,False,False,False,False,,,,,,,,,
PATH_RISK_V1_2026-08-12|2026-09-22|PBJ,PATH_RISK_V1_2026-08-12,2026-09-22,PBJ,SPY,2026-10-07,False,False,False,False,,,,,,,,,
PATH_RISK_V1_2026-08-12|2026-09-22|PEJ,PATH_RISK_V1_2026-08-12,2026-09-22,PEJ,SPY,2026-10-07,False,False,False,False,,,,,,,,,
PATH_RISK_V1_2026-08-12|2026-09-22|QAT,PATH_RISK_V1_2026-08-12,2026-09-22,QAT,ACWX,2026-10-07,False,False,False,False,,,,,,,,,
PATH_RISK_V1_2026-08-12|2026-09-22|QQQ,PATH_RISK_V1_2026-08-12,2026-09-22,QQQ,SPY,2026-10-07,False,False,False,False,,,,,,,,,
PATH_RISK_V1_2026-08-12|2026-09-22|REM,PATH_RISK_V1_2026-08-12,2026-09-22,REM,SPY,2026-10-07,False,False,False,False,,,,,,,,,
PATH_RISK_V1_2026-08-12|2026-09-22|REZ,PATH_RISK_V1_2026-08-12,2026-09-22,REZ,SPY,2026-10-07,False,False,False,False,,,,,,,,,
PATH_RISK_V1_2026-08-12|2026-09-22|SCZ,PATH_RISK_V1_2026-08-12,2026-09-22,SCZ,ACWX,2026-10-07,False,False,False,False,,,,,,,,,
PATH_RISK_V1_2026-08-12|2026-09-22|SKYY,PATH_RISK_V1_2026-08-12,2026-09-22,SKYY,SPY,2026-10-07,False,False,False,False,,,,,,,,,
PATH_RISK_V1_2026-08-12|2026-09-22|SMH,PATH_RISK_V1_2026-08-12,2026-09-22,SMH,SPY,2026-10-07,False,False,False,False,,,,,,,,,
PATH_RISK_V1_2026-08-12|2026-09-22|TUR,PATH_RISK_V1_2026-08-12,2026-09-22,TUR,ACWX,2026-10-07,False,False,False,False,,,,,,,,,
PATH_RISK_V1_2026-08-12|2026-09-22|UAE,PATH_RISK_V1_2026-08-12,2026-09-22,UAE,ACWX,2026-10-07,False,False,False,False,,,,,,,,,
PATH_RISK_V1_2026-08-12|2026-09-22|VEA,PATH_RISK_V1_2026-08-12,2026-09-22,VEA,ACWX,2026-10-07,False,False,False,False,,,,,,,,,
PATH_RISK_V1_2026-08-12|2026-09-22|VGK,PATH_RISK_V1_2026-08-12,2026-09-22,VGK,ACWX,2026-10-07,False,False,False,False,,,,,,,,,
PATH_RISK_V1_2026-08-12|2026-09-22|VNM,PATH_RISK_V1_2026-08-12,2026-09-22,VNM,ACWX,2026-10-07,False,False,False,False,,,,,,,,,
PATH_RISK_V1_2026-08-12|2026-09-22|VNQ,PATH_RISK_V1_2026-08-12,2026-09-22,VNQ,SPY,2026-10-07,False,False,False,False,,,,,,,,,
PATH_RISK_V1_2026-08-12|2026-09-22|VPL,PATH_RISK_V1_2026-08-12,2026-09-22,VPL,ACWX,2026-10-07,False,False,False,False,,,,,,,,,
PATH_RISK_V1_2026-08-12|2026-09-22|VSS,PATH_RISK_V1_2026-08-12,2026-09-22,VSS,ACWX,2026-10-07,False,False,False,False,,,,,,,,,
PATH_RISK_V1_2026-08-12|2026-09-22|VWO,PATH_RISK_V1_2026-08-12,2026-09-22,VWO,ACWX,2026-10-07,False,False,False,False,,,,,,,,,
PATH_RISK_V1_2026-08-12|2026-09-22|XBI,PATH_RISK_V1_2026-08-12,2026-09-22,XBI,SPY,2026-10-07,False,False,False,False,,,,,,,,,
PATH_RISK_V1_2026-08-12|2026-09-22|XHB,PATH_RISK_V1_2026-08-12,2026-09-22,XHB,SPY,2026-10-07,False,False,False,False,,,,,,,,,
PATH_RISK_V1_2026-08-12|2026-09-22|XLB,PATH_RISK_V1_2026-08-12,2026-09-22,XLB,SPY,2026-10-07,False,False,False,False,,,,,,,,,
PATH_RISK_V1_2026-08-12|2026-09-22|XLC,PATH_RISK_V1_2026-08-12,2026-09-22,XLC,SPY,2026-10-07,False,False,False,False,,,,,,,,,
PATH_RISK_V1_2026-08-12|2026-09-22|XLE,PATH_RISK_V1_2026-08-12,2026-09-22,XLE,SPY,2026-10-07,False,False,False,False,,,,,,,,,
PATH_RISK_V1_2026-08-12|2026-09-22|XLF,PATH_RISK_V1_2026-08-12,2026-09-22,XLF,SPY,2026-10-07,False,False,False,False,,,,,,,,,
PATH_RISK_V1_2026-08-12|2026-09-22|XLI,PATH_RISK_V1_2026-08-12,2026-09-22,XLI,SPY,2026-10-07,False,False,False,False,,,,,,,,,
PATH_RISK_V1_2026-08-12|2026-09-22|XLK,PATH_RISK_V1_2026-08-12,2026-09-22,XLK,SPY,2026-10-07,False,False,False,False,,,,,,,,,
PATH_RISK_V1_2026-08-12|2026-09-22|XLP,PATH_RISK_V1_2026-08-12,2026-09-22,XLP,SPY,2026-10-07,False,False,False,False,,,,,,,,,
PATH_RISK_V1_2026-08-12|2026-09-22|XLRE,PATH_RISK_V1_2026-08-12,2026-09-22,XLRE,SPY,2026-10-07,False,False,False,False,,,,,,,,,
PATH_RISK_V1_2026-08-12|2026-09-22|XLU,PATH_RISK_V1_2026-08-12,2026-09-22,XLU,SPY,2026-10-07,False,False,False,False,,,,,,,,,
PATH_RISK_V1_2026-08-12|2026-09-22|XLV,PATH_RISK_V1_2026-08-12,2026-09-22,XLV,SPY,2026-10-07,False,False,False,False,,,,,,,,,
PATH_RISK_V1_2026-08-12|2026-09-22|XLY,PATH_RISK_V1_2026-08-12,2026-09-22,XLY,SPY,2026-10-07,False,False,False,False,,,,,,,,,
PATH_RISK_V1_2026-08-12|2026-09-22|XME,PATH_RISK_V1_2026-08-12,2026-09-22,XME,SPY,2026-10-07,False,False,False,False,,,,,,,,,
PATH_RISK_V1_2026-08-12|2026-09-22|XOP,PATH_RISK_V1_2026-08-12,2026-09-22,XOP,SPY,2026-10-07,False,False,False,False,,,,,,,,,
PATH_RISK_V1_2026-08-12|2026-09-22|XPH,PATH_RISK_V1_2026-08-12,2026-09-22,XPH,SPY,2026-10-07,False,False,False,False,,,,,,,,,
PATH_RISK_V1_2026-08-12|2026-09-22|XRT,PATH_RISK_V1_2026-08-12,2026-09-22,XRT,SPY,2026-10-07,False,False,False,False,,,,,,,,,
PATH_RISK_V1_2026-08-12|2026-09-24|IGV,PATH_RISK_V1_2026-08-12,2026-09-24,IGV,SPY,2026-10-07,False,False,False,False,,,,,,,,,
PATH_RISK_V1_2026-08-12|2026-09-24|KRE,PATH_RISK_V1_2026-08-12,2026-09-24,KRE,SPY,2026-10-07,False,False,False,False,,,,,,,,,
PATH_RISK_V1_2026-08-12|2026-09-24|SMH,PATH_RISK_V1_2026-08-12,2026-09-24,SMH,SPY,2026-10-07,False,False,False,False,,,,,,,,,
PATH_RISK_V1_2026-08-12|2026-09-25|AAXJ,PATH_RISK_V1_2026-08-12,2026-09-25,AAXJ,ACWX,2026-10-07,False,False,False,False,,,,,,,,,
PATH_RISK_V1_2026-08-12|2026-09-25|AFK,PATH_RISK_V1_2026-08-12,2026-09-25,AFK,ACWX,2026-10-07,False,False,False,False,,,,,,,,,
PATH_RISK_V1_2026-08-12|2026-09-25|ASEA,PATH_RISK_V1_2026-08-12,2026-09-25,ASEA,ACWX,2026-10-07,False,False,False,False,,,,,,,,,
PATH_RISK_V1_2026-08-12|2026-09-25|CIBR,PATH_RISK_V1_2026-08-12,2026-09-25,CIBR,SPY,2026-10-07,False,False,False,False,,,,,,,,,
PATH_RISK_V1_2026-08-12|2026-09-25|ECH,PATH_RISK_V1_2026-08-12,2026-09-25,ECH,ACWX,2026-10-07,False,False,False,False,,,,,,,,,
PATH_RISK_V1_2026-08-12|2026-09-25|EDEN,PATH_RISK_V1_2026-08-12,2026-09-25,EDEN,ACWX,2026-10-07,False,False,False,False,,,,,,,,,
PATH_RISK_V1_2026-08-12|2026-09-25|EEM,PATH_RISK_V1_2026-08-12,2026-09-25,EEM,ACWX,2026-10-07,False,False,False,False,,,,,,,,,
PATH_RISK_V1_2026-08-12|2026-09-25|EFA,PATH_RISK_V1_2026-08-12,2026-09-25,EFA,ACWX,2026-10-07,False,False,False,False,,,,,,,,,
PATH_RISK_V1_2026-08-12|2026-09-25|EFNL,PATH_RISK_V1_2026-08-12,2026-09-25,EFNL,ACWX,2026-10-07,False,False,False,False,,,,,,,,,
PATH_RISK_V1_2026-08-12|2026-09-25|EIRL,PATH_RISK_V1_2026-08-12,2026-09-25,EIRL,ACWX,2026-10-07,False,False,False,False,,,,,,,,,
PATH_RISK_V1_2026-08-12|2026-09-25|EMXC,PATH_RISK_V1_2026-08-12,2026-09-25,EMXC,ACWX,2026-10-07,False,False,False,False,,,,,,,,,
PATH_RISK_V1_2026-08-12|2026-09-25|ENZL,PATH_RISK_V1_2026-08-12,2026-09-25,ENZL,ACWX,2026-10-07,False,False,False,False,,,,,,,,,
PATH_RISK_V1_2026-08-12|2026-09-25|EPOL,PATH_RISK_V1_2026-08-12,2026-09-25,EPOL,ACWX,2026-10-07,False,False,False,False,,,,,,,,,
PATH_RISK_V1_2026-08-12|2026-09-25|EPP,PATH_RISK_V1_2026-08-12,2026-09-25,EPP,ACWX,2026-10-07,False,False,False,False,,,,,,,,,
PATH_RISK_V1_2026-08-12|2026-09-25|EPU,PATH_RISK_V1_2026-08-12,2026-09-25,EPU,ACWX,2026-10-07,False,False,False,False,,,,,,,,,
PATH_RISK_V1_2026-08-12|2026-09-25|EWA,PATH_RISK_V1_2026-08-12,2026-09-25,EWA,ACWX,2026-10-07,False,False,False,False,,,,,,,,,
PATH_RISK_V1_2026-08-12|2026-09-25|EWC,PATH_RISK_V1_2026-08-12,2026-09-25,EWC,ACWX,2026-10-07,False,False,False,False,,,,,,,,,
PATH_RISK_V1_2026-08-12|2026-09-25|EWD,PATH_RISK_V1_2026-08-12,2026-09-25,EWD,ACWX,2026-10-07,False,False,False,False,,,,,,,,,
PATH_RISK_V1_2026-08-12|2026-09-25|EWG,PATH_RISK_V1_2026-08-12,2026-09-25,EWG,ACWX,2026-10-07,False,False,False,False,,,,,,,,,
PATH_RISK_V1_2026-08-12|2026-09-25|EWH,PATH_RISK_V1_2026-08-12,2026-09-25,EWH,ACWX,2026-10-07,False,False,False,False,,,,,,,,,
PATH_RISK_V1_2026-08-12|2026-09-25|EWI,PATH_RISK_V1_2026-08-12,2026-09-25,EWI,ACWX,2026-10-07,False,False,False,False,,,,,,,,,
PATH_RISK_V1_2026-08-12|2026-09-25|EWJ,PATH_RISK_V1_2026-08-12,2026-09-25,EWJ,ACWX,2026-10-07,False,False,False,False,,,,,,,,,
PATH_RISK_V1_2026-08-12|2026-09-25|EWL,PATH_RISK_V1_2026-08-12,2026-09-25,EWL,ACWX,2026-10-07,False,False,False,False,,,,,,,,,
PATH_RISK_V1_2026-08-12|2026-09-25|EWM,PATH_RISK_V1_2026-08-12,2026-09-25,EWM,ACWX,2026-10-07,False,False,False,False,,,,,,,,,
PATH_RISK_V1_2026-08-12|2026-09-25|EWN,PATH_RISK_V1_2026-08-12,2026-09-25,EWN,ACWX,2026-10-07,False,False,False,False,,,,,,,,,
PATH_RISK_V1_2026-08-12|2026-09-25|EWO,PATH_RISK_V1_2026-08-12,2026-09-25,EWO,ACWX,2026-10-07,False,False,False,False,,,,,,,,,
PATH_RISK_V1_2026-08-12|2026-09-25|EWP,PATH_RISK_V1_2026-08-12,2026-09-25,EWP,ACWX,2026-10-07,False,False,False,False,,,,,,,,,
PATH_RISK_V1_2026-08-12|2026-09-25|EWQ,PATH_RISK_V1_2026-08-12,2026-09-25,EWQ,ACWX,2026-10-07,False,False,False,False,,,,,,,,,
PATH_RISK_V1_2026-08-12|2026-09-25|EWS,PATH_RISK_V1_2026-08-12,2026-09-25,EWS,ACWX,2026-10-07,False,False,False,False,,,,,,,,,
PATH_RISK_V1_2026-08-12|2026-09-25|EWT,PATH_RISK_V1_2026-08-12,2026-09-25,EWT,ACWX,2026-10-07,False,False,False,False,,,,,,,,,
PATH_RISK_V1_2026-08-12|2026-09-25|EWU,PATH_RISK_V1_2026-08-12,2026-09-25,EWU,ACWX,2026-10-07,False,False,False,False,,,,,,,,,
PATH_RISK_V1_2026-08-12|2026-09-25|EWW,PATH_RISK_V1_2026-08-12,2026-09-25,EWW,ACWX,2026-10-07,False,False,False,False,,,,,,,,,
PATH_RISK_V1_2026-08-12|2026-09-25|EWY,PATH_RISK_V1_2026-08-12,2026-09-25,EWY,ACWX,2026-10-07,False,False,False,False,,,,,,,,,
PATH_RISK_V1_2026-08-12|2026-09-25|EWZ,PATH_RISK_V1_2026-08-12,2026-09-25,EWZ,ACWX,2026-10-07,False,False,False,False,,,,,,,,,
PATH_RISK_V1_2026-08-12|2026-09-25|EXI,PATH_RISK_V1_2026-08-12,2026-09-25,EXI,ACWI,2026-10-07,False,False,False,False,,,,,,,,,
PATH_RISK_V1_2026-08-12|2026-09-25|EZA,PATH_RISK_V1_2026-08-12,2026-09-25,EZA,ACWX,2026-10-07,False,False,False,False,,,,,,,,,
PATH_RISK_V1_2026-08-12|2026-09-25|FDN,PATH_RISK_V1_2026-08-12,2026-09-25,FDN,SPY,2026-10-07,False,False,False,False,,,,,,,,,
PATH_RISK_V1_2026-08-12|2026-09-25|FEZ,PATH_RISK_V1_2026-08-12,2026-09-25,FEZ,ACWX,2026-10-07,False,False,False,False,,,,,,,,,
PATH_RISK_V1_2026-08-12|2026-09-25|GREK,PATH_RISK_V1_2026-08-12,2026-09-25,GREK,ACWX,2026-10-07,False,False,False,False,,,,,,,,,
PATH_RISK_V1_2026-08-12|2026-09-25|IGV,PATH_RISK_V1_2026-08-12,2026-09-25,IGV,SPY,2026-10-07,False,False,False,False,,,,,,,,,
PATH_RISK_V1_2026-08-12|2026-09-25|ILF,PATH_RISK_V1_2026-08-12,2026-09-25,ILF,ACWX,2026-10-07,False,False,False,False,,,,,,,,,
PATH_RISK_V1_2026-08-12|2026-09-25|INDA,PATH_RISK_V1_2026-08-12,2026-09-25,INDA,ACWX,2026-10-07,False,False,False,False,,,,,,,,,
PATH_RISK_V1_2026-08-12|2026-09-25|IXC,PATH_RISK_V1_2026-08-12,2026-09-25,IXC,ACWI,2026-10-07,False,False,False,False,,,,,,,,,
PATH_RISK_V1_2026-08-12|2026-09-25|IXG,PATH_RISK_V1_2026-08-12,2026-09-25,IXG,ACWI,2026-10-07,False,False,False,False,,,,,,,,,
PATH_RISK_V1_2026-08-12|2026-09-25|IXJ,PATH_RISK_V1_2026-08-12,2026-09-25,IXJ,ACWI,2026-10-07,False,False,False,False,,,,,,,,,
PATH_RISK_V1_2026-08-12|2026-09-25|IXN,PATH_RISK_V1_2026-08-12,2026-09-25,IXN,ACWI,2026-10-07,False,False,False,False,,,,,,,,,
PATH_RISK_V1_2026-08-12|2026-09-25|JXI,PATH_RISK_V1_2026-08-12,2026-09-25,JXI,ACWI,2026-10-07,False,False,False,False,,,,,,,,,
PATH_RISK_V1_2026-08-12|2026-09-25|KIE,PATH_RISK_V1_2026-08-12,2026-09-25,KIE,SPY,2026-10-07,False,False,False,False,,,,,,,,,
PATH_RISK_V1_2026-08-12|2026-09-25|KRE,PATH_RISK_V1_2026-08-12,2026-09-25,KRE,SPY,2026-10-07,False,False,False,False,,,,,,,,,
PATH_RISK_V1_2026-08-12|2026-09-25|KSA,PATH_RISK_V1_2026-08-12,2026-09-25,KSA,ACWX,2026-10-07,False,False,False,False,,,,,,,,,
PATH_RISK_V1_2026-08-12|2026-09-25|KXI,PATH_RISK_V1_2026-08-12,2026-09-25,KXI,ACWI,2026-10-07,False,False,False,False,,,,,,,,,
PATH_RISK_V1_2026-08-12|2026-09-25|MCHI,PATH_RISK_V1_2026-08-12,2026-09-25,MCHI,ACWX,2026-10-07,False,False,False,False,,,,,,,,,
PATH_RISK_V1_2026-08-12|2026-09-25|MXI,PATH_RISK_V1_2026-08-12,2026-09-25,MXI,ACWI,2026-10-07,False,False,False,False,,,,,,,,,
PATH_RISK_V1_2026-08-12|2026-09-25|OIH,PATH_RISK_V1_2026-08-12,2026-09-25,OIH,SPY,2026-10-07,False,False,False,False,,,,,,,,,
PATH_RISK_V1_2026-08-12|2026-09-25|PAVE,PATH_RISK_V1_2026-08-12,2026-09-25,PAVE,SPY,2026-10-07,False,False,False,False,,,,,,,,,
PATH_RISK_V1_2026-08-12|2026-09-25|PEJ,PATH_RISK_V1_2026-08-12,2026-09-25,PEJ,SPY,2026-10-07,False,False,False,False,,,,,,,,,
PATH_RISK_V1_2026-08-12|2026-09-25|QAT,PATH_RISK_V1_2026-08-12,2026-09-25,QAT,ACWX,2026-10-07,False,False,False,False,,,,,,,,,
PATH_RISK_V1_2026-08-12|2026-09-25|RXI,PATH_RISK_V1_2026-08-12,2026-09-25,RXI,ACWI,2026-10-07,False,False,False,False,,,,,,,,,
PATH_RISK_V1_2026-08-12|2026-09-25|SCZ,PATH_RISK_V1_2026-08-12,2026-09-25,SCZ,ACWX,2026-10-07,False,False,False,False,,,,,,,,,
PATH_RISK_V1_2026-08-12|2026-09-25|SKYY,PATH_RISK_V1_2026-08-12,2026-09-25,SKYY,SPY,2026-10-07,False,False,False,False,,,,,,,,,
PATH_RISK_V1_2026-08-12|2026-09-25|SMH,PATH_RISK_V1_2026-08-12,2026-09-25,SMH,SPY,2026-10-07,False,False,False,False,,,,,,,,,
PATH_RISK_V1_2026-08-12|2026-09-25|THD,PATH_RISK_V1_2026-08-12,2026-09-25,THD,ACWX,2026-10-07,False,False,False,False,,,,,,,,,
PATH_RISK_V1_2026-08-12|2026-09-25|TUR,PATH_RISK_V1_2026-08-12,2026-09-25,TUR,ACWX,2026-10-07,False,False,False,False,,,,,,,,,
PATH_RISK_V1_2026-08-12|2026-09-25|UAE,PATH_RISK_V1_2026-08-12,2026-09-25,UAE,ACWX,2026-10-07,False,False,False,False,,,,,,,,,
PATH_RISK_V1_2026-08-12|2026-09-25|VEA,PATH_RISK_V1_2026-08-12,2026-09-25,VEA,ACWX,2026-10-07,False,False,False,False,,,,,,,,,
PATH_RISK_V1_2026-08-12|2026-09-25|VGK,PATH_RISK_V1_2026-08-12,2026-09-25,VGK,ACWX,2026-10-07,False,False,False,False,,,,,,,,,
PATH_RISK_V1_2026-08-12|2026-09-25|VNM,PATH_RISK_V1_2026-08-12,2026-09-25,VNM,ACWX,2026-10-07,False,False,False,False,,,,,,,,,
PATH_RISK_V1_2026-08-12|2026-09-25|VNQ,PATH_RISK_V1_2026-08-12,2026-09-25,VNQ,SPY,2026-10-07,False,False,False,False,,,,,,,,,
PATH_RISK_V1_2026-08-12|2026-09-25|VPL,PATH_RISK_V1_2026-08-12,2026-09-25,VPL,ACWX,2026-10-07,False,False,False,False,,,,,,,,,
PATH_RISK_V1_2026-08-12|2026-09-25|VSS,PATH_RISK_V1_2026-08-12,2026-09-25,VSS,ACWX,2026-10-07,False,False,False,False,,,,,,,,,
PATH_RISK_V1_2026-08-12|2026-09-25|VWO,PATH_RISK_V1_2026-08-12,2026-09-25,VWO,ACWX,2026-10-07,False,False,False,False,,,,,,,,,
PATH_RISK_V1_2026-08-12|2026-09-25|XBI,PATH_RISK_V1_2026-08-12,2026-09-25,XBI,SPY,2026-10-07,False,False,False,False,,,,,,,,,
PATH_RISK_V1_2026-08-12|2026-09-25|XHB,PATH_RISK_V1_2026-08-12,2026-09-25,XHB,SPY,2026-10-07,False,False,False,False,,,,,,,,,
PATH_RISK_V1_2026-08-12|2026-09-25|XLB,PATH_RISK_V1_2026-08-12,2026-09-25,XLB,SPY,2026-10-07,False,False,False,False,,,,,,,,,
PATH_RISK_V1_2026-08-12|2026-09-25|XLC,PATH_RISK_V1_2026-08-12,2026-09-25,XLC,SPY,2026-10-07,False,False,False,False,,,,,,,,,
PATH_RISK_V1_2026-08-12|2026-09-25|XLE,PATH_RISK_V1_2026-08-12,2026-09-25,XLE,SPY,2026-10-07,False,False,False,False,,,,,,,,,
PATH_RISK_V1_2026-08-12|2026-09-25|XLF,PATH_RISK_V1_2026-08-12,2026-09-25,XLF,SPY,2026-10-07,False,False,False,False,,,,,,,,,
PATH_RISK_V1_2026-08-12|2026-09-25|XLI,PATH_RISK_V1_2026-08-12,2026-09-25,XLI,SPY,2026-10-07,False,False,False,False,,,,,,,,,
PATH_RISK_V1_2026-08-12|2026-09-25|XLK,PATH_RISK_V1_2026-08-12,2026-09-25,XLK,SPY,2026-10-07,False,False,False,False,,,,,,,,,
PATH_RISK_V1_2026-08-12|2026-09-25|XLP,PATH_RISK_V1_2026-08-12,2026-09-25,XLP,SPY,2026-10-07,False,False,False,False,,,,,,,,,
PATH_RISK_V1_2026-08-12|2026-09-25|XLRE,PATH_RISK_V1_2026-08-12,2026-09-25,XLRE,SPY,2026-10-07,False,False,False,False,,,,,,,,,
PATH_RISK_V1_2026-08-12|2026-09-25|XLU,PATH_RISK_V1_2026-08-12,2026-09-25,XLU,SPY,2026-10-07,False,False,False,False,,,,,,,,,
PATH_RISK_V1_2026-08-12|2026-09-25|XLV,PATH_RISK_V1_2026-08-12,2026-09-25,XLV,SPY,2026-10-07,False,False,False,False,,,,,,,,,
PATH_RISK_V1_2026-08-12|2026-09-25|XLY,PATH_RISK_V1_2026-08-12,2026-09-25,XLY,SPY,2026-10-07,False,False,False,False,,,,,,,,,
PATH_RISK_V1_2026-08-12|2026-09-25|XME,PATH_RISK_V1_2026-08-12,2026-09-25,XME,SPY,2026-10-07,False,False,False,False,,,,,,,,,
PATH_RISK_V1_2026-08-12|2026-09-25|XOP,PATH_RISK_V1_2026-08-12,2026-09-25,XOP,SPY,2026-10-07,False,False,False,False,,,,,,,,,
PATH_RISK_V1_2026-08-12|2026-09-25|XPH,PATH_RISK_V1_2026-08-12,2026-09-25,XPH,SPY,2026-10-07,False,False,False,False,,,,,,,,,
PATH_RISK_V1_2026-08-12|2026-09-25|XRT,PATH_RISK_V1_2026-08-12,2026-09-25,XRT,SPY,2026-10-07,False,False,False,False,,,,,,,,,
PATH_RISK_V1_2026-08-12|2026-10-05|AAXJ,PATH_RISK_V1_2026-08-12,2026-10-05,AAXJ,ACWX,2026-10-07,False,False,False,False,,,,,,,,,
PATH_RISK_V1_2026-08-12|2026-10-05|AFK,PATH_RISK_V1_2026-08-12,2026-10-05,AFK,ACWX,2026-10-07,False,False,False,False,,,,,,,,,
PATH_RISK_V1_2026-08-12|2026-10-05|ARGT,PATH_RISK_V1_2026-08-12,2026-10-05,ARGT,ACWX,2026-10-07,False,False,False,False,,,,,,,,,
PATH_RISK_V1_2026-08-12|2026-10-05|ASEA,PATH_RISK_V1_2026-08-12,2026-10-05,ASEA,ACWX,2026-10-07,False,False,False,False,,,,,,,,,
PATH_RISK_V1_2026-08-12|2026-10-05|CIBR,PATH_RISK_V1_2026-08-12,2026-10-05,CIBR,SPY,2026-10-07,False,False,False,False,,,,,,,,,
PATH_RISK_V1_2026-08-12|2026-10-05|ECH,PATH_RISK_V1_2026-08-12,2026-10-05,ECH,ACWX,2026-10-07,False,False,False,False,,,,,,,,,
PATH_RISK_V1_2026-08-12|2026-10-05|EDEN,PATH_RISK_V1_2026-08-12,2026-10-05,EDEN,ACWX,2026-10-07,False,False,False,False,,,,,,,,,
PATH_RISK_V1_2026-08-12|2026-10-05|EEM,PATH_RISK_V1_2026-08-12,2026-10-05,EEM,ACWX,2026-10-07,False,False,False,False,,,,,,,,,
PATH_RISK_V1_2026-08-12|2026-10-05|EFA,PATH_RISK_V1_2026-08-12,2026-10-05,EFA,ACWX,2026-10-07,False,False,False,False,,,,,,,,,
PATH_RISK_V1_2026-08-12|2026-10-05|EFNL,PATH_RISK_V1_2026-08-12,2026-10-05,EFNL,ACWX,2026-10-07,False,False,False,False,,,,,,,,,
PATH_RISK_V1_2026-08-12|2026-10-05|EIDO,PATH_RISK_V1_2026-08-12,2026-10-05,EIDO,ACWX,2026-10-07,False,False,False,False,,,,,,,,,
PATH_RISK_V1_2026-08-12|2026-10-05|EIRL,PATH_RISK_V1_2026-08-12,2026-10-05,EIRL,ACWX,2026-10-07,False,False,False,False,,,,,,,,,
PATH_RISK_V1_2026-08-12|2026-10-05|EIS,PATH_RISK_V1_2026-08-12,2026-10-05,EIS,ACWX,2026-10-07,False,False,False,False,,,,,,,,,
PATH_RISK_V1_2026-08-12|2026-10-05|EMXC,PATH_RISK_V1_2026-08-12,2026-10-05,EMXC,ACWX,2026-10-07,False,False,False,False,,,,,,,,,
PATH_RISK_V1_2026-08-12|2026-10-05|ENOR,PATH_RISK_V1_2026-08-12,2026-10-05,ENOR,ACWX,2026-10-07,False,False,False,False,,,,,,,,,
PATH_RISK_V1_2026-08-12|2026-10-05|ENZL,PATH_RISK_V1_2026-08-12,2026-10-05,ENZL,ACWX,2026-10-07,False,False,False,False,,,,,,,,,
PATH_RISK_V1_2026-08-12|2026-10-05|EPHE,PATH_RISK_V1_2026-08-12,2026-10-05,EPHE,ACWX,2026-10-07,False,False,False,False,,,,,,,,,
PATH_RISK_V1_2026-08-12|2026-10-05|EPOL,PATH_RISK_V1_2026-08-12,2026-10-05,EPOL,ACWX,2026-10-07,False,False,False,False,,,,,,,,,
PATH_RISK_V1_2026-08-12|2026-10-05|EPP,PATH_RISK_V1_2026-08-12,2026-10-05,EPP,ACWX,2026-10-07,False,False,False,False,,,,,,,,,
PATH_RISK_V1_2026-08-12|2026-10-05|EPU,PATH_RISK_V1_2026-08-12,2026-10-05,EPU,ACWX,2026-10-07,False,False,False,False,,,,,,,,,
PATH_RISK_V1_2026-08-12|2026-10-05|EWA,PATH_RISK_V1_2026-08-12,2026-10-05,EWA,ACWX,2026-10-07,False,False,False,False,,,,,,,,,
PATH_RISK_V1_2026-08-12|2026-10-05|EWC,PATH_RISK_V1_2026-08-12,2026-10-05,EWC,ACWX,2026-10-07,False,False,False,False,,,,,,,,,
PATH_RISK_V1_2026-08-12|2026-10-05|EWD,PATH_RISK_V1_2026-08-12,2026-10-05,EWD,ACWX,2026-10-07,False,False,False,False,,,,,,,,,
PATH_RISK_V1_2026-08-12|2026-10-05|EWG,PATH_RISK_V1_2026-08-12,2026-10-05,EWG,ACWX,2026-10-07,False,False,False,False,,,,,,,,,
PATH_RISK_V1_2026-08-12|2026-10-05|EWH,PATH_RISK_V1_2026-08-12,2026-10-05,EWH,ACWX,2026-10-07,False,False,False,False,,,,,,,,,
PATH_RISK_V1_2026-08-12|2026-10-05|EWI,PATH_RISK_V1_2026-08-12,2026-10-05,EWI,ACWX,2026-10-07,False,False,False,False,,,,,,,,,
PATH_RISK_V1_2026-08-12|2026-10-05|EWJ,PATH_RISK_V1_2026-08-12,2026-10-05,EWJ,ACWX,2026-10-07,False,False,False,False,,,,,,,,,
PATH_RISK_V1_2026-08-12|2026-10-05|EWL,PATH_RISK_V1_2026-08-12,2026-10-05,EWL,ACWX,2026-10-07,False,False,False,False,,,,,,,,,
PATH_RISK_V1_2026-08-12|2026-10-05|EWM,PATH_RISK_V1_2026-08-12,2026-10-05,EWM,ACWX,2026-10-07,False,False,False,False,,,,,,,,,
PATH_RISK_V1_2026-08-12|2026-10-05|EWN,PATH_RISK_V1_2026-08-12,2026-10-05,EWN,ACWX,2026-10-07,False,False,False,False,,,,,,,,,
PATH_RISK_V1_2026-08-12|2026-10-05|EWO,PATH_RISK_V1_2026-08-12,2026-10-05,EWO,ACWX,2026-10-07,False,False,False,False,,,,,,,,,
PATH_RISK_V1_2026-08-12|2026-10-05|EWP,PATH_RISK_V1_2026-08-12,2026-10-05,EWP,ACWX,2026-10-07,False,False,False,False,,,,,,,,,
PATH_RISK_V1_2026-08-12|2026-10-05|EWQ,PATH_RISK_V1_2026-08-12,2026-10-05,EWQ,ACWX,2026-10-07,False,False,False,False,,,,,,,,,
PATH_RISK_V1_2026-08-12|2026-10-05|EWS,PATH_RISK_V1_2026-08-12,2026-10-05,EWS,ACWX,2026-10-07,False,False,False,False,,,,,,,,,
PATH_RISK_V1_2026-08-12|2026-10-05|EWT,PATH_RISK_V1_2026-08-12,2026-10-05,EWT,ACWX,2026-10-07,False,False,False,False,,,,,,,,,
PATH_RISK_V1_2026-08-12|2026-10-05|EWU,PATH_RISK_V1_2026-08-12,2026-10-05,EWU,ACWX,2026-10-07,False,False,False,False,,,,,,,,,
PATH_RISK_V1_2026-08-12|2026-10-05|EWW,PATH_RISK_V1_2026-08-12,2026-10-05,EWW,ACWX,2026-10-07,False,False,False,False,,,,,,,,,
PATH_RISK_V1_2026-08-12|2026-10-05|EWY,PATH_RISK_V1_2026-08-12,2026-10-05,EWY,ACWX,2026-10-07,False,False,False,False,,,,,,,,,
PATH_RISK_V1_2026-08-12|2026-10-05|EWZ,PATH_RISK_V1_2026-08-12,2026-10-05,EWZ,ACWX,2026-10-07,False,False,False,False,,,,,,,,,
PATH_RISK_V1_2026-08-12|2026-10-05|EXI,PATH_RISK_V1_2026-08-12,2026-10-05,EXI,ACWI,2026-10-07,False,False,False,False,,,,,,,,,
PATH_RISK_V1_2026-08-12|2026-10-05|EZA,PATH_RISK_V1_2026-08-12,2026-10-05,EZA,ACWX,2026-10-07,False,False,False,False,,,,,,,,,
PATH_RISK_V1_2026-08-12|2026-10-05|FDN,PATH_RISK_V1_2026-08-12,2026-10-05,FDN,SPY,2026-10-07,False,False,False,False,,,,,,,,,
PATH_RISK_V1_2026-08-12|2026-10-05|FEZ,PATH_RISK_V1_2026-08-12,2026-10-05,FEZ,ACWX,2026-10-07,False,False,False,False,,,,,,,,,
PATH_RISK_V1_2026-08-12|2026-10-05|GREK,PATH_RISK_V1_2026-08-12,2026-10-05,GREK,ACWX,2026-10-07,False,False,False,False,,,,,,,,,
PATH_RISK_V1_2026-08-12|2026-10-05|IGV,PATH_RISK_V1_2026-08-12,2026-10-05,IGV,SPY,2026-10-07,False,False,False,False,,,,,,,,,
PATH_RISK_V1_2026-08-12|2026-10-05|IHF,PATH_RISK_V1_2026-08-12,2026-10-05,IHF,SPY,2026-10-07,False,False,False,False,,,,,,,,,
PATH_RISK_V1_2026-08-12|2026-10-05|IHI,PATH_RISK_V1_2026-08-12,2026-10-05,IHI,SPY,2026-10-07,False,False,False,False,,,,,,,,,
PATH_RISK_V1_2026-08-12|2026-10-05|ILF,PATH_RISK_V1_2026-08-12,2026-10-05,ILF,ACWX,2026-10-07,False,False,False,False,,,,,,,,,
PATH_RISK_V1_2026-08-12|2026-10-05|INDA,PATH_RISK_V1_2026-08-12,2026-10-05,INDA,ACWX,2026-10-07,False,False,False,False,,,,,,,,,
PATH_RISK_V1_2026-08-12|2026-10-05|ITA,PATH_RISK_V1_2026-08-12,2026-10-05,ITA,SPY,2026-10-07,False,False,False,False,,,,,,,,,
PATH_RISK_V1_2026-08-12|2026-10-05|IWM,PATH_RISK_V1_2026-08-12,2026-10-05,IWM,ITOT,2026-10-07,False,False,False,False,,,,,,,,,
PATH_RISK_V1_2026-08-12|2026-10-05|IXC,PATH_RISK_V1_2026-08-12,2026-10-05,IXC,ACWI,2026-10-07,False,False,False,False,,,,,,,,,
PATH_RISK_V1_2026-08-12|2026-10-05|IXG,PATH_RISK_V1_2026-08-12,2026-10-05,IXG,ACWI,2026-10-07,False,False,False,False,,,,,,,,,
PATH_RISK_V1_2026-08-12|2026-10-05|IXJ,PATH_RISK_V1_2026-08-12,2026-10-05,IXJ,ACWI,2026-10-07,False,False,False,False,,,,,,,,,
PATH_RISK_V1_2026-08-12|2026-10-05|IXN,PATH_RISK_V1_2026-08-12,2026-10-05,IXN,ACWI,2026-10-07,False,False,False,False,,,,,,,,,
PATH_RISK_V1_2026-08-12|2026-10-05|IXP,PATH_RISK_V1_2026-08-12,2026-10-05,IXP,ACWI,2026-10-07,False,False,False,False,,,,,,,,,
PATH_RISK_V1_2026-08-12|2026-10-05|IYG,PATH_RISK_V1_2026-08-12,2026-10-05,IYG,SPY,2026-10-07,False,False,False,False,,,,,,,,,
PATH_RISK_V1_2026-08-12|2026-10-05|IYT,PATH_RISK_V1_2026-08-12,2026-10-05,IYT,SPY,2026-10-07,False,False,False,False,,,,,,,,,
PATH_RISK_V1_2026-08-12|2026-10-05|IYZ,PATH_RISK_V1_2026-08-12,2026-10-05,IYZ,SPY,2026-10-07,False,False,False,False,,,,,,,,,
PATH_RISK_V1_2026-08-12|2026-10-05|JXI,PATH_RISK_V1_2026-08-12,2026-10-05,JXI,ACWI,2026-10-07,False,False,False,False,,,,,,,,,
PATH_RISK_V1_2026-08-12|2026-10-05|KBE,PATH_RISK_V1_2026-08-12,2026-10-05,KBE,SPY,2026-10-07,False,False,False,False,,,,,,,,,
PATH_RISK_V1_2026-08-12|2026-10-05|KIE,PATH_RISK_V1_2026-08-12,2026-10-05,KIE,SPY,2026-10-07,False,False,False,False,,,,,,,,,
PATH_RISK_V1_2026-08-12|2026-10-05|KRE,PATH_RISK_V1_2026-08-12,2026-10-05,KRE,SPY,2026-10-07,False,False,False,False,,,,,,,,,
PATH_RISK_V1_2026-08-12|2026-10-05|KSA,PATH_RISK_V1_2026-08-12,2026-10-05,KSA,ACWX,2026-10-07,False,False,False,False,,,,,,,,,
PATH_RISK_V1_2026-08-12|2026-10-05|KXI,PATH_RISK_V1_2026-08-12,2026-10-05,KXI,ACWI,2026-10-07,False,False,False,False,,,,,,,,,
PATH_RISK_V1_2026-08-12|2026-10-05|MCHI,PATH_RISK_V1_2026-08-12,2026-10-05,MCHI,ACWX,2026-10-07,False,False,False,False,,,,,,,,,
PATH_RISK_V1_2026-08-12|2026-10-05|MDY,PATH_RISK_V1_2026-08-12,2026-10-05,MDY,ITOT,2026-10-07,False,False,False,False,,,,,,,,,
PATH_RISK_V1_2026-08-12|2026-10-05|MXI,PATH_RISK_V1_2026-08-12,2026-10-05,MXI,ACWI,2026-10-07,False,False,False,False,,,,,,,,,
PATH_RISK_V1_2026-08-12|2026-10-05|OIH,PATH_RISK_V1_2026-08-12,2026-10-05,OIH,SPY,2026-10-07,False,False,False,False,,,,,,,,,
PATH_RISK_V1_2026-08-12|2026-10-05|PAVE,PATH_RISK_V1_2026-08-12,2026-10-05,PAVE,SPY,2026-10-07,False,False,False,False,,,,,,,,,
PATH_RISK_V1_2026-08-12|2026-10-05|PBJ,PATH_RISK_V1_2026-08-12,2026-10-05,PBJ,SPY,2026-10-07,False,False,False,False,,,,,,,,,
PATH_RISK_V1_2026-08-12|2026-10-05|PEJ,PATH_RISK_V1_2026-08-12,2026-10-05,PEJ,SPY,2026-10-07,False,False,False,False,,,,,,,,,
PATH_RISK_V1_2026-08-12|2026-10-05|QAT,PATH_RISK_V1_2026-08-12,2026-10-05,QAT,ACWX,2026-10-07,False,False,False,False,,,,,,,,,
PATH_RISK_V1_2026-08-12|2026-10-05|QQQ,PATH_RISK_V1_2026-08-12,2026-10-05,QQQ,SPY,2026-10-07,False,False,False,False,,,,,,,,,
PATH_RISK_V1_2026-08-12|2026-10-05|REM,PATH_RISK_V1_2026-08-12,2026-10-05,REM,SPY,2026-10-07,False,False,False,False,,,,,,,,,
PATH_RISK_V1_2026-08-12|2026-10-05|REZ,PATH_RISK_V1_2026-08-12,2026-10-05,REZ,SPY,2026-10-07,False,False,False,False,,,,,,,,,
PATH_RISK_V1_2026-08-12|2026-10-05|RXI,PATH_RISK_V1_2026-08-12,2026-10-05,RXI,ACWI,2026-10-07,False,False,False,False,,,,,,,,,
PATH_RISK_V1_2026-08-12|2026-10-05|SCZ,PATH_RISK_V1_2026-08-12,2026-10-05,SCZ,ACWX,2026-10-07,False,False,False,False,,,,,,,,,
PATH_RISK_V1_2026-08-12|2026-10-05|SKYY,PATH_RISK_V1_2026-08-12,2026-10-05,SKYY,SPY,2026-10-07,False,False,False,False,,,,,,,,,
PATH_RISK_V1_2026-08-12|2026-10-05|SMH,PATH_RISK_V1_2026-08-12,2026-10-05,SMH,SPY,2026-10-07,False,False,False,False,,,,,,,,,
PATH_RISK_V1_2026-08-12|2026-10-05|THD,PATH_RISK_V1_2026-08-12,2026-10-05,THD,ACWX,2026-10-07,False,False,False,False,,,,,,,,,
PATH_RISK_V1_2026-08-12|2026-10-05|TUR,PATH_RISK_V1_2026-08-12,2026-10-05,TUR,ACWX,2026-10-07,False,False,False,False,,,,,,,,,
PATH_RISK_V1_2026-08-12|2026-10-05|UAE,PATH_RISK_V1_2026-08-12,2026-10-05,UAE,ACWX,2026-10-07,False,False,False,False,,,,,,,,,
PATH_RISK_V1_2026-08-12|2026-10-05|VEA,PATH_RISK_V1_2026-08-12,2026-10-05,VEA,ACWX,2026-10-07,False,False,False,False,,,,,,,,,
PATH_RISK_V1_2026-08-12|2026-10-05|VGK,PATH_RISK_V1_2026-08-12,2026-10-05,VGK,ACWX,2026-10-07,False,False,False,False,,,,,,,,,
PATH_RISK_V1_2026-08-12|2026-10-05|VNM,PATH_RISK_V1_2026-08-12,2026-10-05,VNM,ACWX,2026-10-07,False,False,False,False,,,,,,,,,
PATH_RISK_V1_2026-08-12|2026-10-05|VNQ,PATH_RISK_V1_2026-08-12,2026-10-05,VNQ,SPY,2026-10-07,False,False,False,False,,,,,,,,,
PATH_RISK_V1_2026-08-12|2026-10-05|VPL,PATH_RISK_V1_2026-08-12,2026-10-05,VPL,ACWX,2026-10-07,False,False,False,False,,,,,,,,,
PATH_RISK_V1_2026-08-12|2026-10-05|VSS,PATH_RISK_V1_2026-08-12,2026-10-05,VSS,ACWX,2026-10-07,False,False,False,False,,,,,,,,,
PATH_RISK_V1_2026-08-12|2026-10-05|VWO,PATH_RISK_V1_2026-08-12,2026-10-05,VWO,ACWX,2026-10-07,False,False,False,False,,,,,,,,,
PATH_RISK_V1_2026-08-12|2026-10-05|XBI,PATH_RISK_V1_2026-08-12,2026-10-05,XBI,SPY,2026-10-07,False,False,False,False,,,,,,,,,
PATH_RISK_V1_2026-08-12|2026-10-05|XHB,PATH_RISK_V1_2026-08-12,2026-10-05,XHB,SPY,2026-10-07,False,False,False,False,,,,,,,,,
PATH_RISK_V1_2026-08-12|2026-10-05|XLB,PATH_RISK_V1_2026-08-12,2026-10-05,XLB,SPY,2026-10-07,False,False,False,False,,,,,,,,,
PATH_RISK_V1_2026-08-12|2026-10-05|XLC,PATH_RISK_V1_2026-08-12,2026-10-05,XLC,SPY,2026-10-07,False,False,False,False,,,,,,,,,
PATH_RISK_V1_2026-08-12|2026-10-05|XLE,PATH_RISK_V1_2026-08-12,2026-10-05,XLE,SPY,2026-10-07,False,False,False,False,,,,,,,,,
PATH_RISK_V1_2026-08-12|2026-10-05|XLF,PATH_RISK_V1_2026-08-12,2026-10-05,XLF,SPY,2026-10-07,False,False,False,False,,,,,,,,,
PATH_RISK_V1_2026-08-12|2026-10-05|XLI,PATH_RISK_V1_2026-08-12,2026-10-05,XLI,SPY,2026-10-07,False,False,False,False,,,,,,,,,
PATH_RISK_V1_2026-08-12|2026-10-05|XLK,PATH_RISK_V1_2026-08-12,2026-10-05,XLK,SPY,2026-10-07,False,False,False,False,,,,,,,,,
PATH_RISK_V1_2026-08-12|2026-10-05|XLP,PATH_RISK_V1_2026-08-12,2026-10-05,XLP,SPY,2026-10-07,False,False,False,False,,,,,,,,,
PATH_RISK_V1_2026-08-12|2026-10-05|XLRE,PATH_RISK_V1_2026-08-12,2026-10-05,XLRE,SPY,2026-10-07,False,False,False,False,,,,,,,,,
PATH_RISK_V1_2026-08-12|2026-10-05|XLU,PATH_RISK_V1_2026-08-12,2026-10-05,XLU,SPY,2026-10-07,False,False,False,False,,,,,,,,,
PATH_RISK_V1_2026-08-12|2026-10-05|XLV,PATH_RISK_V1_2026-08-12,2026-10-05,XLV,SPY,2026-10-07,False,False,False,False,,,,,,,,,
PATH_RISK_V1_2026-08-12|2026-10-05|XLY,PATH_RISK_V1_2026-08-12,2026-10-05,XLY,SPY,2026-10-07,False,False,False,False,,,,,,,,,
PATH_RISK_V1_2026-08-12|2026-10-05|XME,PATH_RISK_V1_2026-08-12,2026-10-05,XME,SPY,2026-10-07,False,False,False,False,,,,,,,,,
PATH_RISK_V1_2026-08-12|2026-10-05|XOP,PATH_RISK_V1_2026-08-12,2026-10-05,XOP,SPY,2026-10-07,False,False,False,False,,,,,,,,,
PATH_RISK_V1_2026-08-12|2026-10-05|XPH,PATH_RISK_V1_2026-08-12,2026-10-05,XPH,SPY,2026-10-07,False,False,False,False,,,,,,,,,
PATH_RISK_V1_2026-08-12|2026-10-05|XRT,PATH_RISK_V1_2026-08-12,2026-10-05,XRT,SPY,2026-10-07,False,False,False,False,,,,,,,,,
PATH_RISK_V1_2026-08-12|2026-10-06|AAXJ,PATH_RISK_V1_2026-08-12,2026-10-06,AAXJ,ACWX,2026-10-07,False,False,False,False,,,,,,,,,
PATH_RISK_V1_2026-08-12|2026-10-06|AFK,PATH_RISK_V1_2026-08-12,2026-10-06,AFK,ACWX,2026-10-07,False,False,False,False,,,,,,,,,
PATH_RISK_V1_2026-08-12|2026-10-06|ARGT,PATH_RISK_V1_2026-08-12,2026-10-06,ARGT,ACWX,2026-10-07,False,False,False,False,,,,,,,,,
PATH_RISK_V1_2026-08-12|2026-10-06|ASEA,PATH_RISK_V1_2026-08-12,2026-10-06,ASEA,ACWX,2026-10-07,False,False,False,False,,,,,,,,,
PATH_RISK_V1_2026-08-12|2026-10-06|ECH,PATH_RISK_V1_2026-08-12,2026-10-06,ECH,ACWX,2026-10-07,False,False,False,False,,,,,,,,,
PATH_RISK_V1_2026-08-12|2026-10-06|EEM,PATH_RISK_V1_2026-08-12,2026-10-06,EEM,ACWX,2026-10-07,False,False,False,False,,,,,,,,,
PATH_RISK_V1_2026-08-12|2026-10-06|EFA,PATH_RISK_V1_2026-08-12,2026-10-06,EFA,ACWX,2026-10-07,False,False,False,False,,,,,,,,,
PATH_RISK_V1_2026-08-12|2026-10-06|EIDO,PATH_RISK_V1_2026-08-12,2026-10-06,EIDO,ACWX,2026-10-07,False,False,False,False,,,,,,,,,
PATH_RISK_V1_2026-08-12|2026-10-06|EIRL,PATH_RISK_V1_2026-08-12,2026-10-06,EIRL,ACWX,2026-10-07,False,False,False,False,,,,,,,,,
PATH_RISK_V1_2026-08-12|2026-10-06|EIS,PATH_RISK_V1_2026-08-12,2026-10-06,EIS,ACWX,2026-10-07,False,False,False,False,,,,,,,,,
PATH_RISK_V1_2026-08-12|2026-10-06|ENZL,PATH_RISK_V1_2026-08-12,2026-10-06,ENZL,ACWX,2026-10-07,False,False,False,False,,,,,,,,,
PATH_RISK_V1_2026-08-12|2026-10-06|EPHE,PATH_RISK_V1_2026-08-12,2026-10-06,EPHE,ACWX,2026-10-07,False,False,False,False,,,,,,,,,
PATH_RISK_V1_2026-08-12|2026-10-06|EPOL,PATH_RISK_V1_2026-08-12,2026-10-06,EPOL,ACWX,2026-10-07,False,False,False,False,,,,,,,,,
PATH_RISK_V1_2026-08-12|2026-10-06|EPP,PATH_RISK_V1_2026-08-12,2026-10-06,EPP,ACWX,2026-10-07,False,False,False,False,,,,,,,,,
PATH_RISK_V1_2026-08-12|2026-10-06|EPU,PATH_RISK_V1_2026-08-12,2026-10-06,EPU,ACWX,2026-10-07,False,False,False,False,,,,,,,,,
PATH_RISK_V1_2026-08-12|2026-10-06|EWA,PATH_RISK_V1_2026-08-12,2026-10-06,EWA,ACWX,2026-10-07,False,False,False,False,,,,,,,,,
PATH_RISK_V1_2026-08-12|2026-10-06|EWC,PATH_RISK_V1_2026-08-12,2026-10-06,EWC,ACWX,2026-10-07,False,False,False,False,,,,,,,,,
PATH_RISK_V1_2026-08-12|2026-10-06|EWD,PATH_RISK_V1_2026-08-12,2026-10-06,EWD,ACWX,2026-10-07,False,False,False,False,,,,,,,,,
PATH_RISK_V1_2026-08-12|2026-10-06|EWG,PATH_RISK_V1_2026-08-12,2026-10-06,EWG,ACWX,2026-10-07,False,False,False,False,,,,,,,,,
PATH_RISK_V1_2026-08-12|2026-10-06|EWH,PATH_RISK_V1_2026-08-12,2026-10-06,EWH,ACWX,2026-10-07,False,False,False,False,,,,,,,,,
PATH_RISK_V1_2026-08-12|2026-10-06|EWI,PATH_RISK_V1_2026-08-12,2026-10-06,EWI,ACWX,2026-10-07,False,False,False,False,,,,,,,,,
PATH_RISK_V1_2026-08-12|2026-10-06|EWJ,PATH_RISK_V1_2026-08-12,2026-10-06,EWJ,ACWX,2026-10-07,False,False,False,False,,,,,,,,,
PATH_RISK_V1_2026-08-12|2026-10-06|EWL,PATH_RISK_V1_2026-08-12,2026-10-06,EWL,ACWX,2026-10-07,False,False,False,False,,,,,,,,,
PATH_RISK_V1_2026-08-12|2026-10-06|EWM,PATH_RISK_V1_2026-08-12,2026-10-06,EWM,ACWX,2026-10-07,False,False,False,False,,,,,,,,,
PATH_RISK_V1_2026-08-12|2026-10-06|EWN,PATH_RISK_V1_2026-08-12,2026-10-06,EWN,ACWX,2026-10-07,False,False,False,False,,,,,,,,,
PATH_RISK_V1_2026-08-12|2026-10-06|EWO,PATH_RISK_V1_2026-08-12,2026-10-06,EWO,ACWX,2026-10-07,False,False,False,False,,,,,,,,,
PATH_RISK_V1_2026-08-12|2026-10-06|EWP,PATH_RISK_V1_2026-08-12,2026-10-06,EWP,ACWX,2026-10-07,False,False,False,False,,,,,,,,,
PATH_RISK_V1_2026-08-12|2026-10-06|EWQ,PATH_RISK_V1_2026-08-12,2026-10-06,EWQ,ACWX,2026-10-07,False,False,False,False,,,,,,,,,
PATH_RISK_V1_2026-08-12|2026-10-06|EWS,PATH_RISK_V1_2026-08-12,2026-10-06,EWS,ACWX,2026-10-07,False,False,False,False,,,,,,,,,
PATH_RISK_V1_2026-08-12|2026-10-06|EWT,PATH_RISK_V1_2026-08-12,2026-10-06,EWT,ACWX,2026-10-07,False,False,False,False,,,,,,,,,
PATH_RISK_V1_2026-08-12|2026-10-06|EWU,PATH_RISK_V1_2026-08-12,2026-10-06,EWU,ACWX,2026-10-07,False,False,False,False,,,,,,,,,
PATH_RISK_V1_2026-08-12|2026-10-06|EWW,PATH_RISK_V1_2026-08-12,2026-10-06,EWW,ACWX,2026-10-07,False,False,False,False,,,,,,,,,
PATH_RISK_V1_2026-08-12|2026-10-06|EWY,PATH_RISK_V1_2026-08-12,2026-10-06,EWY,ACWX,2026-10-07,False,False,False,False,,,,,,,,,
PATH_RISK_V1_2026-08-12|2026-10-06|EWZ,PATH_RISK_V1_2026-08-12,2026-10-06,EWZ,ACWX,2026-10-07,False,False,False,False,,,,,,,,,
PATH_RISK_V1_2026-08-12|2026-10-06|EXI,PATH_RISK_V1_2026-08-12,2026-10-06,EXI,ACWI,2026-10-07,False,False,False,False,,,,,,,,,
PATH_RISK_V1_2026-08-12|2026-10-06|EZA,PATH_RISK_V1_2026-08-12,2026-10-06,EZA,ACWX,2026-10-07,False,False,False,False,,,,,,,,,
PATH_RISK_V1_2026-08-12|2026-10-06|FDN,PATH_RISK_V1_2026-08-12,2026-10-06,FDN,SPY,2026-10-07,False,False,False,False,,,,,,,,,
PATH_RISK_V1_2026-08-12|2026-10-06|FEZ,PATH_RISK_V1_2026-08-12,2026-10-06,FEZ,ACWX,2026-10-07,False,False,False,False,,,,,,,,,
PATH_RISK_V1_2026-08-12|2026-10-06|GREK,PATH_RISK_V1_2026-08-12,2026-10-06,GREK,ACWX,2026-10-07,False,False,False,False,,,,,,,,,
PATH_RISK_V1_2026-08-12|2026-10-06|IGV,PATH_RISK_V1_2026-08-12,2026-10-06,IGV,SPY,2026-10-07,False,False,False,False,,,,,,,,,
PATH_RISK_V1_2026-08-12|2026-10-06|IHF,PATH_RISK_V1_2026-08-12,2026-10-06,IHF,SPY,2026-10-07,False,False,False,False,,,,,,,,,
PATH_RISK_V1_2026-08-12|2026-10-06|IHI,PATH_RISK_V1_2026-08-12,2026-10-06,IHI,SPY,2026-10-07,False,False,False,False,,,,,,,,,
PATH_RISK_V1_2026-08-12|2026-10-06|ILF,PATH_RISK_V1_2026-08-12,2026-10-06,ILF,ACWX,2026-10-07,False,False,False,False,,,,,,,,,
PATH_RISK_V1_2026-08-12|2026-10-06|ITA,PATH_RISK_V1_2026-08-12,2026-10-06,ITA,SPY,2026-10-07,False,False,False,False,,,,,,,,,
PATH_RISK_V1_2026-08-12|2026-10-06|IWM,PATH_RISK_V1_2026-08-12,2026-10-06,IWM,ITOT,2026-10-07,False,False,False,False,,,,,,,,,
PATH_RISK_V1_2026-08-12|2026-10-06|IXC,PATH_RISK_V1_2026-08-12,2026-10-06,IXC,ACWI,2026-10-07,False,False,False,False,,,,,,,,,
PATH_RISK_V1_2026-08-12|2026-10-06|IXG,PATH_RISK_V1_2026-08-12,2026-10-06,IXG,ACWI,2026-10-07,False,False,False,False,,,,,,,,,
PATH_RISK_V1_2026-08-12|2026-10-06|IXJ,PATH_RISK_V1_2026-08-12,2026-10-06,IXJ,ACWI,2026-10-07,False,False,False,False,,,,,,,,,
PATH_RISK_V1_2026-08-12|2026-10-06|IXN,PATH_RISK_V1_2026-08-12,2026-10-06,IXN,ACWI,2026-10-07,False,False,False,False,,,,,,,,,
PATH_RISK_V1_2026-08-12|2026-10-06|IXP,PATH_RISK_V1_2026-08-12,2026-10-06,IXP,ACWI,2026-10-07,False,False,False,False,,,,,,,,,
PATH_RISK_V1_2026-08-12|2026-10-06|IYG,PATH_RISK_V1_2026-08-12,2026-10-06,IYG,SPY,2026-10-07,False,False,False,False,,,,,,,,,
PATH_RISK_V1_2026-08-12|2026-10-06|IYT,PATH_RISK_V1_2026-08-12,2026-10-06,IYT,SPY,2026-10-07,False,False,False,False,,,,,,,,,
PATH_RISK_V1_2026-08-12|2026-10-06|IYZ,PATH_RISK_V1_2026-08-12,2026-10-06,IYZ,SPY,2026-10-07,False,False,False,False,,,,,,,,,
PATH_RISK_V1_2026-08-12|2026-10-06|JXI,PATH_RISK_V1_2026-08-12,2026-10-06,JXI,ACWI,2026-10-07,False,False,False,False,,,,,,,,,
PATH_RISK_V1_2026-08-12|2026-10-06|KBE,PATH_RISK_V1_2026-08-12,2026-10-06,KBE,SPY,2026-10-07,False,False,False,False,,,,,,,,,
PATH_RISK_V1_2026-08-12|2026-10-06|KIE,PATH_RISK_V1_2026-08-12,2026-10-06,KIE,SPY,2026-10-07,False,False,False,False,,,,,,,,,
PATH_RISK_V1_2026-08-12|2026-10-06|KRE,PATH_RISK_V1_2026-08-12,2026-10-06,KRE,SPY,2026-10-07,False,False,False,False,,,,,,,,,
PATH_RISK_V1_2026-08-12|2026-10-06|KXI,PATH_RISK_V1_2026-08-12,2026-10-06,KXI,ACWI,2026-10-07,False,False,False,False,,,,,,,,,
PATH_RISK_V1_2026-08-12|2026-10-06|MCHI,PATH_RISK_V1_2026-08-12,2026-10-06,MCHI,ACWX,2026-10-07,False,False,False,False,,,,,,,,,
PATH_RISK_V1_2026-08-12|2026-10-06|MDY,PATH_RISK_V1_2026-08-12,2026-10-06,MDY,ITOT,2026-10-07,False,False,False,False,,,,,,,,,
PATH_RISK_V1_2026-08-12|2026-10-06|MXI,PATH_RISK_V1_2026-08-12,2026-10-06,MXI,ACWI,2026-10-07,False,False,False,False,,,,,,,,,
PATH_RISK_V1_2026-08-12|2026-10-06|OIH,PATH_RISK_V1_2026-08-12,2026-10-06,OIH,SPY,2026-10-07,False,False,False,False,,,,,,,,,
PATH_RISK_V1_2026-08-12|2026-10-06|PBJ,PATH_RISK_V1_2026-08-12,2026-10-06,PBJ,SPY,2026-10-07,False,False,False,False,,,,,,,,,
PATH_RISK_V1_2026-08-12|2026-10-06|PEJ,PATH_RISK_V1_2026-08-12,2026-10-06,PEJ,SPY,2026-10-07,False,False,False,False,,,,,,,,,
PATH_RISK_V1_2026-08-12|2026-10-06|QQQ,PATH_RISK_V1_2026-08-12,2026-10-06,QQQ,SPY,2026-10-07,False,False,False,False,,,,,,,,,
PATH_RISK_V1_2026-08-12|2026-10-06|REM,PATH_RISK_V1_2026-08-12,2026-10-06,REM,SPY,2026-10-07,False,False,False,False,,,,,,,,,
PATH_RISK_V1_2026-08-12|2026-10-06|REZ,PATH_RISK_V1_2026-08-12,2026-10-06,REZ,SPY,2026-10-07,False,False,False,False,,,,,,,,,
PATH_RISK_V1_2026-08-12|2026-10-06|RXI,PATH_RISK_V1_2026-08-12,2026-10-06,RXI,ACWI,2026-10-07,False,False,False,False,,,,,,,,,
PATH_RISK_V1_2026-08-12|2026-10-06|SCZ,PATH_RISK_V1_2026-08-12,2026-10-06,SCZ,ACWX,2026-10-07,False,False,False,False,,,,,,,,,
PATH_RISK_V1_2026-08-12|2026-10-06|SKYY,PATH_RISK_V1_2026-08-12,2026-10-06,SKYY,SPY,2026-10-07,False,False,False,False,,,,,,,,,
PATH_RISK_V1_2026-08-12|2026-10-06|SMH,PATH_RISK_V1_2026-08-12,2026-10-06,SMH,SPY,2026-10-07,False,False,False,False,,,,,,,,,
PATH_RISK_V1_2026-08-12|2026-10-06|THD,PATH_RISK_V1_2026-08-12,2026-10-06,THD,ACWX,2026-10-07,False,False,False,False,,,,,,,,,
PATH_RISK_V1_2026-08-12|2026-10-06|TUR,PATH_RISK_V1_2026-08-12,2026-10-06,TUR,ACWX,2026-10-07,False,False,False,False,,,,,,,,,
PATH_RISK_V1_2026-08-12|2026-10-06|VEA,PATH_RISK_V1_2026-08-12,2026-10-06,VEA,ACWX,2026-10-07,False,False,False,False,,,,,,,,,
PATH_RISK_V1_2026-08-12|2026-10-06|VGK,PATH_RISK_V1_2026-08-12,2026-10-06,VGK,ACWX,2026-10-07,False,False,False,False,,,,,,,,,
PATH_RISK_V1_2026-08-12|2026-10-06|VNM,PATH_RISK_V1_2026-08-12,2026-10-06,VNM,ACWX,2026-10-07,False,False,False,False,,,,,,,,,
PATH_RISK_V1_2026-08-12|2026-10-06|VNQ,PATH_RISK_V1_2026-08-12,2026-10-06,VNQ,SPY,2026-10-07,False,False,False,False,,,,,,,,,
PATH_RISK_V1_2026-08-12|2026-10-06|VPL,PATH_RISK_V1_2026-08-12,2026-10-06,VPL,ACWX,2026-10-07,False,False,False,False,,,,,,,,,
PATH_RISK_V1_2026-08-12|2026-10-06|VSS,PATH_RISK_V1_2026-08-12,2026-10-06,VSS,ACWX,2026-10-07,False,False,False,False,,,,,,,,,
PATH_RISK_V1_2026-08-12|2026-10-06|VWO,PATH_RISK_V1_2026-08-12,2026-10-06,VWO,ACWX,2026-10-07,False,False,False,False,,,,,,,,,
PATH_RISK_V1_2026-08-12|2026-10-06|XBI,PATH_RISK_V1_2026-08-12,2026-10-06,XBI,SPY,2026-10-07,False,False,False,False,,,,,,,,,
PATH_RISK_V1_2026-08-12|2026-10-06|XHB,PATH_RISK_V1_2026-08-12,2026-10-06,XHB,SPY,2026-10-07,False,False,False,False,,,,,,,,,
PATH_RISK_V1_2026-08-12|2026-10-06|XLB,PATH_RISK_V1_2026-08-12,2026-10-06,XLB,SPY,2026-10-07,False,False,False,False,,,,,,,,,
PATH_RISK_V1_2026-08-12|2026-10-06|XLE,PATH_RISK_V1_2026-08-12,2026-10-06,XLE,SPY,2026-10-07,False,False,False,False,,,,,,,,,
PATH_RISK_V1_2026-08-12|2026-10-06|XLF,PATH_RISK_V1_2026-08-12,2026-10-06,XLF,SPY,2026-10-07,False,False,False,False,,,,,,,,,
PATH_RISK_V1_2026-08-12|2026-10-06|XLI,PATH_RISK_V1_2026-08-12,2026-10-06,XLI,SPY,2026-10-07,False,False,False,False,,,,,,,,,
PATH_RISK_V1_2026-08-12|2026-10-06|XLK,PATH_RISK_V1_2026-08-12,2026-10-06,XLK,SPY,2026-10-07,False,False,False,False,,,,,,,,,
PATH_RISK_V1_2026-08-12|2026-10-06|XLP,PATH_RISK_V1_2026-08-12,2026-10-06,XLP,SPY,2026-10-07,False,False,False,False,,,,,,,,,
PATH_RISK_V1_2026-08-12|2026-10-06|XLU,PATH_RISK_V1_2026-08-12,2026-10-06,XLU,SPY,2026-10-07,False,False,False,False,,,,,,,,,
PATH_RISK_V1_2026-08-12|2026-10-06|XLV,PATH_RISK_V1_2026-08-12,2026-10-06,XLV,SPY,2026-10-07,False,False,False,False,,,,,,,,,
PATH_RISK_V1_2026-08-12|2026-10-06|XLY,PATH_RISK_V1_2026-08-12,2026-10-06,XLY,SPY,2026-10-07,False,False,False,False,,,,,,,,,
PATH_RISK_V1_2026-08-12|2026-10-06|XME,PATH_RISK_V1_2026-08-12,2026-10-06,XME,SPY,2026-10-07,False,False,False,False,,,,,,,,,
PATH_RISK_V1_2026-08-12|2026-10-06|XOP,PATH_RISK_V1_2026-08-12,2026-10-06,XOP,SPY,2026-10-07,False,False,False,False,,,,,,,,,
PATH_RISK_V1_2026-08-12|2026-10-06|XPH,PATH_RISK_V1_2026-08-12,2026-10-06,XPH,SPY,2026-10-07,False,False,False,False,,,,,,,,,
PATH_RISK_V1_2026-08-12|2026-10-06|XRT,PATH_RISK_V1_2026-08-12,2026-10-06,XRT,SPY,2026-10-07,False,False,False,False,,,,,,,,,
