prediction_id,captured_at_utc,market_date,ticker,rotation_group,primary_benchmark,exposure,patch6_rotation_score,patch6_group_percentile,patch6_raw_state,patch6_confirmed_state,patch6_top20,shadow_feature_complete,universal_path_success_probability,universal_peer_rank,universal_peer_size,universal_peer_percentile,universal_low_trust,universal_veto_on_patch6,challenger_path_success_probability,challenger_model_used,challenger_peer_rank,challenger_peer_size,challenger_peer_percentile,challenger_low_trust,challenger_veto_on_patch6,model_version,target_version,feature_version,feature_rel_ret_21,feature_rel_ret_63,feature_rel_ret_126,feature_rel_vs_ema21,feature_rel_vs_ema63,feature_ema21_vs_ema63,feature_ema63_vs_ema126,feature_ema63_slope21,feature_ema126_slope21,feature_dist_low126,feature_drawdown_high126,feature_bars_since_low126,feature_bars_since_high126,feature_rel_vol21,feature_rel_vol63
PATH_RISK_V1_2026-08-12|2026-08-11|EEM,2026-08-12T13:06:10.013233+00:00,2026-08-11,EEM,EXUS_BROAD,ACWX,"Emerging markets, large/mid",32.8571428571,28.5714285714,WEAKENING,WEAKENING,False,True,0.5231207350,6.0000000000,7.0000000000,85.7142857143,False,False,0.5231207350,UNIVERSAL_PATH_RISK_V1,6.0000000000,7.0000000000,85.7142857143,False,False,PATH_RISK_V1_2026-08-12,INVESTABLE_PATH_PRIMARY_V1,RELATIVE_STRUCTURE_15_V1,-0.0222709015,-0.0600279008,0.0164368030,-0.0103602783,-0.0238135995,-0.0135941605,0.0055987672,-0.0154877438,-0.0040723038,0.0269537298,-0.0783096913,89.0000000000,35.0000000000,0.0382980735,0.0804331090
PATH_RISK_V1_2026-08-12|2026-08-11|EFA,2026-08-12T13:06:10.013233+00:00,2026-08-11,EFA,EXUS_BROAD,ACWX,"EAFE developed, large/mid",90.0000000000,100.0000000000,PERSISTENT_LEADER,PERSISTENT_LEADER,True,True,0.4815717748,4.0000000000,7.0000000000,57.1428571429,False,False,0.4815717748,UNIVERSAL_PATH_RISK_V1,4.0000000000,7.0000000000,57.1428571429,False,False,PATH_RISK_V1_2026-08-12,INVESTABLE_PATH_PRIMARY_V1,RELATIVE_STRUCTURE_15_V1,0.0091107857,0.0269523072,-0.0126031880,0.0036080651,0.0097605732,0.0061303893,-0.0030429342,0.0072878038,0.0016886488,0.0393644326,-0.0134443908,48.0000000000,123.0000000000,0.0376485463,0.0507038980
PATH_RISK_V1_2026-08-12|2026-08-11|EMXC,2026-08-12T13:06:10.013233+00:00,2026-08-11,EMXC,EXUS_BROAD,ACWX,Emerging markets ex-China,26.4285714286,14.2857142857,WEAKENING,WEAKENING,False,True,0.5635310750,7.0000000000,7.0000000000,100.0000000000,False,False,0.5635310750,UNIVERSAL_PATH_RISK_V1,7.0000000000,7.0000000000,100.0000000000,False,False,PATH_RISK_V1_2026-08-12,INVESTABLE_PATH_PRIMARY_V1,RELATIVE_STRUCTURE_15_V1,-0.0320779032,-0.0566640829,0.0792116784,-0.0111199094,-0.0251910915,-0.0142294119,0.0209993233,-0.0180656882,0.0008722425,0.0795707773,-0.1083246160,125.0000000000,35.0000000000,0.0559608124,0.1133519920
PATH_RISK_V1_2026-08-12|2026-08-11|SCZ,2026-08-12T13:06:10.013233+00:00,2026-08-11,SCZ,EXUS_BROAD,ACWX,EAFE small cap,66.4285714286,57.1428571429,EMERGING,EMERGING,False,True,0.4836736398,5.0000000000,7.0000000000,71.4285714286,False,False,0.4836736398,UNIVERSAL_PATH_RISK_V1,5.0000000000,7.0000000000,71.4285714286,False,False,PATH_RISK_V1_2026-08-12,INVESTABLE_PATH_PRIMARY_V1,RELATIVE_STRUCTURE_15_V1,0.0070583500,-0.0126460103,-0.0323913018,0.0026007034,0.0014824653,-0.0011153374,-0.0079289569,-0.0002560484,-0.0033084585,0.0337793796,-0.0397673510,29.0000000000,108.0000000000,0.0371380511,0.0610544273
PATH_RISK_V1_2026-08-12|2026-08-11|VEA,2026-08-12T13:06:10.013233+00:00,2026-08-11,VEA,EXUS_BROAD,ACWX,Developed markets ex-US,70.7142857143,85.7142857143,REACCELERATING,NEUTRAL,True,True,0.4739831012,2.0000000000,7.0000000000,28.5714285714,False,False,0.4739831012,UNIVERSAL_PATH_RISK_V1,2.0000000000,7.0000000000,28.5714285714,False,False,PATH_RISK_V1_2026-08-12,INVESTABLE_PATH_PRIMARY_V1,RELATIVE_STRUCTURE_15_V1,0.0043140331,0.0011313695,0.0011671447,0.0016140710,0.0020204728,0.0004057469,0.0010785301,0.0005608433,0.0006532111,0.0077888751,-0.0104980926,74.0000000000,14.0000000000,0.0220109176,0.0254273784
PATH_RISK_V1_2026-08-12|2026-08-11|VSS,2026-08-12T13:06:10.013233+00:00,2026-08-11,VSS,EXUS_BROAD,ACWX,International small cap,64.2857142857,42.8571428571,EMERGING,NEUTRAL,False,True,0.4666227077,1.0000000000,7.0000000000,14.2857142857,True,False,0.4666227077,UNIVERSAL_PATH_RISK_V1,1.0000000000,7.0000000000,14.2857142857,True,False,PATH_RISK_V1_2026-08-12,INVESTABLE_PATH_PRIMARY_V1,RELATIVE_STRUCTURE_15_V1,0.0058231175,-0.0476286790,-0.0472584377,0.0109050697,-0.0017038708,-0.0124729224,-0.0141870438,-0.0138730914,-0.0113276236,0.0456111974,-0.0549506275,7.0000000000,108.0000000000,0.0411336969,0.0523892259
PATH_RISK_V1_2026-08-12|2026-08-11|VWO,2026-08-12T13:06:10.013233+00:00,2026-08-11,VWO,EXUS_BROAD,ACWX,"Emerging markets, broad",69.2857142857,71.4285714286,NEUTRAL,NEUTRAL,False,True,0.4766215708,3.0000000000,7.0000000000,42.8571428571,False,False,0.4766215708,UNIVERSAL_PATH_RISK_V1,3.0000000000,7.0000000000,42.8571428571,False,False,PATH_RISK_V1_2026-08-12,INVESTABLE_PATH_PRIMARY_V1,RELATIVE_STRUCTURE_15_V1,-0.0143633815,-0.0329205978,-0.0253203024,-0.0038867757,-0.0106843955,-0.0068241437,-0.0079635044,-0.0067370279,-0.0058206729,0.0095947963,-0.0424161296,8.0000000000,71.0000000000,0.0300136324,0.0423389895
PATH_RISK_V1_2026-08-12|2026-08-11|ARGT,2026-08-12T13:06:10.013233+00:00,2026-08-11,ARGT,EXUS_COUNTRY,ACWX,Argentina,42.1951219512,29.2682926829,NEUTRAL,NEUTRAL,False,True,0.5771427495,37.0000000000,41.0000000000,90.2439024390,False,False,0.5771427495,UNIVERSAL_PATH_RISK_V1,37.0000000000,41.0000000000,90.2439024390,False,False,PATH_RISK_V1_2026-08-12,INVESTABLE_PATH_PRIMARY_V1,RELATIVE_STRUCTURE_15_V1,-0.0553467733,0.0000208645,-0.0880627193,-0.0293071407,-0.0376559399,-0.0086008660,-0.0134767010,-0.0023025877,-0.0056879061,0.0183070607,-0.1259058606,61.0000000000,91.0000000000,0.0744878739,0.1226300625
PATH_RISK_V1_2026-08-12|2026-08-11|ECH,2026-08-12T13:06:10.013233+00:00,2026-08-11,ECH,EXUS_COUNTRY,ACWX,Chile,40.7926829268,26.8292682927,NEUTRAL,NEUTRAL,False,True,0.5015264677,8.0000000000,41.0000000000,19.5121951220,True,False,0.5015264677,UNIVERSAL_PATH_RISK_V1,8.0000000000,41.0000000000,19.5121951220,True,False,PATH_RISK_V1_2026-08-12,INVESTABLE_PATH_PRIMARY_V1,RELATIVE_STRUCTURE_15_V1,-0.0109586294,-0.0333109154,-0.1685981695,-0.0089307608,-0.0211239133,-0.0123030279,-0.0197945346,-0.0122901505,-0.0128400518,0.0331496483,-0.1441666643,44.0000000000,124.0000000000,0.0481989376,0.0939402510
PATH_RISK_V1_2026-08-12|2026-08-11|EDEN,2026-08-12T13:06:10.013233+00:00,2026-08-11,EDEN,EXUS_COUNTRY,ACWX,Denmark,29.3902439024,14.6341463415,WEAKENING,WEAKENING,False,True,0.5329416016,29.0000000000,41.0000000000,70.7317073171,False,False,0.5329416016,UNIVERSAL_PATH_RISK_V1,29.0000000000,41.0000000000,70.7317073171,False,False,PATH_RISK_V1_2026-08-12,INVESTABLE_PATH_PRIMARY_V1,RELATIVE_STRUCTURE_15_V1,-0.0379478621,-0.0006741557,-0.0866246503,-0.0141764535,-0.0139448139,0.0002349707,-0.0166646351,0.0079864427,-0.0026230609,0.0648689750,-0.0788530893,36.0000000000,125.0000000000,0.0608344318,0.1080807995
PATH_RISK_V1_2026-08-12|2026-08-11|EFNL,2026-08-12T13:06:10.013233+00:00,2026-08-11,EFNL,EXUS_COUNTRY,ACWX,Finland,45.8536585366,34.1463414634,NEUTRAL,NEUTRAL,False,True,0.5081428434,10.0000000000,41.0000000000,24.3902439024,False,False,0.5081428434,UNIVERSAL_PATH_RISK_V1,10.0000000000,41.0000000000,24.3902439024,False,False,PATH_RISK_V1_2026-08-12,INVESTABLE_PATH_PRIMARY_V1,RELATIVE_STRUCTURE_15_V1,-0.0188770455,-0.0620297448,-0.0220164952,-0.0086823415,-0.0288749784,-0.0203694918,-0.0065237480,-0.0205436702,-0.0109899942,0.0036904266,-0.1031417050,2.0000000000,53.0000000000,0.0495269639,0.0728759477
PATH_RISK_V1_2026-08-12|2026-08-11|EIDO,2026-08-12T13:06:10.013233+00:00,2026-08-11,EIDO,EXUS_COUNTRY,ACWX,Indonesia,37.8048780488,24.3902439024,NEUTRAL,NEUTRAL,False,True,0.5612396817,35.0000000000,41.0000000000,85.3658536585,False,False,0.5612396817,UNIVERSAL_PATH_RISK_V1,35.0000000000,41.0000000000,85.3658536585,False,False,PATH_RISK_V1_2026-08-12,INVESTABLE_PATH_PRIMARY_V1,RELATIVE_STRUCTURE_15_V1,0.0040586936,-0.1567392718,-0.3244145782,-0.0138850219,-0.0563492804,-0.0430621778,-0.1065855783,-0.0343749230,-0.0524975379,0.1266103211,-0.3371396967,44.0000000000,117.0000000000,0.0612447602,0.1832717858
PATH_RISK_V1_2026-08-12|2026-08-11|EIRL,2026-08-12T13:06:10.013233+00:00,2026-08-11,EIRL,EXUS_COUNTRY,ACWX,Ireland,77.4390243902,91.4634146341,ACCELERATING,ACCELERATING,True,True,0.5321425560,28.0000000000,41.0000000000,68.2926829268,False,False,0.5321425560,UNIVERSAL_PATH_RISK_V1,28.0000000000,41.0000000000,68.2926829268,False,False,PATH_RISK_V1_2026-08-12,INVESTABLE_PATH_PRIMARY_V1,RELATIVE_STRUCTURE_15_V1,0.0061171093,0.0849462644,0.0120186783,0.0024053490,0.0208551497,0.0184055290,0.0071228369,0.0210518474,0.0115978626,0.1006776205,-0.0261343209,73.0000000000,10.0000000000,0.0511118720,0.0832247409
PATH_RISK_V1_2026-08-12|2026-08-11|EIS,2026-08-12T13:06:10.013233+00:00,2026-08-11,EIS,EXUS_COUNTRY,ACWX,Israel,23.1707317073,7.3170731707,ROTATION_OUT,NEUTRAL,False,True,0.5151996103,17.0000000000,41.0000000000,41.4634146341,False,False,0.5151996103,UNIVERSAL_PATH_RISK_V1,17.0000000000,41.0000000000,41.4634146341,False,False,PATH_RISK_V1_2026-08-12,INVESTABLE_PATH_PRIMARY_V1,RELATIVE_STRUCTURE_15_V1,-0.0083148778,-0.1295404311,-0.0586461294,-0.0118471324,-0.0375849294,-0.0260463719,-0.0126067901,-0.0234587964,-0.0143824324,0.0065160193,-0.1430786679,4.0000000000,67.0000000000,0.0510206635,0.0954818815
PATH_RISK_V1_2026-08-12|2026-08-11|ENOR,2026-08-12T13:06:10.013233+00:00,2026-08-11,ENOR,EXUS_COUNTRY,ACWX,Norway,60.7317073171,58.5365853659,EMERGING,EMERGING,False,True,0.5273906059,25.0000000000,41.0000000000,60.9756097561,False,False,0.5273906059,UNIVERSAL_PATH_RISK_V1,25.0000000000,41.0000000000,60.9756097561,False,False,PATH_RISK_V1_2026-08-12,INVESTABLE_PATH_PRIMARY_V1,RELATIVE_STRUCTURE_15_V1,0.0421322976,-0.0307805613,0.0400863400,0.0115682414,0.0080029661,-0.0035245030,-0.0022625953,0.0005525379,-0.0009144633,0.1075449925,-0.1287234825,29.0000000000,92.0000000000,0.0598920663,0.1151924171
PATH_RISK_V1_2026-08-12|2026-08-11|ENZL,2026-08-12T13:06:10.013233+00:00,2026-08-11,ENZL,EXUS_COUNTRY,ACWX,New Zealand,45.8536585366,36.5853658537,WEAKENING,PERSISTENT_LEADER,False,True,0.5394999000,31.0000000000,41.0000000000,75.6097560976,False,False,0.5394999000,UNIVERSAL_PATH_RISK_V1,31.0000000000,41.0000000000,75.6097560976,False,False,PATH_RISK_V1_2026-08-12,INVESTABLE_PATH_PRIMARY_V1,RELATIVE_STRUCTURE_15_V1,-0.0053472554,0.0069567543,-0.0665113351,-0.0070961370,0.0012946453,0.0084507500,-0.0156925170,0.0149665380,0.0000172601,0.0636475660,-0.0691792481,35.0000000000,108.0000000000,0.0578502238,0.1005231823
PATH_RISK_V1_2026-08-12|2026-08-11|EPHE,2026-08-12T13:06:10.013233+00:00,2026-08-11,EPHE,EXUS_COUNTRY,ACWX,Philippines,61.2195121951,62.1951219512,NEUTRAL,EMERGING,False,True,0.5492139619,33.0000000000,41.0000000000,80.4878048780,False,False,0.5492139619,UNIVERSAL_PATH_RISK_V1,33.0000000000,41.0000000000,80.4878048780,False,False,PATH_RISK_V1_2026-08-12,INVESTABLE_PATH_PRIMARY_V1,RELATIVE_STRUCTURE_15_V1,-0.0044655747,0.0173134154,-0.0707275214,-0.0111016012,-0.0065761732,0.0045762315,-0.0215776110,0.0108083001,-0.0039594676,0.0838936959,-0.1121797868,49.0000000000,115.0000000000,0.0550993255,0.1236376071
PATH_RISK_V1_2026-08-12|2026-08-11|EPOL,2026-08-12T13:06:10.013233+00:00,2026-08-11,EPOL,EXUS_COUNTRY,ACWX,Poland,81.9512195122,95.1219512195,PERSISTENT_LEADER,PERSISTENT_LEADER,True,True,0.5165302470,19.0000000000,41.0000000000,46.3414634146,False,False,0.5165302470,UNIVERSAL_PATH_RISK_V1,19.0000000000,41.0000000000,46.3414634146,False,False,PATH_RISK_V1_2026-08-12,INVESTABLE_PATH_PRIMARY_V1,RELATIVE_STRUCTURE_15_V1,0.0653511265,0.0926782769,0.0789347535,0.0276377421,0.0596723265,0.0311730322,0.0172001511,0.0341266667,0.0204874794,0.1395875482,0.0000000000,111.0000000000,0.0000000000,0.0378262282,0.0866285596
PATH_RISK_V1_2026-08-12|2026-08-11|EPU,2026-08-12T13:06:10.013233+00:00,2026-08-11,EPU,EXUS_COUNTRY,ACWX,Peru,77.4390243902,91.4634146341,PERSISTENT_LEADER,WEAKENING,True,True,0.4992716903,7.0000000000,41.0000000000,17.0731707317,True,True,0.4992716903,UNIVERSAL_PATH_RISK_V1,7.0000000000,41.0000000000,17.0731707317,True,True,PATH_RISK_V1_2026-08-12,INVESTABLE_PATH_PRIMARY_V1,RELATIVE_STRUCTURE_15_V1,0.0159768716,0.0573919442,-0.0625673522,0.0097169133,0.0245738467,0.0147139591,0.0145023616,0.0168246939,0.0127048941,0.1175629623,-0.0827739540,44.0000000000,112.0000000000,0.0552084042,0.1147839430
PATH_RISK_V1_2026-08-12|2026-08-11|EWA,2026-08-12T13:06:10.013233+00:00,2026-08-11,EWA,EXUS_COUNTRY,ACWX,Australia,65.1219512195,68.2926829268,EMERGING,EMERGING,False,True,0.5309774897,27.0000000000,41.0000000000,65.8536585366,False,False,0.5309774897,UNIVERSAL_PATH_RISK_V1,27.0000000000,41.0000000000,65.8536585366,False,False,PATH_RISK_V1_2026-08-12,INVESTABLE_PATH_PRIMARY_V1,RELATIVE_STRUCTURE_15_V1,0.0182281551,-0.0041228215,-0.0148715471,0.0000450060,0.0057511603,0.0057058975,-0.0095214555,0.0084982678,-0.0005467611,0.0559993097,-0.0601967545,35.0000000000,83.0000000000,0.0537237720,0.0796453981
PATH_RISK_V1_2026-08-12|2026-08-11|EWC,2026-08-12T13:06:10.013233+00:00,2026-08-11,EWC,EXUS_COUNTRY,ACWX,Canada,75.6097560976,85.3658536585,ACCELERATING,EMERGING,True,True,0.4932308789,3.0000000000,41.0000000000,7.3170731707,True,True,0.4932308789,UNIVERSAL_PATH_RISK_V1,3.0000000000,41.0000000000,7.3170731707,True,True,PATH_RISK_V1_2026-08-12,INVESTABLE_PATH_PRIMARY_V1,RELATIVE_STRUCTURE_15_V1,0.0094552023,0.0313363360,0.0270348073,0.0072693534,0.0141830537,0.0068638048,0.0001079399,0.0109356878,0.0046318986,0.0658381205,-0.0272502503,35.0000000000,109.0000000000,0.0403601509,0.0829949759
PATH_RISK_V1_2026-08-12|2026-08-11|EWD,2026-08-12T13:06:10.013233+00:00,2026-08-11,EWD,EXUS_COUNTRY,ACWX,Sweden,69.2682926829,75.6097560976,EMERGING,NEUTRAL,False,True,0.4936013193,4.0000000000,41.0000000000,9.7560975610,True,False,0.4936013193,UNIVERSAL_PATH_RISK_V1,4.0000000000,41.0000000000,9.7560975610,True,False,PATH_RISK_V1_2026-08-12,INVESTABLE_PATH_PRIMARY_V1,RELATIVE_STRUCTURE_15_V1,0.0302362389,0.0283080365,-0.0484638570,0.0025495167,0.0092218384,0.0066553538,-0.0115749003,0.0069366850,-0.0022324340,0.0608946287,-0.0674215271,35.0000000000,108.0000000000,0.0393154586,0.0620248540
PATH_RISK_V1_2026-08-12|2026-08-11|EWG,2026-08-12T13:06:10.013233+00:00,2026-08-11,EWG,EXUS_COUNTRY,ACWX,Germany,70.0000000000,78.0487804878,EMERGING,EMERGING,False,True,0.4899238149,2.0000000000,41.0000000000,4.8780487805,True,False,0.4899238149,UNIVERSAL_PATH_RISK_V1,2.0000000000,41.0000000000,4.8780487805,True,False,PATH_RISK_V1_2026-08-12,INVESTABLE_PATH_PRIMARY_V1,RELATIVE_STRUCTURE_15_V1,0.0283524366,0.0237081568,-0.0531993720,0.0115738320,0.0157717065,0.0041498449,-0.0178820382,0.0032508811,-0.0061734074,0.0622740092,-0.0483264872,35.0000000000,125.0000000000,0.0402561579,0.0667619094
PATH_RISK_V1_2026-08-12|2026-08-11|EWH,2026-08-12T13:06:10.013233+00:00,2026-08-11,EWH,EXUS_COUNTRY,ACWX,Hong Kong,48.7195121951,43.9024390244,NEUTRAL,NEUTRAL,False,True,0.5229871455,21.0000000000,41.0000000000,51.2195121951,False,False,0.5229871455,UNIVERSAL_PATH_RISK_V1,21.0000000000,41.0000000000,51.2195121951,False,False,PATH_RISK_V1_2026-08-12,INVESTABLE_PATH_PRIMARY_V1,RELATIVE_STRUCTURE_15_V1,0.0172273841,-0.0886402318,-0.1001720859,-0.0190458689,-0.0248867026,-0.0059542374,-0.0219814448,0.0029613452,-0.0073494028,0.0602217531,-0.1331882200,29.0000000000,94.0000000000,0.0538197511,0.0843736928
PATH_RISK_V1_2026-08-12|2026-08-11|EWI,2026-08-12T13:06:10.013233+00:00,2026-08-11,EWI,EXUS_COUNTRY,ACWX,Italy,77.0731707317,87.8048780488,PERSISTENT_LEADER,PERSISTENT_LEADER,True,True,0.5302824561,26.0000000000,41.0000000000,63.4146341463,False,False,0.5302824561,UNIVERSAL_PATH_RISK_V1,26.0000000000,41.0000000000,63.4146341463,False,False,PATH_RISK_V1_2026-08-12,INVESTABLE_PATH_PRIMARY_V1,RELATIVE_STRUCTURE_15_V1,0.0055921720,0.0528285069,0.0443064896,0.0037167703,0.0227340424,0.0189468510,0.0114549898,0.0209012365,0.0131493253,0.0902689610,-0.0085446099,102.0000000000,14.0000000000,0.0423899457,0.0700522930
PATH_RISK_V1_2026-08-12|2026-08-11|EWJ,2026-08-12T13:06:10.013233+00:00,2026-08-11,EWJ,EXUS_COUNTRY,ACWX,Japan,57.4390243902,53.6585365854,REACCELERATING,WEAKENING,False,True,0.4794070612,1.0000000000,41.0000000000,2.4390243902,True,False,0.4794070612,UNIVERSAL_PATH_RISK_V1,1.0000000000,41.0000000000,2.4390243902,True,False,PATH_RISK_V1_2026-08-12,INVESTABLE_PATH_PRIMARY_V1,RELATIVE_STRUCTURE_15_V1,0.0008384469,0.0180478829,-0.0083801340,0.0091227035,0.0119039142,0.0027560679,0.0016025803,0.0012199550,0.0010402166,0.0418198337,-0.0314623450,74.0000000000,122.0000000000,0.0339587428,0.0536278172
PATH_RISK_V1_2026-08-12|2026-08-11|EWL,2026-08-12T13:06:10.013233+00:00,2026-08-11,EWL,EXUS_COUNTRY,ACWX,Switzerland,54.6341463415,51.2195121951,WEAKENING,WEAKENING,False,True,0.5097469863,11.0000000000,41.0000000000,26.8292682927,False,False,0.5097469863,UNIVERSAL_PATH_RISK_V1,11.0000000000,41.0000000000,26.8292682927,False,False,PATH_RISK_V1_2026-08-12,INVESTABLE_PATH_PRIMARY_V1,RELATIVE_STRUCTURE_15_V1,-0.0113078754,0.0277166119,-0.0396162092,-0.0076049770,-0.0040159797,0.0036165007,-0.0064679437,0.0063432902,0.0001990879,0.0524442208,-0.0531983185,47.0000000000,108.0000000000,0.0424049184,0.0898000905
PATH_RISK_V1_2026-08-12|2026-08-11|EWM,2026-08-12T13:06:10.013233+00:00,2026-08-11,EWM,EXUS_COUNTRY,ACWX,Malaysia,33.7804878049,19.5121951220,WEAKENING,EMERGING,False,True,0.5143318004,14.0000000000,41.0000000000,34.1463414634,False,False,0.5143318004,UNIVERSAL_PATH_RISK_V1,14.0000000000,41.0000000000,34.1463414634,False,False,PATH_RISK_V1_2026-08-12,INVESTABLE_PATH_PRIMARY_V1,RELATIVE_STRUCTURE_15_V1,-0.0161904207,-0.0776258264,-0.1017776214,-0.0149344555,-0.0261388327,-0.0113742454,-0.0202954777,-0.0043887432,-0.0093871375,0.0405517959,-0.1576644303,35.0000000000,98.0000000000,0.0443713388,0.0934002934
PATH_RISK_V1_2026-08-12|2026-08-11|EWN,2026-08-12T13:06:10.013233+00:00,2026-08-11,EWN,EXUS_COUNTRY,ACWX,Netherlands,50.1219512195,46.3414634146,WEAKENING,WEAKENING,False,True,0.5078580989,9.0000000000,41.0000000000,21.9512195122,False,False,0.5078580989,UNIVERSAL_PATH_RISK_V1,9.0000000000,41.0000000000,21.9512195122,False,False,PATH_RISK_V1_2026-08-12,INVESTABLE_PATH_PRIMARY_V1,RELATIVE_STRUCTURE_15_V1,-0.0025509252,0.0390448246,0.0408586292,0.0041674538,0.0089177421,0.0047305738,0.0108712621,0.0047997450,0.0065324418,0.0767761689,-0.0261166968,92.0000000000,29.0000000000,0.0418128711,0.0682442427
PATH_RISK_V1_2026-08-12|2026-08-11|EWO,2026-08-12T13:06:10.013233+00:00,2026-08-11,EWO,EXUS_COUNTRY,ACWX,Austria,71.2195121951,81.7073170732,WEAKENING,WEAKENING,True,True,0.5118650661,12.0000000000,41.0000000000,29.2682926829,False,False,0.5118650661,UNIVERSAL_PATH_RISK_V1,12.0000000000,41.0000000000,29.2682926829,False,False,PATH_RISK_V1_2026-08-12,INVESTABLE_PATH_PRIMARY_V1,RELATIVE_STRUCTURE_15_V1,0.0076216098,0.0802569639,0.0648017305,0.0026200702,0.0250475606,0.0223688824,0.0262575037,0.0228222117,0.0201894155,0.1535421828,-0.0186032085,102.0000000000,3.0000000000,0.0405153182,0.0708033480
PATH_RISK_V1_2026-08-12|2026-08-11|EWP,2026-08-12T13:06:10.013233+00:00,2026-08-11,EWP,EXUS_COUNTRY,ACWX,Spain,65.9756097561,70.7317073171,WEAKENING,WEAKENING,False,True,0.5151537195,16.0000000000,41.0000000000,39.0243902439,False,False,0.5151537195,UNIVERSAL_PATH_RISK_V1,16.0000000000,41.0000000000,39.0243902439,False,False,PATH_RISK_V1_2026-08-12,INVESTABLE_PATH_PRIMARY_V1,RELATIVE_STRUCTURE_15_V1,0.0241737266,0.0835350193,0.0346865442,0.0082000598,0.0292724315,0.0209009824,0.0119031591,0.0227909902,0.0140056639,0.1005476923,-0.0085798457,47.0000000000,6.0000000000,0.0458114831,0.0747907782
PATH_RISK_V1_2026-08-12|2026-08-11|EWQ,2026-08-12T13:06:10.013233+00:00,2026-08-11,EWQ,EXUS_COUNTRY,ACWX,France,85.3658536585,97.5609756098,PERSISTENT_LEADER,NEUTRAL,True,True,0.4990131213,6.0000000000,41.0000000000,14.6341463415,True,True,0.4990131213,UNIVERSAL_PATH_RISK_V1,6.0000000000,41.0000000000,14.6341463415,True,True,PATH_RISK_V1_2026-08-12,INVESTABLE_PATH_PRIMARY_V1,RELATIVE_STRUCTURE_15_V1,0.0253210797,0.0414769564,-0.0282670108,0.0073650985,0.0151507407,0.0077287194,-0.0117328521,0.0077585318,-0.0018278743,0.0581369754,-0.0338511130,35.0000000000,114.0000000000,0.0422055336,0.0705903478
PATH_RISK_V1_2026-08-12|2026-08-11|EWS,2026-08-12T13:06:10.013233+00:00,2026-08-11,EWS,EXUS_COUNTRY,ACWX,Singapore,87.5609756098,100.0000000000,PERSISTENT_LEADER,WEAKENING,True,True,0.5452347454,32.0000000000,41.0000000000,78.0487804878,False,False,0.5452347454,UNIVERSAL_PATH_RISK_V1,32.0000000000,41.0000000000,78.0487804878,False,False,PATH_RISK_V1_2026-08-12,INVESTABLE_PATH_PRIMARY_V1,RELATIVE_STRUCTURE_15_V1,0.0401902238,0.1589284493,0.1354339460,0.0344271255,0.0704892998,0.0348619767,0.0124719876,0.0419081809,0.0222164864,0.1675690443,-0.0054308850,39.0000000000,9.0000000000,0.0676835170,0.0986484843
PATH_RISK_V1_2026-08-12|2026-08-11|EWT,2026-08-12T13:06:10.013233+00:00,2026-08-11,EWT,EXUS_COUNTRY,ACWX,Taiwan,61.2195121951,62.1951219512,REACCELERATING,WEAKENING,False,True,0.6089708430,40.0000000000,41.0000000000,97.5609756098,False,False,0.6089708430,UNIVERSAL_PATH_RISK_V1,40.0000000000,41.0000000000,97.5609756098,False,False,PATH_RISK_V1_2026-08-12,INVESTABLE_PATH_PRIMARY_V1,RELATIVE_STRUCTURE_15_V1,-0.0166794148,0.0380833933,0.3736433268,0.0167573776,0.0286127418,0.0116599736,0.0582075719,0.0047035140,0.0259119137,0.3644850610,-0.0651539354,125.0000000000,35.0000000000,0.0915817596,0.1466294625
PATH_RISK_V1_2026-08-12|2026-08-11|EWU,2026-08-12T13:06:10.013233+00:00,2026-08-11,EWU,EXUS_COUNTRY,ACWX,United Kingdom,66.3414634146,73.1707317073,ACCELERATING,WEAKENING,False,True,0.5256462459,22.0000000000,41.0000000000,53.6585365854,False,False,0.5256462459,UNIVERSAL_PATH_RISK_V1,22.0000000000,41.0000000000,53.6585365854,False,False,PATH_RISK_V1_2026-08-12,INVESTABLE_PATH_PRIMARY_V1,RELATIVE_STRUCTURE_15_V1,0.0041648698,0.0189777098,-0.0256376619,-0.0072346396,-0.0022545021,0.0050164296,-0.0065548006,0.0086973286,0.0009187304,0.0619215632,-0.0635981860,36.0000000000,89.0000000000,0.0516687535,0.0909386483
PATH_RISK_V1_2026-08-12|2026-08-11|EWW,2026-08-12T13:06:10.013233+00:00,2026-08-11,EWW,EXUS_COUNTRY,ACWX,Mexico,42.9268292683,31.7073170732,NEUTRAL,NEUTRAL,False,True,0.5271628797,23.0000000000,41.0000000000,56.0975609756,False,False,0.5271628797,UNIVERSAL_PATH_RISK_V1,23.0000000000,41.0000000000,56.0975609756,False,False,PATH_RISK_V1_2026-08-12,INVESTABLE_PATH_PRIMARY_V1,RELATIVE_STRUCTURE_15_V1,-0.0090013930,-0.0642993395,-0.1032025969,-0.0194255812,-0.0285000908,-0.0092542794,-0.0090779596,-0.0052532789,-0.0055390589,0.0068088016,-0.1035152575,35.0000000000,122.0000000000,0.0617232964,0.0887839904
PATH_RISK_V1_2026-08-12|2026-08-11|EWY,2026-08-12T13:06:10.013233+00:00,2026-08-11,EWY,EXUS_COUNTRY,ACWX,South Korea,21.4634146341,4.8780487805,ROTATION_OUT,ROTATION_OUT,False,True,0.7479518059,41.0000000000,41.0000000000,100.0000000000,False,False,0.7479518059,UNIVERSAL_PATH_RISK_V1,41.0000000000,41.0000000000,100.0000000000,False,False,PATH_RISK_V1_2026-08-12,INVESTABLE_PATH_PRIMARY_V1,RELATIVE_STRUCTURE_15_V1,-0.0406424128,-0.1585799650,0.2407274992,-0.0190876562,-0.0572130121,-0.0388672404,0.0546912661,-0.0482390390,0.0001124933,0.2602967202,-0.2388201083,125.0000000000,49.0000000000,0.1668777039,0.3202666630
PATH_RISK_V1_2026-08-12|2026-08-11|EWZ,2026-08-12T13:06:10.013233+00:00,2026-08-11,EWZ,EXUS_COUNTRY,ACWX,Brazil,23.2926829268,9.7560975610,ROTATION_OUT,WEAKENING,False,True,0.5991041898,39.0000000000,41.0000000000,95.1219512195,False,False,0.5991041898,UNIVERSAL_PATH_RISK_V1,39.0000000000,41.0000000000,95.1219512195,False,False,PATH_RISK_V1_2026-08-12,INVESTABLE_PATH_PRIMARY_V1,RELATIVE_STRUCTURE_15_V1,-0.0745687805,-0.1390681800,-0.1650508180,-0.0618621113,-0.0786983746,-0.0179464698,-0.0186377599,-0.0076637892,-0.0098115645,0.0068894067,-0.2308609116,36.0000000000,84.0000000000,0.0758832180,0.1185785890
PATH_RISK_V1_2026-08-12|2026-08-11|EZA,2026-08-12T13:06:10.013233+00:00,2026-08-11,EZA,EXUS_COUNTRY,ACWX,South Africa,63.1097560976,65.8536585366,EMERGING,NEUTRAL,False,True,0.4986572166,5.0000000000,41.0000000000,12.1951219512,True,False,0.4986572166,UNIVERSAL_PATH_RISK_V1,5.0000000000,41.0000000000,12.1951219512,True,False,PATH_RISK_V1_2026-08-12,INVESTABLE_PATH_PRIMARY_V1,RELATIVE_STRUCTURE_15_V1,0.0533657402,-0.0520043529,-0.1343469664,0.0329216690,0.0188688362,-0.0136049356,-0.0307789089,-0.0191217077,-0.0204309280,0.0933917664,-0.1802079599,13.0000000000,113.0000000000,0.0571638383,0.1000369919
PATH_RISK_V1_2026-08-12|2026-08-11|GREK,2026-08-12T13:06:10.013233+00:00,2026-08-11,GREK,EXUS_COUNTRY,ACWX,Greece,71.2195121951,81.7073170732,NEUTRAL,WEAKENING,True,True,0.5384444302,30.0000000000,41.0000000000,73.1707317073,False,False,0.5384444302,UNIVERSAL_PATH_RISK_V1,30.0000000000,41.0000000000,73.1707317073,False,False,PATH_RISK_V1_2026-08-12,INVESTABLE_PATH_PRIMARY_V1,RELATIVE_STRUCTURE_15_V1,0.0378267577,0.1010030664,0.0320525819,0.0118781112,0.0437931515,0.0315404000,0.0184351518,0.0315008502,0.0199418789,0.1699416311,-0.0196644980,111.0000000000,6.0000000000,0.0533708186,0.0817440722
PATH_RISK_V1_2026-08-12|2026-08-11|INDA,2026-08-12T13:06:10.013233+00:00,2026-08-11,INDA,EXUS_COUNTRY,ACWX,India,34.3902439024,21.9512195122,NEUTRAL,WEAKENING,False,True,0.5195071499,20.0000000000,41.0000000000,48.7804878049,False,False,0.5195071499,UNIVERSAL_PATH_RISK_V1,20.0000000000,41.0000000000,48.7804878049,False,False,PATH_RISK_V1_2026-08-12,INVESTABLE_PATH_PRIMARY_V1,RELATIVE_STRUCTURE_15_V1,-0.0104869194,0.0037339108,-0.1234762461,-0.0079416882,-0.0147753089,-0.0068883256,-0.0373720856,-0.0056868697,-0.0168277874,0.0402994360,-0.1258602277,47.0000000000,125.0000000000,0.0450060947,0.0795878286
PATH_RISK_V1_2026-08-12|2026-08-11|KSA,2026-08-12T13:06:10.013233+00:00,2026-08-11,KSA,EXUS_COUNTRY,ACWX,Saudi Arabia,47.2560975610,39.0243902439,NEUTRAL,NEUTRAL,False,True,0.5122250670,13.0000000000,41.0000000000,31.7073170732,False,False,0.5122250670,UNIVERSAL_PATH_RISK_V1,13.0000000000,41.0000000000,31.7073170732,False,False,PATH_RISK_V1_2026-08-12,INVESTABLE_PATH_PRIMARY_V1,RELATIVE_STRUCTURE_15_V1,-0.0187666265,-0.0493689621,-0.0909799180,-0.0093334431,-0.0276414769,-0.0184805207,-0.0303706923,-0.0168822213,-0.0184370602,0.0069650526,-0.1597017012,2.0000000000,92.0000000000,0.0386298238,0.0939759400
PATH_RISK_V1_2026-08-12|2026-08-11|MCHI,2026-08-12T13:06:10.013233+00:00,2026-08-11,MCHI,EXUS_COUNTRY,ACWX,China broad,59.2682926829,56.0975609756,NEUTRAL,NEUTRAL,False,True,0.5630558439,36.0000000000,41.0000000000,87.8048780488,False,False,0.5630558439,UNIVERSAL_PATH_RISK_V1,36.0000000000,41.0000000000,87.8048780488,False,False,PATH_RISK_V1_2026-08-12,INVESTABLE_PATH_PRIMARY_V1,RELATIVE_STRUCTURE_15_V1,0.0205279847,-0.0745477117,-0.1551153831,-0.0068614507,-0.0169813220,-0.0101897880,-0.0464744647,-0.0061653160,-0.0206761779,0.0753937611,-0.1529565271,29.0000000000,125.0000000000,0.0745369402,0.1147349689
PATH_RISK_V1_2026-08-12|2026-08-11|QAT,2026-08-12T13:06:10.013233+00:00,2026-08-11,QAT,EXUS_COUNTRY,ACWX,Qatar,28.4146341463,12.1951219512,NEUTRAL,NEUTRAL,False,True,0.5154281277,18.0000000000,41.0000000000,43.9024390244,False,False,0.5154281277,UNIVERSAL_PATH_RISK_V1,18.0000000000,41.0000000000,43.9024390244,False,False,PATH_RISK_V1_2026-08-12,INVESTABLE_PATH_PRIMARY_V1,RELATIVE_STRUCTURE_15_V1,-0.0446897971,-0.0748938814,-0.1527421059,-0.0242540701,-0.0496010575,-0.0259770362,-0.0367824110,-0.0234577449,-0.0232267533,0.0000000000,-0.1528809246,0.0000000000,98.0000000000,0.0440637787,0.1012368797
PATH_RISK_V1_2026-08-12|2026-08-11|THD,2026-08-12T13:06:10.013233+00:00,2026-08-11,THD,EXUS_COUNTRY,ACWX,Thailand,48.2926829268,41.4634146341,WEAKENING,NEUTRAL,False,True,0.5151413188,15.0000000000,41.0000000000,36.5853658537,False,False,0.5151413188,UNIVERSAL_PATH_RISK_V1,15.0000000000,41.0000000000,36.5853658537,False,False,PATH_RISK_V1_2026-08-12,INVESTABLE_PATH_PRIMARY_V1,RELATIVE_STRUCTURE_15_V1,-0.0284392157,0.0201256912,0.0165668303,-0.0154206640,-0.0120592363,0.0034140750,0.0083927572,0.0087648661,0.0074389425,0.0280213109,-0.0559016957,32.0000000000,91.0000000000,0.0493789834,0.0733438356
PATH_RISK_V1_2026-08-12|2026-08-11|TUR,2026-08-12T13:06:10.013233+00:00,2026-08-11,TUR,EXUS_COUNTRY,ACWX,Turkey,31.2195121951,17.0731707317,NEUTRAL,WEAKENING,False,True,0.5867772741,38.0000000000,41.0000000000,92.6829268293,False,False,0.5867772741,UNIVERSAL_PATH_RISK_V1,38.0000000000,41.0000000000,92.6829268293,False,False,PATH_RISK_V1_2026-08-12,INVESTABLE_PATH_PRIMARY_V1,RELATIVE_STRUCTURE_15_V1,-0.0323842897,-0.1386170600,-0.1258311815,-0.0277092893,-0.0502230230,-0.0231553520,-0.0176706360,-0.0172347552,-0.0133024732,0.0210503440,-0.1541108283,55.0000000000,73.0000000000,0.0728081370,0.1701903573
PATH_RISK_V1_2026-08-12|2026-08-11|UAE,2026-08-12T13:06:10.013233+00:00,2026-08-11,UAE,EXUS_COUNTRY,ACWX,United Arab Emirates,53.4146341463,48.7804878049,WEAKENING,NEUTRAL,False,True,0.5273662634,24.0000000000,41.0000000000,58.5365853659,False,False,0.5273662634,UNIVERSAL_PATH_RISK_V1,24.0000000000,41.0000000000,58.5365853659,False,False,PATH_RISK_V1_2026-08-12,INVESTABLE_PATH_PRIMARY_V1,RELATIVE_STRUCTURE_15_V1,-0.0210687649,0.0172790625,-0.1400318600,-0.0114048861,-0.0123841718,-0.0009905832,-0.0192593781,-0.0008856643,-0.0079522368,0.0656689541,-0.1485415269,47.0000000000,120.0000000000,0.0454090124,0.1164468322
PATH_RISK_V1_2026-08-12|2026-08-11|VNM,2026-08-12T13:06:10.013233+00:00,2026-08-11,VNM,EXUS_COUNTRY,ACWX,Vietnam,17.4390243902,2.4390243902,ROTATION_OUT,ROTATION_OUT,False,True,0.5513521681,34.0000000000,41.0000000000,82.9268292683,False,False,0.5513521681,UNIVERSAL_PATH_RISK_V1,34.0000000000,41.0000000000,82.9268292683,False,False,PATH_RISK_V1_2026-08-12,INVESTABLE_PATH_PRIMARY_V1,RELATIVE_STRUCTURE_15_V1,-0.0350684609,-0.1263095262,-0.0907590033,-0.0079608849,-0.0439426118,-0.0362704719,-0.0345441651,-0.0399501226,-0.0294382910,0.0363189397,-0.1492763304,11.0000000000,76.0000000000,0.0680296811,0.1130437394
PATH_RISK_V1_2026-08-12|2026-08-11|AAXJ,2026-08-12T13:06:10.013233+00:00,2026-08-11,AAXJ,EXUS_REGION,ACWX,Asia ex-Japan,31.8750000000,25.0000000000,WEAKENING,WEAKENING,False,True,0.5302651518,7.0000000000,8.0000000000,87.5000000000,False,False,0.5302651518,UNIVERSAL_PATH_RISK_V1,7.0000000000,8.0000000000,87.5000000000,False,False,PATH_RISK_V1_2026-08-12,INVESTABLE_PATH_PRIMARY_V1,RELATIVE_STRUCTURE_15_V1,-0.0207404936,-0.0591244664,0.0415358228,-0.0083853357,-0.0215884478,-0.0133147609,0.0085950049,-0.0154472760,-0.0028563319,0.0483439192,-0.0824128654,89.0000000000,35.0000000000,0.0409619660,0.0924438962
PATH_RISK_V1_2026-08-12|2026-08-11|AFK,2026-08-12T13:06:10.013233+00:00,2026-08-11,AFK,EXUS_REGION,ACWX,Africa,64.3750000000,62.5000000000,EMERGING,EMERGING,False,True,0.5034669537,3.0000000000,8.0000000000,37.5000000000,False,False,0.5034669537,UNIVERSAL_PATH_RISK_V1,3.0000000000,8.0000000000,37.5000000000,False,False,PATH_RISK_V1_2026-08-12,INVESTABLE_PATH_PRIMARY_V1,RELATIVE_STRUCTURE_15_V1,0.0622514696,-0.0519428029,-0.0821239560,0.0347968968,0.0261283851,-0.0083770174,-0.0216076478,-0.0130111244,-0.0144459503,0.0814733111,-0.1202647391,29.0000000000,113.0000000000,0.0572610680,0.0981539807
PATH_RISK_V1_2026-08-12|2026-08-11|ASEA,2026-08-12T13:06:10.013233+00:00,2026-08-11,ASEA,EXUS_REGION,ACWX,Southeast Asia,58.7500000000,50.0000000000,WEAKENING,WEAKENING,False,True,0.5301785343,6.0000000000,8.0000000000,75.0000000000,False,False,0.5301785343,UNIVERSAL_PATH_RISK_V1,6.0000000000,8.0000000000,75.0000000000,False,False,PATH_RISK_V1_2026-08-12,INVESTABLE_PATH_PRIMARY_V1,RELATIVE_STRUCTURE_15_V1,0.0001853548,0.0744905527,0.0231788864,0.0017124560,0.0218035048,0.0200567026,0.0066175501,0.0286946089,0.0147514066,0.0851040167,-0.0334490404,49.0000000000,9.0000000000,0.0524363311,0.0849038540
PATH_RISK_V1_2026-08-12|2026-08-11|EPP,2026-08-12T13:06:10.013233+00:00,2026-08-11,EPP,EXUS_REGION,ACWX,Pacific ex-Japan,81.2500000000,87.5000000000,PERSISTENT_LEADER,PERSISTENT_LEADER,True,True,0.5048206616,4.0000000000,8.0000000000,50.0000000000,False,False,0.5048206616,UNIVERSAL_PATH_RISK_V1,4.0000000000,8.0000000000,50.0000000000,False,False,PATH_RISK_V1_2026-08-12,INVESTABLE_PATH_PRIMARY_V1,RELATIVE_STRUCTURE_15_V1,0.0222406766,0.0103434977,-0.0074913682,0.0030882675,0.0128949946,0.0097765345,-0.0074870865,0.0144015139,0.0027417244,0.0729916904,-0.0442650560,35.0000000000,98.0000000000,0.0442066576,0.0698281424
PATH_RISK_V1_2026-08-12|2026-08-11|FEZ,2026-08-12T13:06:10.013233+00:00,2026-08-11,FEZ,EXUS_REGION,ACWX,Eurozone blue chips,86.8750000000,100.0000000000,PERSISTENT_LEADER,PERSISTENT_LEADER,True,True,0.4847855645,1.0000000000,8.0000000000,12.5000000000,True,True,0.4847855645,UNIVERSAL_PATH_RISK_V1,1.0000000000,8.0000000000,12.5000000000,True,True,PATH_RISK_V1_2026-08-12,INVESTABLE_PATH_PRIMARY_V1,RELATIVE_STRUCTURE_15_V1,0.0261160775,0.0622243433,-0.0017574825,0.0110054952,0.0235925078,0.0124499943,-0.0016199888,0.0122363422,0.0040716242,0.0642836186,-0.0002571073,61.0000000000,6.0000000000,0.0271742310,0.0485872157
PATH_RISK_V1_2026-08-12|2026-08-11|ILF,2026-08-12T13:06:10.013233+00:00,2026-08-11,ILF,EXUS_REGION,ACWX,Latin America large caps,28.7500000000,12.5000000000,WEAKENING,WEAKENING,False,True,0.5317429415,8.0000000000,8.0000000000,100.0000000000,False,False,0.5317429415,UNIVERSAL_PATH_RISK_V1,8.0000000000,8.0000000000,100.0000000000,False,False,PATH_RISK_V1_2026-08-12,INVESTABLE_PATH_PRIMARY_V1,RELATIVE_STRUCTURE_15_V1,-0.0463404046,-0.0846161220,-0.1297632421,-0.0428658053,-0.0523693098,-0.0099291244,-0.0091746594,-0.0020482894,-0.0040089272,0.0000000000,-0.1625707218,0.0000000000,83.0000000000,0.0523535288,0.0842346094
PATH_RISK_V1_2026-08-12|2026-08-11|VGK,2026-08-12T13:06:10.013233+00:00,2026-08-11,VGK,EXUS_REGION,ACWX,Developed Europe,65.0000000000,75.0000000000,EMERGING,NEUTRAL,False,True,0.4970454877,2.0000000000,8.0000000000,25.0000000000,False,False,0.4970454877,UNIVERSAL_PATH_RISK_V1,2.0000000000,8.0000000000,25.0000000000,False,False,PATH_RISK_V1_2026-08-12,INVESTABLE_PATH_PRIMARY_V1,RELATIVE_STRUCTURE_15_V1,0.0125392013,0.0336556315,-0.0175604775,0.0025512805,0.0100641445,0.0074937454,-0.0037951632,0.0091887415,0.0021558646,0.0491463649,-0.0147446165,35.0000000000,9.0000000000,0.0358227290,0.0592052618
PATH_RISK_V1_2026-08-12|2026-08-11|VPL,2026-08-12T13:06:10.013233+00:00,2026-08-11,VPL,EXUS_REGION,ACWX,Developed Pacific incl. Japan,55.6250000000,37.5000000000,NEUTRAL,WEAKENING,False,True,0.5287092251,5.0000000000,8.0000000000,62.5000000000,False,False,0.5287092251,UNIVERSAL_PATH_RISK_V1,5.0000000000,8.0000000000,62.5000000000,False,False,PATH_RISK_V1_2026-08-12,INVESTABLE_PATH_PRIMARY_V1,RELATIVE_STRUCTURE_15_V1,-0.0063768347,-0.0384641219,0.0230124896,-0.0016977798,-0.0098786056,-0.0081947386,0.0089686634,-0.0107374851,-0.0009217208,0.0252967277,-0.0582368140,9.0000000000,36.0000000000,0.0578768026,0.0830959302
PATH_RISK_V1_2026-08-12|2026-08-11|EXI,2026-08-12T13:06:10.013233+00:00,2026-08-11,EXI,GLOBAL_SECTOR,ACWI,Global Industrials,60.0000000000,50.0000000000,NEUTRAL,NEUTRAL,False,True,0.4608976313,1.0000000000,10.0000000000,10.0000000000,True,False,0.4608976313,UNIVERSAL_PATH_RISK_V1,1.0000000000,10.0000000000,10.0000000000,True,False,PATH_RISK_V1_2026-08-12,INVESTABLE_PATH_PRIMARY_V1,RELATIVE_STRUCTURE_15_V1,0.0189354259,0.0035540986,-0.0448311264,0.0055695184,0.0063869328,0.0008128870,-0.0034823952,-0.0001172861,-0.0016337916,0.0488650647,-0.0633878499,49.0000000000,112.0000000000,0.0262354141,0.0489042896
PATH_RISK_V1_2026-08-12|2026-08-11|IXC,2026-08-12T13:06:10.013233+00:00,2026-08-11,IXC,GLOBAL_SECTOR,ACWI,Global Energy,75.5000000000,70.0000000000,EMERGING,EMERGING,False,True,0.5808091666,10.0000000000,10.0000000000,100.0000000000,False,False,0.5808091666,UNIVERSAL_PATH_RISK_V1,10.0000000000,10.0000000000,100.0000000000,False,False,PATH_RISK_V1_2026-08-12,INVESTABLE_PATH_PRIMARY_V1,RELATIVE_STRUCTURE_15_V1,0.0345379577,0.0038902712,0.0459148466,0.0152977114,0.0160786035,0.0007691262,0.0032693109,0.0099004956,0.0055316388,0.1198333534,-0.1893665649,26.0000000000,93.0000000000,0.0947443562,0.1613735832
PATH_RISK_V1_2026-08-12|2026-08-11|IXG,2026-08-12T13:06:10.013233+00:00,2026-08-11,IXG,GLOBAL_SECTOR,ACWI,Global Financials,77.5000000000,90.0000000000,REACCELERATING,PERSISTENT_LEADER,True,True,0.5099861600,4.0000000000,10.0000000000,40.0000000000,False,False,0.5099861600,UNIVERSAL_PATH_RISK_V1,4.0000000000,10.0000000000,40.0000000000,False,False,PATH_RISK_V1_2026-08-12,INVESTABLE_PATH_PRIMARY_V1,RELATIVE_STRUCTURE_15_V1,0.0016537696,0.0801600667,-0.0046141096,-0.0067046529,0.0139944265,0.0208387962,0.0061518153,0.0266880234,0.0135563002,0.1031085268,-0.0352130959,47.0000000000,10.0000000000,0.0385143054,0.0731458969
PATH_RISK_V1_2026-08-12|2026-08-11|IXJ,2026-08-12T13:06:10.013233+00:00,2026-08-11,IXJ,GLOBAL_SECTOR,ACWI,Global Health Care,80.0000000000,100.0000000000,ACCELERATING,WEAKENING,True,True,0.5441469295,7.0000000000,10.0000000000,70.0000000000,False,False,0.5441469295,UNIVERSAL_PATH_RISK_V1,7.0000000000,10.0000000000,70.0000000000,False,False,PATH_RISK_V1_2026-08-12,INVESTABLE_PATH_PRIMARY_V1,RELATIVE_STRUCTURE_15_V1,0.0075301409,0.0949931772,-0.0512679094,0.0046101157,0.0141803002,0.0095262673,-0.0094458657,0.0121481136,0.0011961506,0.1181658259,-0.0728801890,48.0000000000,121.0000000000,0.0744682828,0.1250563049
PATH_RISK_V1_2026-08-12|2026-08-11|IXN,2026-08-12T13:06:10.013233+00:00,2026-08-11,IXN,GLOBAL_SECTOR,ACWI,Global Technology,44.0000000000,30.0000000000,WEAKENING,WEAKENING,False,True,0.5758207810,9.0000000000,10.0000000000,90.0000000000,False,False,0.5758207810,UNIVERSAL_PATH_RISK_V1,9.0000000000,10.0000000000,90.0000000000,False,False,PATH_RISK_V1_2026-08-12,INVESTABLE_PATH_PRIMARY_V1,RELATIVE_STRUCTURE_15_V1,-0.0081435455,0.0012555192,0.1828802789,0.0026456239,0.0077458555,0.0050867739,0.0329878295,0.0002604803,0.0133743669,0.2117344237,-0.0762124680,92.0000000000,48.0000000000,0.0682838923,0.1290779574
PATH_RISK_V1_2026-08-12|2026-08-11|IXP,2026-08-12T13:06:10.013233+00:00,2026-08-11,IXP,GLOBAL_SECTOR,ACWI,Global Communication Services,17.5000000000,10.0000000000,ROTATION_OUT,ROTATION_OUT,False,True,0.5414573918,6.0000000000,10.0000000000,60.0000000000,False,False,0.5414573918,UNIVERSAL_PATH_RISK_V1,6.0000000000,10.0000000000,60.0000000000,False,False,PATH_RISK_V1_2026-08-12,INVESTABLE_PATH_PRIMARY_V1,RELATIVE_STRUCTURE_15_V1,-0.0365366102,-0.0810827599,-0.1279946608,-0.0163165883,-0.0401523516,-0.0242311327,-0.0309544614,-0.0209783524,-0.0201496316,0.0104765673,-0.1443002074,29.0000000000,104.0000000000,0.0700656418,0.0922747363
PATH_RISK_V1_2026-08-12|2026-08-11|JXI,2026-08-12T13:06:10.013233+00:00,2026-08-11,JXI,GLOBAL_SECTOR,ACWI,Global Utilities,30.5000000000,20.0000000000,WEAKENING,WEAKENING,False,True,0.5369699881,5.0000000000,10.0000000000,50.0000000000,False,False,0.5369699881,UNIVERSAL_PATH_RISK_V1,5.0000000000,10.0000000000,50.0000000000,False,False,PATH_RISK_V1_2026-08-12,INVESTABLE_PATH_PRIMARY_V1,RELATIVE_STRUCTURE_15_V1,-0.0614347513,-0.0647299329,-0.0805220005,-0.0334845043,-0.0542358763,-0.0214702942,-0.0177098357,-0.0138393658,-0.0117134186,0.0077692349,-0.1910814809,1.0000000000,92.0000000000,0.0567248056,0.1006906960
PATH_RISK_V1_2026-08-12|2026-08-11|KXI,2026-08-12T13:06:10.013233+00:00,2026-08-11,KXI,GLOBAL_SECTOR,ACWI,Global Consumer Staples,65.5000000000,60.0000000000,NEUTRAL,WEAKENING,False,True,0.5673696804,8.0000000000,10.0000000000,80.0000000000,False,False,0.5673696804,UNIVERSAL_PATH_RISK_V1,8.0000000000,10.0000000000,80.0000000000,False,False,PATH_RISK_V1_2026-08-12,INVESTABLE_PATH_PRIMARY_V1,RELATIVE_STRUCTURE_15_V1,-0.0212444635,-0.0147891273,-0.1125942226,-0.0204056212,-0.0285914266,-0.0083563213,-0.0174638130,-0.0041076279,-0.0082465549,0.0327942050,-0.1427869992,48.0000000000,122.0000000000,0.0749331537,0.1294156874
PATH_RISK_V1_2026-08-12|2026-08-11|MXI,2026-08-12T13:06:10.013233+00:00,2026-08-11,MXI,GLOBAL_SECTOR,ACWI,Global Materials,76.5000000000,80.0000000000,EMERGING,EMERGING,True,True,0.4955115925,2.0000000000,10.0000000000,20.0000000000,True,True,0.4955115925,UNIVERSAL_PATH_RISK_V1,2.0000000000,10.0000000000,20.0000000000,True,True,PATH_RISK_V1_2026-08-12,INVESTABLE_PATH_PRIMARY_V1,RELATIVE_STRUCTURE_15_V1,0.0457496874,-0.0417853603,-0.0659061002,0.0192266947,0.0084891998,-0.0105349428,-0.0111164160,-0.0135846005,-0.0104357275,0.0535366716,-0.1094498059,24.0000000000,113.0000000000,0.0563876750,0.0857212180
PATH_RISK_V1_2026-08-12|2026-08-11|RXI,2026-08-12T13:06:10.013233+00:00,2026-08-11,RXI,GLOBAL_SECTOR,ACWI,Global Consumer Discretionary,50.5000000000,40.0000000000,NEUTRAL,NEUTRAL,False,True,0.5085939983,3.0000000000,10.0000000000,30.0000000000,False,False,0.5085939983,UNIVERSAL_PATH_RISK_V1,3.0000000000,10.0000000000,30.0000000000,False,False,PATH_RISK_V1_2026-08-12,INVESTABLE_PATH_PRIMARY_V1,RELATIVE_STRUCTURE_15_V1,0.0215734699,-0.0028509338,-0.0886540145,0.0084874298,0.0030251200,-0.0054163390,-0.0268444305,-0.0063978723,-0.0133729554,0.0481242695,-0.0962526084,13.0000000000,125.0000000000,0.0559039361,0.0759199100
PATH_RISK_V1_2026-08-12|2026-08-11|CIBR,2026-08-12T13:06:10.013233+00:00,2026-08-11,CIBR,US_INDUSTRY_THEME,SPY,Cybersecurity,80.9259259259,92.5925925926,WEAKENING,NEUTRAL,True,True,0.5467382117,16.0000000000,27.0000000000,59.2592592593,False,False,0.4667738357,US_INDUSTRY_THEME_SPECIALIZED_V1,8.0000000000,27.0000000000,29.6296296296,False,False,PATH_RISK_V1_2026-08-12,INVESTABLE_PATH_PRIMARY_V1,RELATIVE_STRUCTURE_15_V1,0.0577778492,0.2687570224,0.3131828385,0.0452290976,0.1005855939,0.0529611129,0.0447359666,0.0516373939,0.0399582544,0.4480746859,-0.0035756117,84.0000000000,1.0000000000,0.0663622765,0.1370217959
PATH_RISK_V1_2026-08-12|2026-08-11|FDN,2026-08-12T13:06:10.013233+00:00,2026-08-11,FDN,US_INDUSTRY_THEME,SPY,Internet,58.3333333333,51.8518518519,WEAKENING,NEUTRAL,False,True,0.5455269785,15.0000000000,27.0000000000,55.5555555556,False,False,0.5624344626,US_INDUSTRY_THEME_SPECIALIZED_V1,22.0000000000,27.0000000000,81.4814814815,False,False,PATH_RISK_V1_2026-08-12,INVESTABLE_PATH_PRIMARY_V1,RELATIVE_STRUCTURE_15_V1,0.0270778716,0.0532946392,0.0480996940,0.0249189852,0.0320479321,0.0069556200,-0.0113625109,0.0034348609,-0.0036215888,0.1089404092,-0.0162649334,117.0000000000,49.0000000000,0.0550244648,0.0831958988
PATH_RISK_V1_2026-08-12|2026-08-11|IGV,2026-08-12T13:06:10.013233+00:00,2026-08-11,IGV,US_INDUSTRY_THEME,SPY,Software,77.8703703704,85.1851851852,PERSISTENT_LEADER,PERSISTENT_LEADER,True,True,0.5984289811,23.0000000000,27.0000000000,85.1851851852,False,False,0.5727948633,US_INDUSTRY_THEME_SPECIALIZED_V1,24.0000000000,27.0000000000,88.8888888889,False,False,PATH_RISK_V1_2026-08-12,INVESTABLE_PATH_PRIMARY_V1,RELATIVE_STRUCTURE_15_V1,0.0899167305,0.0967760478,0.0946494711,0.0536929102,0.0716918705,0.0170817893,-0.0245390176,0.0097517063,-0.0068872391,0.2242622367,-0.0524122019,84.0000000000,49.0000000000,0.0758337999,0.1549968461
PATH_RISK_V1_2026-08-12|2026-08-11|IHF,2026-08-12T13:06:10.013233+00:00,2026-08-11,IHF,US_INDUSTRY_THEME,SPY,Health Care Providers,51.2962962963,33.3333333333,WEAKENING,WEAKENING,False,True,0.5944503218,22.0000000000,27.0000000000,81.4814814815,False,False,0.5921655590,US_INDUSTRY_THEME_SPECIALIZED_V1,25.0000000000,27.0000000000,92.5925925926,False,False,PATH_RISK_V1_2026-08-12,INVESTABLE_PATH_PRIMARY_V1,RELATIVE_STRUCTURE_15_V1,-0.0472072780,0.0780053771,0.1390672397,-0.0222543978,0.0010968591,0.0238827532,0.0206843795,0.0295899036,0.0213582616,0.1473587273,-0.0678288816,81.0000000000,10.0000000000,0.0559234972,0.1145295011
PATH_RISK_V1_2026-08-12|2026-08-11|IHI,2026-08-12T13:06:10.013233+00:00,2026-08-11,IHI,US_INDUSTRY_THEME,SPY,Medical Devices,78.8888888889,88.8888888889,EMERGING,EMERGING,True,True,0.5821949746,21.0000000000,27.0000000000,77.7777777778,False,False,0.4902858385,US_INDUSTRY_THEME_SPECIALIZED_V1,13.0000000000,27.0000000000,48.1481481481,False,False,PATH_RISK_V1_2026-08-12,INVESTABLE_PATH_PRIMARY_V1,RELATIVE_STRUCTURE_15_V1,0.0601100057,0.1283283131,-0.1347456020,0.0386207172,0.0371916858,-0.0013758934,-0.0529017451,-0.0047004800,-0.0230845939,0.1438687538,-0.1746498068,48.0000000000,113.0000000000,0.1021004451,0.1492190817
PATH_RISK_V1_2026-08-12|2026-08-11|ITA,2026-08-12T13:06:10.013233+00:00,2026-08-11,ITA,US_INDUSTRY_THEME,SPY,Aerospace & Defense,61.4814814815,64.8148148148,EMERGING,WEAKENING,False,True,0.5248453537,9.0000000000,27.0000000000,33.3333333333,False,False,0.4600304939,US_INDUSTRY_THEME_SPECIALIZED_V1,7.0000000000,27.0000000000,25.9259259259,False,False,PATH_RISK_V1_2026-08-12,INVESTABLE_PATH_PRIMARY_V1,RELATIVE_STRUCTURE_15_V1,0.0419378252,0.0674327037,-0.0378062610,0.0132947627,0.0209579760,0.0075626694,-0.0021296432,0.0031309257,-0.0001705782,0.1100782726,-0.1080826182,59.0000000000,112.0000000000,0.0571267809,0.1080573990
PATH_RISK_V1_2026-08-12|2026-08-11|IYG,2026-08-12T13:06:10.013233+00:00,2026-08-11,IYG,US_INDUSTRY_THEME,SPY,Financial Services,61.4814814815,64.8148148148,NEUTRAL,NEUTRAL,False,True,0.4699811199,1.0000000000,27.0000000000,3.7037037037,True,False,0.4779781646,US_INDUSTRY_THEME_SPECIALIZED_V1,9.0000000000,27.0000000000,33.3333333333,False,False,PATH_RISK_V1_2026-08-12,INVESTABLE_PATH_PRIMARY_V1,RELATIVE_STRUCTURE_15_V1,0.0068899453,0.0801161264,-0.0456471535,-0.0007066654,0.0136385090,0.0143553188,-0.0040184668,0.0188965011,0.0062191652,0.1084812529,-0.0382227315,47.0000000000,125.0000000000,0.0302158621,0.0782088691
PATH_RISK_V1_2026-08-12|2026-08-11|IYT,2026-08-12T13:06:10.013233+00:00,2026-08-11,IYT,US_INDUSTRY_THEME,SPY,Transportation,31.2962962963,11.1111111111,WEAKENING,WEAKENING,False,True,0.5155004835,8.0000000000,27.0000000000,29.6296296296,False,False,0.5425116728,US_INDUSTRY_THEME_SPECIALIZED_V1,19.0000000000,27.0000000000,70.3703703704,False,False,PATH_RISK_V1_2026-08-12,INVESTABLE_PATH_PRIMARY_V1,RELATIVE_STRUCTURE_15_V1,-0.0394647878,0.0415364383,-0.0438239838,-0.0181352008,-0.0179838920,0.0001541034,0.0074865252,0.0058470511,0.0062115943,0.0599431373,-0.0595023759,61.0000000000,17.0000000000,0.0512301990,0.0912852506
PATH_RISK_V1_2026-08-12|2026-08-11|IYZ,2026-08-12T13:06:10.013233+00:00,2026-08-11,IYZ,US_INDUSTRY_THEME,SPY,Telecommunications,67.9629629630,77.7777777778,EMERGING,EMERGING,False,True,0.4966711109,4.0000000000,27.0000000000,14.8148148148,True,False,0.4184926378,US_INDUSTRY_THEME_SPECIALIZED_V1,3.0000000000,27.0000000000,11.1111111111,True,False,PATH_RISK_V1_2026-08-12,INVESTABLE_PATH_PRIMARY_V1,RELATIVE_STRUCTURE_15_V1,0.0194053863,-0.0002688910,0.0162130872,0.0187637351,0.0077883063,-0.0107732818,0.0057150323,-0.0165284266,-0.0052961598,0.0625996355,-0.0888819083,18.0000000000,93.0000000000,0.0497848970,0.1012866243
PATH_RISK_V1_2026-08-12|2026-08-11|KBE,2026-08-12T13:06:10.013233+00:00,2026-08-11,KBE,US_INDUSTRY_THEME,SPY,Banks,46.8518518519,25.9259259259,WEAKENING,WEAKENING,False,True,0.4886244469,2.0000000000,27.0000000000,7.4074074074,True,False,0.4795697934,US_INDUSTRY_THEME_SPECIALIZED_V1,11.0000000000,27.0000000000,40.7407407407,False,False,PATH_RISK_V1_2026-08-12,INVESTABLE_PATH_PRIMARY_V1,RELATIVE_STRUCTURE_15_V1,-0.0038838759,0.0781642649,-0.0501956140,-0.0077445722,0.0065357327,0.0143917630,0.0084585769,0.0202366517,0.0121544690,0.1150150430,-0.0444592364,47.0000000000,125.0000000000,0.0476340738,0.0995199346
PATH_RISK_V1_2026-08-12|2026-08-11|KIE,2026-08-12T13:06:10.013233+00:00,2026-08-11,KIE,US_INDUSTRY_THEME,SPY,Insurance,54.0740740741,44.4444444444,WEAKENING,WEAKENING,False,True,0.6120404590,24.0000000000,27.0000000000,88.8888888889,False,False,0.6266889592,US_INDUSTRY_THEME_SPECIALIZED_V1,26.0000000000,27.0000000000,96.2962962963,False,False,PATH_RISK_V1_2026-08-12,INVESTABLE_PATH_PRIMARY_V1,RELATIVE_STRUCTURE_15_V1,-0.0404286537,0.0877160056,-0.0009333478,-0.0239877910,-0.0038699058,0.0206123295,0.0006228638,0.0277076633,0.0118970871,0.1493873663,-0.0837266844,47.0000000000,9.0000000000,0.0797715796,0.1436260252
PATH_RISK_V1_2026-08-12|2026-08-11|KRE,2026-08-12T13:06:10.013233+00:00,2026-08-11,KRE,US_INDUSTRY_THEME,SPY,Regional Banks,62.4074074074,70.3703703704,NEUTRAL,WEAKENING,False,True,0.5147069532,7.0000000000,27.0000000000,25.9259259259,False,False,0.5475583833,US_INDUSTRY_THEME_SPECIALIZED_V1,20.0000000000,27.0000000000,74.0740740741,False,False,PATH_RISK_V1_2026-08-12,INVESTABLE_PATH_PRIMARY_V1,RELATIVE_STRUCTURE_15_V1,-0.0058862866,0.0785482363,-0.0518639619,-0.0092831209,0.0045711499,0.0139840868,0.0105998262,0.0198419327,0.0129051137,0.1112047046,-0.0455090454,47.0000000000,9.0000000000,0.0522734106,0.1075577726
PATH_RISK_V1_2026-08-12|2026-08-11|OIH,2026-08-12T13:06:10.013233+00:00,2026-08-11,OIH,US_INDUSTRY_THEME,SPY,Oil Services,58.7037037037,55.5555555556,NEUTRAL,NEUTRAL,False,True,0.5253756959,10.0000000000,27.0000000000,37.0370370370,False,False,0.3603312664,US_INDUSTRY_THEME_SPECIALIZED_V1,1.0000000000,27.0000000000,3.7037037037,True,False,PATH_RISK_V1_2026-08-12,INVESTABLE_PATH_PRIMARY_V1,RELATIVE_STRUCTURE_15_V1,0.0545094293,-0.0782134521,-0.0053649799,0.0472317251,0.0158766379,-0.0299409256,-0.0024843642,-0.0302101788,-0.0139497241,0.1252157148,-0.1809944060,26.0000000000,93.0000000000,0.0964763229,0.1642057210
PATH_RISK_V1_2026-08-12|2026-08-11|PAVE,2026-08-12T13:06:10.013233+00:00,2026-08-11,PAVE,US_INDUSTRY_THEME,SPY,U.S. infrastructure,55.7407407407,48.1481481481,NEUTRAL,NEUTRAL,False,True,0.5052918804,6.0000000000,27.0000000000,22.2222222222,False,False,0.5108557413,US_INDUSTRY_THEME_SPECIALIZED_V1,16.0000000000,27.0000000000,59.2592592593,False,False,PATH_RISK_V1_2026-08-12,INVESTABLE_PATH_PRIMARY_V1,RELATIVE_STRUCTURE_15_V1,0.0149483351,-0.0134563111,-0.0403216592,0.0004045539,-0.0048426628,-0.0052450948,0.0030735002,-0.0060960047,-0.0013573690,0.0386552189,-0.0659132544,57.0000000000,32.0000000000,0.0449608727,0.0850686700
PATH_RISK_V1_2026-08-12|2026-08-11|PBJ,2026-08-12T13:06:10.013233+00:00,2026-08-11,PBJ,US_INDUSTRY_THEME,SPY,Food & Beverage,9.6296296296,3.7037037037,ROTATION_OUT,ROTATION_OUT,False,True,0.5316750954,11.0000000000,27.0000000000,40.7407407407,False,False,0.4785237871,US_INDUSTRY_THEME_SPECIALIZED_V1,10.0000000000,27.0000000000,37.0370370370,False,False,PATH_RISK_V1_2026-08-12,INVESTABLE_PATH_PRIMARY_V1,RELATIVE_STRUCTURE_15_V1,-0.0557602610,-0.0653302753,-0.1505923475,-0.0318034455,-0.0546340791,-0.0235805772,-0.0254065500,-0.0163936472,-0.0158276334,0.0070451216,-0.2053912979,1.0000000000,93.0000000000,0.0590034893,0.1083320194
PATH_RISK_V1_2026-08-12|2026-08-11|PEJ,2026-08-12T13:06:10.013233+00:00,2026-08-11,PEJ,US_INDUSTRY_THEME,SPY,Leisure & Entertainment,51.6666666667,40.7407407407,NEUTRAL,NEUTRAL,False,True,0.5389212481,14.0000000000,27.0000000000,51.8518518519,False,False,0.5575129357,US_INDUSTRY_THEME_SPECIALIZED_V1,21.0000000000,27.0000000000,77.7777777778,False,False,PATH_RISK_V1_2026-08-12,INVESTABLE_PATH_PRIMARY_V1,RELATIVE_STRUCTURE_15_V1,-0.0060848730,0.0895082450,-0.0051234663,-0.0077697122,-0.0011162259,0.0067055868,0.0009955316,0.0081665209,0.0038798046,0.1010005631,-0.0593380636,61.0000000000,9.0000000000,0.0573269752,0.0967511073
PATH_RISK_V1_2026-08-12|2026-08-11|REM,2026-08-12T13:06:10.013233+00:00,2026-08-11,REM,US_INDUSTRY_THEME,SPY,Mortgage Real Estate,31.4814814815,14.8148148148,WEAKENING,WEAKENING,False,True,0.4977269409,5.0000000000,27.0000000000,18.5185185185,True,False,0.4506310355,US_INDUSTRY_THEME_SPECIALIZED_V1,5.0000000000,27.0000000000,18.5185185185,True,False,PATH_RISK_V1_2026-08-12,INVESTABLE_PATH_PRIMARY_V1,RELATIVE_STRUCTURE_15_V1,-0.0206559279,-0.0382217310,-0.0944318431,-0.0079976521,-0.0255071025,-0.0176506139,-0.0225616173,-0.0126023188,-0.0132838039,0.0233833678,-0.1216729838,3.0000000000,122.0000000000,0.0557255470,0.0849258167
PATH_RISK_V1_2026-08-12|2026-08-11|REZ,2026-08-12T13:06:10.013233+00:00,2026-08-11,REZ,US_INDUSTRY_THEME,SPY,Residential & Multisector Real Estate,35.9259259259,18.5185185185,WEAKENING,WEAKENING,False,True,0.6182629141,26.0000000000,27.0000000000,96.2962962963,False,False,0.6442716891,US_INDUSTRY_THEME_SPECIALIZED_V1,27.0000000000,27.0000000000,100.0000000000,False,False,PATH_RISK_V1_2026-08-12,INVESTABLE_PATH_PRIMARY_V1,RELATIVE_STRUCTURE_15_V1,-0.0585242579,-0.0206163302,-0.0291301640,-0.0505447681,-0.0466471041,0.0041051583,0.0033528392,0.0135068794,0.0077591511,0.0464216166,-0.1103345273,48.0000000000,9.0000000000,0.0774686039,0.1334065087
PATH_RISK_V1_2026-08-12|2026-08-11|SKYY,2026-08-12T13:06:10.013233+00:00,2026-08-11,SKYY,US_INDUSTRY_THEME,SPY,Cloud Computing,84.2592592593,100.0000000000,PERSISTENT_LEADER,PERSISTENT_LEADER,True,True,0.5806305425,20.0000000000,27.0000000000,74.0740740741,False,False,0.5023891765,US_INDUSTRY_THEME_SPECIALIZED_V1,14.0000000000,27.0000000000,51.8518518519,False,False,PATH_RISK_V1_2026-08-12,INVESTABLE_PATH_PRIMARY_V1,RELATIVE_STRUCTURE_15_V1,0.1187819465,0.2028539326,0.2579092620,0.0838521692,0.1293712849,0.0419975315,0.0146177932,0.0318048979,0.0173347845,0.3602151732,0.0000000000,84.0000000000,0.0000000000,0.0757458981,0.1497001281
PATH_RISK_V1_2026-08-12|2026-08-11|SMH,2026-08-12T13:06:10.013233+00:00,2026-08-11,SMH,US_INDUSTRY_THEME,SPY,Semiconductors,15.1851851852,7.4074074074,ROTATION_OUT,WEAKENING,False,True,0.6620452511,27.0000000000,27.0000000000,100.0000000000,False,False,0.5037764068,US_INDUSTRY_THEME_SPECIALIZED_V1,15.0000000000,27.0000000000,55.5555555556,False,False,PATH_RISK_V1_2026-08-12,INVESTABLE_PATH_PRIMARY_V1,RELATIVE_STRUCTURE_15_V1,-0.0488268772,-0.0486458077,0.2621200734,-0.0123008644,-0.0207540304,-0.0085584422,0.0594685869,-0.0155364849,0.0175398587,0.3067271211,-0.1725762812,108.0000000000,35.0000000000,0.1133261612,0.2231220867
PATH_RISK_V1_2026-08-12|2026-08-11|VNQ,2026-08-12T13:06:10.013233+00:00,2026-08-11,VNQ,US_INDUSTRY_THEME,SPY,U.S. Real Estate / REITs,36.8518518519,22.2222222222,WEAKENING,NEUTRAL,False,True,0.5586458949,19.0000000000,27.0000000000,70.3703703704,False,False,0.5669626952,US_INDUSTRY_THEME_SPECIALIZED_V1,23.0000000000,27.0000000000,85.1851851852,False,False,PATH_RISK_V1_2026-08-12,INVESTABLE_PATH_PRIMARY_V1,RELATIVE_STRUCTURE_15_V1,-0.0421692917,-0.0376938270,-0.0497512523,-0.0402800144,-0.0452941257,-0.0052245565,-0.0049828393,0.0024124008,-0.0003116133,0.0146333860,-0.0955430319,49.0000000000,111.0000000000,0.0590295266,0.1111983414
PATH_RISK_V1_2026-08-12|2026-08-11|XBI,2026-08-12T13:06:10.013233+00:00,2026-08-11,XBI,US_INDUSTRY_THEME,SPY,Biotechnology,63.8888888889,74.0740740741,REACCELERATING,REACCELERATING,False,True,0.5565101826,18.0000000000,27.0000000000,66.6666666667,False,False,0.4859991163,US_INDUSTRY_THEME_SPECIALIZED_V1,12.0000000000,27.0000000000,44.4444444444,False,False,PATH_RISK_V1_2026-08-12,INVESTABLE_PATH_PRIMARY_V1,RELATIVE_STRUCTURE_15_V1,-0.0106724767,0.1236825239,0.1239472809,0.0130048495,0.0373052374,0.0239884221,0.0337963236,0.0237385679,0.0242493510,0.2176560300,-0.0639980039,48.0000000000,25.0000000000,0.0684548418,0.1416442687
PATH_RISK_V1_2026-08-12|2026-08-11|XHB,2026-08-12T13:06:10.013233+00:00,2026-08-11,XHB,US_INDUSTRY_THEME,SPY,Homebuilders,48.8888888889,29.6296296296,NEUTRAL,NEUTRAL,False,True,0.5334897040,12.0000000000,27.0000000000,44.4444444444,False,False,0.4546825055,US_INDUSTRY_THEME_SPECIALIZED_V1,6.0000000000,27.0000000000,22.2222222222,False,False,PATH_RISK_V1_2026-08-12,INVESTABLE_PATH_PRIMARY_V1,RELATIVE_STRUCTURE_15_V1,0.0015707471,0.0405133477,-0.1520638946,-0.0022860733,-0.0130451243,-0.0107837033,-0.0220306370,-0.0107183340,-0.0126849333,0.1059387210,-0.1965554150,57.0000000000,122.0000000000,0.0715654159,0.1331227110
PATH_RISK_V1_2026-08-12|2026-08-11|XME,2026-08-12T13:06:10.013233+00:00,2026-08-11,XME,US_INDUSTRY_THEME,SPY,Metals & Mining,60.4629629630,59.2592592593,EMERGING,EMERGING,False,True,0.4918620010,3.0000000000,27.0000000000,11.1111111111,True,False,0.3605700363,US_INDUSTRY_THEME_SPECIALIZED_V1,2.0000000000,27.0000000000,7.4074074074,True,False,PATH_RISK_V1_2026-08-12,INVESTABLE_PATH_PRIMARY_V1,RELATIVE_STRUCTURE_15_V1,0.1221388662,-0.0939735704,-0.1576318815,0.0720436102,0.0329533754,-0.0364632879,-0.0282906066,-0.0477103097,-0.0316726194,0.1610039431,-0.1483042014,16.0000000000,124.0000000000,0.1003702619,0.1704330586
PATH_RISK_V1_2026-08-12|2026-08-11|XOP,2026-08-12T13:06:10.013233+00:00,2026-08-11,XOP,US_INDUSTRY_THEME,SPY,Oil & Gas Exploration & Production,70.3703703704,81.4814814815,EMERGING,NEUTRAL,True,True,0.6176191764,25.0000000000,27.0000000000,92.5925925926,False,False,0.4239336699,US_INDUSTRY_THEME_SPECIALIZED_V1,4.0000000000,27.0000000000,14.8148148148,True,True,PATH_RISK_V1_2026-08-12,INVESTABLE_PATH_PRIMARY_V1,RELATIVE_STRUCTURE_15_V1,0.0498130073,0.0170210047,0.1005227902,0.0285197197,0.0309072085,0.0023212864,0.0049822036,0.0127851197,0.0075298766,0.1326508837,-0.2181943451,36.0000000000,93.0000000000,0.1153147962,0.1879202456
PATH_RISK_V1_2026-08-12|2026-08-11|XPH,2026-08-12T13:06:10.013233+00:00,2026-08-11,XPH,US_INDUSTRY_THEME,SPY,Pharmaceuticals,82.4074074074,96.2962962963,ACCELERATING,PERSISTENT_LEADER,True,True,0.5520781713,17.0000000000,27.0000000000,62.9629629630,False,False,0.5359965851,US_INDUSTRY_THEME_SPECIALIZED_V1,18.0000000000,27.0000000000,66.6666666667,False,False,PATH_RISK_V1_2026-08-12,INVESTABLE_PATH_PRIMARY_V1,RELATIVE_STRUCTURE_15_V1,0.0147273568,0.1442861999,0.0985654517,-0.0039680042,0.0355767367,0.0397022797,0.0337681902,0.0459049836,0.0333651131,0.2322268918,-0.0390069478,48.0000000000,9.0000000000,0.0623156716,0.1259344287
PATH_RISK_V1_2026-08-12|2026-08-11|XRT,2026-08-12T13:06:10.013233+00:00,2026-08-11,XRT,US_INDUSTRY_THEME,SPY,Retail,51.6666666667,37.0370370370,NEUTRAL,NEUTRAL,False,True,0.5371236749,13.0000000000,27.0000000000,48.1481481481,False,False,0.5244430398,US_INDUSTRY_THEME_SPECIALIZED_V1,17.0000000000,27.0000000000,62.9629629630,False,False,PATH_RISK_V1_2026-08-12,INVESTABLE_PATH_PRIMARY_V1,RELATIVE_STRUCTURE_15_V1,-0.0037504021,0.0526327863,-0.0938577081,-0.0198072782,-0.0143411379,0.0055765976,-0.0103583324,0.0102136936,0.0002119301,0.0866466465,-0.0976268377,59.0000000000,122.0000000000,0.0647367277,0.1028656652
PATH_RISK_V1_2026-08-12|2026-08-11|IWM,2026-08-12T13:06:10.013233+00:00,2026-08-11,IWM,US_MARKET_BREADTH,ITOT,Russell 2000 small caps,73.3333333333,83.3333333333,REACCELERATING,WEAKENING,True,True,0.4904501928,2.0000000000,3.0000000000,66.6666666667,False,False,0.4904501928,UNIVERSAL_PATH_RISK_V1,2.0000000000,3.0000000000,66.6666666667,False,False,PATH_RISK_V1_2026-08-12,INVESTABLE_PATH_PRIMARY_V1,RELATIVE_STRUCTURE_15_V1,-0.0036577143,0.0077457297,0.0128981823,-0.0045177130,-0.0023558417,0.0021716824,0.0107478616,0.0026702157,0.0055836708,0.0454228460,-0.0447744152,104.0000000000,31.0000000000,0.0261057533,0.0530760375
PATH_RISK_V1_2026-08-12|2026-08-11|MDY,2026-08-12T13:06:10.013233+00:00,2026-08-11,MDY,US_MARKET_BREADTH,ITOT,S&P MidCap 400,73.3333333333,83.3333333333,EMERGING,NEUTRAL,True,True,0.4537897067,1.0000000000,3.0000000000,33.3333333333,False,False,0.4537897067,UNIVERSAL_PATH_RISK_V1,1.0000000000,3.0000000000,33.3333333333,False,False,PATH_RISK_V1_2026-08-12,INVESTABLE_PATH_PRIMARY_V1,RELATIVE_STRUCTURE_15_V1,0.0041542917,0.0056554972,-0.0280011272,-0.0016002389,-0.0037265382,-0.0021297074,-0.0002267567,-0.0010942185,-0.0004255027,0.0285349192,-0.0422327187,57.0000000000,112.0000000000,0.0235365738,0.0425669812
PATH_RISK_V1_2026-08-12|2026-08-11|QQQ,2026-08-12T13:06:10.013233+00:00,2026-08-11,QQQ,US_MARKET_BREADTH,SPY,Nasdaq-100,63.3333333333,33.3333333333,WEAKENING,WEAKENING,False,True,0.5237279652,3.0000000000,3.0000000000,100.0000000000,False,False,0.5237279652,UNIVERSAL_PATH_RISK_V1,3.0000000000,3.0000000000,100.0000000000,False,False,PATH_RISK_V1_2026-08-12,INVESTABLE_PATH_PRIMARY_V1,RELATIVE_STRUCTURE_15_V1,-0.0185931226,-0.0350511818,0.0501372169,-0.0030528827,-0.0116805403,-0.0086540775,0.0078470460,-0.0116698182,-0.0016678496,0.0557148588,-0.0594894067,121.0000000000,35.0000000000,0.0374510591,0.0703840007
PATH_RISK_V1_2026-08-12|2026-08-11|XLB,2026-08-12T13:06:10.013233+00:00,2026-08-11,XLB,US_SECTOR,SPY,Materials,77.7272727273,81.8181818182,EMERGING,EMERGING,True,True,0.5080459104,4.0000000000,11.0000000000,36.3636363636,False,False,0.5080459104,UNIVERSAL_PATH_RISK_V1,4.0000000000,11.0000000000,36.3636363636,False,False,PATH_RISK_V1_2026-08-12,INVESTABLE_PATH_PRIMARY_V1,RELATIVE_STRUCTURE_15_V1,0.0233710529,-0.0214424811,-0.0784863269,0.0087587366,-0.0000784184,-0.0087604248,-0.0102220161,-0.0094383061,-0.0080689788,0.0349535192,-0.1138768178,57.0000000000,122.0000000000,0.0557912582,0.0922286420
PATH_RISK_V1_2026-08-12|2026-08-11|XLC,2026-08-12T13:06:10.013233+00:00,2026-08-11,XLC,US_SECTOR,SPY,Communication Services,19.5454545455,9.0909090909,ROTATION_OUT,ROTATION_OUT,False,True,0.5257800943,5.0000000000,11.0000000000,45.4545454545,False,False,0.5257800943,UNIVERSAL_PATH_RISK_V1,5.0000000000,11.0000000000,45.4545454545,False,False,PATH_RISK_V1_2026-08-12,INVESTABLE_PATH_PRIMARY_V1,RELATIVE_STRUCTURE_15_V1,-0.0305470864,-0.0763220634,-0.1422320171,-0.0100084150,-0.0374797242,-0.0277490330,-0.0360022921,-0.0246477134,-0.0234923535,0.0115228611,-0.1729979497,13.0000000000,108.0000000000,0.0665081590,0.0922985873
PATH_RISK_V1_2026-08-12|2026-08-11|XLE,2026-08-12T13:06:10.013233+00:00,2026-08-11,XLE,US_SECTOR,SPY,Energy,83.1818181818,90.9090909091,EMERGING,EMERGING,True,True,0.5609224545,10.0000000000,11.0000000000,90.9090909091,False,False,0.5609224545,UNIVERSAL_PATH_RISK_V1,10.0000000000,11.0000000000,90.9090909091,False,False,PATH_RISK_V1_2026-08-12,INVESTABLE_PATH_PRIMARY_V1,RELATIVE_STRUCTURE_15_V1,0.0440366503,0.0272605685,0.0316002233,0.0263901380,0.0270676798,0.0006601212,0.0033994714,0.0085692416,0.0050285602,0.1181156870,-0.1948398818,26.0000000000,93.0000000000,0.0899981227,0.1598909030
PATH_RISK_V1_2026-08-12|2026-08-11|XLF,2026-08-12T13:06:10.013233+00:00,2026-08-11,XLF,US_SECTOR,SPY,Financials,72.2727272727,63.6363636364,WEAKENING,PERSISTENT_LEADER,False,True,0.4973198627,2.0000000000,11.0000000000,18.1818181818,True,False,0.4973198627,UNIVERSAL_PATH_RISK_V1,2.0000000000,11.0000000000,18.1818181818,True,False,PATH_RISK_V1_2026-08-12,INVESTABLE_PATH_PRIMARY_V1,RELATIVE_STRUCTURE_15_V1,0.0022387442,0.0845337066,-0.0317619171,-0.0030077017,0.0131200513,0.0161764068,-0.0039216444,0.0212826611,0.0072253479,0.1131929696,-0.0352050092,47.0000000000,10.0000000000,0.0312121947,0.0823581408
PATH_RISK_V1_2026-08-12|2026-08-11|XLI,2026-08-12T13:06:10.013233+00:00,2026-08-11,XLI,US_SECTOR,SPY,Industrials,73.6363636364,72.7272727273,NEUTRAL,NEUTRAL,False,True,0.4842891589,1.0000000000,11.0000000000,9.0909090909,True,False,0.4842891589,UNIVERSAL_PATH_RISK_V1,1.0000000000,11.0000000000,9.0909090909,True,False,PATH_RISK_V1_2026-08-12,INVESTABLE_PATH_PRIMARY_V1,RELATIVE_STRUCTURE_15_V1,0.0009710376,0.0177441809,-0.0372405343,-0.0023566736,-0.0011940350,0.0011653850,0.0017657804,0.0014017339,0.0013225215,0.0602210721,-0.0754216985,49.0000000000,112.0000000000,0.0387508239,0.0680014729
PATH_RISK_V1_2026-08-12|2026-08-11|XLK,2026-08-12T13:06:10.013233+00:00,2026-08-11,XLK,US_SECTOR,SPY,Information Technology,55.4545454545,54.5454545455,WEAKENING,NEUTRAL,False,True,0.5748084099,11.0000000000,11.0000000000,100.0000000000,False,False,0.5748084099,UNIVERSAL_PATH_RISK_V1,11.0000000000,11.0000000000,100.0000000000,False,False,PATH_RISK_V1_2026-08-12,INVESTABLE_PATH_PRIMARY_V1,RELATIVE_STRUCTURE_15_V1,-0.0019620710,0.0023289508,0.1657418314,0.0059780705,0.0101944085,0.0041912823,0.0289848092,-0.0017146498,0.0107439741,0.1953716981,-0.0758149778,92.0000000000,48.0000000000,0.0685124919,0.1236415504
PATH_RISK_V1_2026-08-12|2026-08-11|XLP,2026-08-12T13:06:10.013233+00:00,2026-08-11,XLP,US_SECTOR,SPY,Consumer Staples,51.3636363636,45.4545454545,NEUTRAL,NEUTRAL,False,True,0.5589285796,8.0000000000,11.0000000000,72.7272727273,False,False,0.5589285796,UNIVERSAL_PATH_RISK_V1,8.0000000000,11.0000000000,72.7272727273,False,False,PATH_RISK_V1_2026-08-12,INVESTABLE_PATH_PRIMARY_V1,RELATIVE_STRUCTURE_15_V1,-0.0266096245,-0.0211364542,-0.1213170178,-0.0220696705,-0.0330789186,-0.0112577018,-0.0164047248,-0.0071464851,-0.0090359651,0.0246287286,-0.1568243450,48.0000000000,122.0000000000,0.0708073088,0.1269670524
PATH_RISK_V1_2026-08-12|2026-08-11|XLRE,2026-08-12T13:06:10.013233+00:00,2026-08-11,XLRE,US_SECTOR,SPY,Real Estate,41.3636363636,36.3636363636,WEAKENING,NEUTRAL,False,True,0.5602619432,9.0000000000,11.0000000000,81.8181818182,False,False,0.5602619432,UNIVERSAL_PATH_RISK_V1,9.0000000000,11.0000000000,81.8181818182,False,False,PATH_RISK_V1_2026-08-12,INVESTABLE_PATH_PRIMARY_V1,RELATIVE_STRUCTURE_15_V1,-0.0412442492,-0.0452604843,-0.0508536741,-0.0383689042,-0.0456857227,-0.0076087582,-0.0070117469,-0.0008939638,-0.0025476944,0.0090167596,-0.1019574405,49.0000000000,121.0000000000,0.0594209969,0.1141749538
PATH_RISK_V1_2026-08-12|2026-08-11|XLU,2026-08-12T13:06:10.013233+00:00,2026-08-11,XLU,US_SECTOR,SPY,Utilities,25.0000000000,18.1818181818,ROTATION_OUT,WEAKENING,False,True,0.5420709269,7.0000000000,11.0000000000,63.6363636364,False,False,0.5420709269,UNIVERSAL_PATH_RISK_V1,7.0000000000,11.0000000000,63.6363636364,False,False,PATH_RISK_V1_2026-08-12,INVESTABLE_PATH_PRIMARY_V1,RELATIVE_STRUCTURE_15_V1,-0.0722031389,-0.0691389362,-0.0890265688,-0.0379648763,-0.0640058002,-0.0270685791,-0.0231303518,-0.0189075114,-0.0156931877,0.0148355216,-0.2177954599,1.0000000000,92.0000000000,0.0573770517,0.1112785665
PATH_RISK_V1_2026-08-12|2026-08-11|XLV,2026-08-12T13:06:10.013233+00:00,2026-08-11,XLV,US_SECTOR,SPY,Health Care,85.4545454545,100.0000000000,NEUTRAL,WEAKENING,True,True,0.5376233721,6.0000000000,11.0000000000,54.5454545455,False,False,0.5376233721,UNIVERSAL_PATH_RISK_V1,6.0000000000,11.0000000000,54.5454545455,False,False,PATH_RISK_V1_2026-08-12,INVESTABLE_PATH_PRIMARY_V1,RELATIVE_STRUCTURE_15_V1,0.0119954942,0.1289782852,-0.0289686145,0.0091663461,0.0237065769,0.0144081606,-0.0030255379,0.0166691989,0.0055726841,0.1333110915,-0.0633552430,48.0000000000,113.0000000000,0.0727141479,0.1244181000
PATH_RISK_V1_2026-08-12|2026-08-11|XLY,2026-08-12T13:06:10.013233+00:00,2026-08-11,XLY,US_SECTOR,SPY,Consumer Discretionary,37.5000000000,27.2727272727,WEAKENING,ROTATION_OUT,False,True,0.5011607678,3.0000000000,11.0000000000,27.2727272727,False,False,0.5011607678,UNIVERSAL_PATH_RISK_V1,3.0000000000,11.0000000000,27.2727272727,False,False,PATH_RISK_V1_2026-08-12,INVESTABLE_PATH_PRIMARY_V1,RELATIVE_STRUCTURE_15_V1,-0.0009478826,-0.0421706959,-0.0876629653,0.0049912263,-0.0120043168,-0.0169111358,-0.0269961139,-0.0194932134,-0.0185066847,0.0502883850,-0.0965955743,13.0000000000,109.0000000000,0.0528168776,0.0777506797
PATH_RISK_V1_2026-08-12|2026-08-12|EEM,2026-08-12T15:52:35.213003+00:00,2026-08-12,EEM,EXUS_BROAD,ACWX,"Emerging markets, large/mid",45.7142857143,28.5714285714,WEAKENING,WEAKENING,False,True,0.5148084793,6.0000000000,7.0000000000,85.7142857143,False,False,0.5148084793,UNIVERSAL_PATH_RISK_V1,6.0000000000,7.0000000000,85.7142857143,False,False,PATH_RISK_V1_2026-08-12,INVESTABLE_PATH_PRIMARY_V1,RELATIVE_STRUCTURE_15_V1,-0.0223338379,-0.0363525701,0.0252142652,-0.0026796660,-0.0160356323,-0.0133918520,0.0051777121,-0.0158989130,-0.0044914982,0.0343849186,-0.0716402042,90.0000000000,36.0000000000,0.0379164372,0.0788533469
PATH_RISK_V1_2026-08-12|2026-08-12|EFA,2026-08-12T15:52:35.213003+00:00,2026-08-12,EFA,EXUS_BROAD,ACWX,"EAFE developed, large/mid",77.8571428571,85.7142857143,PERSISTENT_LEADER,PERSISTENT_LEADER,True,True,0.4521135860,3.0000000000,7.0000000000,42.8571428571,False,False,0.4521135860,UNIVERSAL_PATH_RISK_V1,3.0000000000,7.0000000000,42.8571428571,False,False,PATH_RISK_V1_2026-08-12,INVESTABLE_PATH_PRIMARY_V1,RELATIVE_STRUCTURE_15_V1,0.0099840467,0.0163406101,-0.0149841353,0.0008700425,0.0068248514,0.0059496325,-0.0029589830,0.0071809551,0.0016986336,0.0363674569,-0.0162890939,49.0000000000,124.0000000000,0.0163319962,0.0377154348
PATH_RISK_V1_2026-08-12|2026-08-12|EMXC,2026-08-12T15:52:35.213003+00:00,2026-08-12,EMXC,EXUS_BROAD,ACWX,Emerging markets ex-China,43.5714285714,14.2857142857,WEAKENING,WEAKENING,False,True,0.5460034087,7.0000000000,7.0000000000,100.0000000000,False,False,0.5460034087,UNIVERSAL_PATH_RISK_V1,7.0000000000,7.0000000000,100.0000000000,False,False,PATH_RISK_V1_2026-08-12,INVESTABLE_PATH_PRIMARY_V1,RELATIVE_STRUCTURE_15_V1,-0.0252382225,-0.0184167661,0.0949106929,0.0029968892,-0.0106993619,-0.0136553277,0.0203823808,-0.0185766534,0.0002547782,0.0886361802,-0.0956545572,105.0000000000,36.0000000000,0.0560522830,0.1107749154
PATH_RISK_V1_2026-08-12|2026-08-12|SCZ,2026-08-12T15:52:35.213003+00:00,2026-08-12,SCZ,EXUS_BROAD,ACWX,EAFE small cap,78.5714285714,100.0000000000,EMERGING,EMERGING,True,True,0.4694372125,5.0000000000,7.0000000000,71.4285714286,False,False,0.4694372125,UNIVERSAL_PATH_RISK_V1,5.0000000000,7.0000000000,71.4285714286,False,False,PATH_RISK_V1_2026-08-12,INVESTABLE_PATH_PRIMARY_V1,RELATIVE_STRUCTURE_15_V1,0.0103677435,-0.0185482653,-0.0371848009,0.0025083235,0.0015369123,-0.0009689808,-0.0078829144,-0.0001974938,-0.0032684011,0.0335981912,-0.0399356490,30.0000000000,109.0000000000,0.0278658107,0.0558728893
PATH_RISK_V1_2026-08-12|2026-08-12|VEA,2026-08-12T15:52:35.213003+00:00,2026-08-12,VEA,EXUS_BROAD,ACWX,Developed markets ex-US,67.8571428571,71.4285714286,NEUTRAL,WEAKENING,False,True,0.4352366049,1.0000000000,7.0000000000,14.2857142857,True,False,0.4352366049,UNIVERSAL_PATH_RISK_V1,1.0000000000,7.0000000000,14.2857142857,True,False,PATH_RISK_V1_2026-08-12,INVESTABLE_PATH_PRIMARY_V1,RELATIVE_STRUCTURE_15_V1,0.0043730151,0.0012321392,0.0028873972,0.0029804740,0.0035178413,0.0005357705,0.0010153299,0.0004074246,0.0005373891,0.0091256408,-0.0041297754,75.0000000000,114.0000000000,0.0075702973,0.0152737401
PATH_RISK_V1_2026-08-12|2026-08-12|VSS,2026-08-12T15:52:35.213003+00:00,2026-08-12,VSS,EXUS_BROAD,ACWX,International small cap,48.5714285714,42.8571428571,NEUTRAL,NEUTRAL,False,True,0.4411417094,2.0000000000,7.0000000000,28.5714285714,False,False,0.4411417094,UNIVERSAL_PATH_RISK_V1,2.0000000000,7.0000000000,28.5714285714,False,False,PATH_RISK_V1_2026-08-12,INVESTABLE_PATH_PRIMARY_V1,RELATIVE_STRUCTURE_15_V1,0.0095451617,-0.0480307158,-0.0480680315,0.0085329920,-0.0028261391,-0.0112630237,-0.0139496131,-0.0130603855,-0.0109724153,0.0282180444,-0.0560010595,9.0000000000,109.0000000000,0.0195767481,0.0387707206
PATH_RISK_V1_2026-08-12|2026-08-12|VWO,2026-08-12T15:52:35.213003+00:00,2026-08-12,VWO,EXUS_BROAD,ACWX,"Emerging markets, broad",62.8571428571,57.1428571429,NEUTRAL,NEUTRAL,False,True,0.4617652234,4.0000000000,7.0000000000,57.1428571429,False,False,0.4617652234,UNIVERSAL_PATH_RISK_V1,4.0000000000,7.0000000000,57.1428571429,False,False,PATH_RISK_V1_2026-08-12,INVESTABLE_PATH_PRIMARY_V1,RELATIVE_STRUCTURE_15_V1,-0.0103903464,-0.0313343794,-0.0286056290,-0.0047952784,-0.0117463672,-0.0069845819,-0.0081391702,-0.0071447881,-0.0060786955,0.0078205274,-0.0440989942,9.0000000000,72.0000000000,0.0203588549,0.0366204452
PATH_RISK_V1_2026-08-12|2026-08-12|ARGT,2026-08-12T15:52:35.213003+00:00,2026-08-12,ARGT,EXUS_COUNTRY,ACWX,Argentina,30.8536585366,14.6341463415,WEAKENING,NEUTRAL,False,True,0.5567544097,35.0000000000,41.0000000000,85.3658536585,False,False,0.5567544097,UNIVERSAL_PATH_RISK_V1,35.0000000000,41.0000000000,85.3658536585,False,False,PATH_RISK_V1_2026-08-12,INVESTABLE_PATH_PRIMARY_V1,RELATIVE_STRUCTURE_15_V1,-0.0638919543,-0.0257595780,-0.1053032754,-0.0414338693,-0.0520716732,-0.0110976213,-0.0142005412,-0.0045035923,-0.0067594747,0.0011006917,-0.1406754590,62.0000000000,92.0000000000,0.0536669723,0.1117119831
PATH_RISK_V1_2026-08-12|2026-08-12|ECH,2026-08-12T15:52:35.213003+00:00,2026-08-12,ECH,EXUS_COUNTRY,ACWX,Chile,46.4024390244,39.0243902439,NEUTRAL,NEUTRAL,False,True,0.5082178573,14.0000000000,41.0000000000,34.1463414634,False,False,0.5082178573,UNIVERSAL_PATH_RISK_V1,14.0000000000,41.0000000000,34.1463414634,False,False,PATH_RISK_V1_2026-08-12,INVESTABLE_PATH_PRIMARY_V1,RELATIVE_STRUCTURE_15_V1,-0.0278246936,-0.0494151764,-0.1460274467,-0.0186298598,-0.0315769015,-0.0131928221,-0.0200963787,-0.0130327189,-0.0132335397,0.0207940726,-0.1544016904,45.0000000000,125.0000000000,0.0389811163,0.0897823619
PATH_RISK_V1_2026-08-12|2026-08-12|EDEN,2026-08-12T15:52:35.213003+00:00,2026-08-12,EDEN,EXUS_COUNTRY,ACWX,Denmark,25.3658536585,7.3170731707,WEAKENING,WEAKENING,False,True,0.5403919764,30.0000000000,41.0000000000,73.1707317073,False,False,0.5403919764,UNIVERSAL_PATH_RISK_V1,30.0000000000,41.0000000000,73.1707317073,False,False,PATH_RISK_V1_2026-08-12,INVESTABLE_PATH_PRIMARY_V1,RELATIVE_STRUCTURE_15_V1,-0.0423273828,-0.0278260157,-0.0844314963,-0.0181765597,-0.0191123130,-0.0009530770,-0.0167826723,0.0061674402,-0.0033791108,0.0584201963,-0.0723463553,37.0000000000,125.0000000000,0.0608411123,0.1059308584
PATH_RISK_V1_2026-08-12|2026-08-12|EFNL,2026-08-12T15:52:35.213003+00:00,2026-08-12,EFNL,EXUS_COUNTRY,ACWX,Finland,40.9756097561,31.7073170732,NEUTRAL,NEUTRAL,False,True,0.4782478507,2.0000000000,41.0000000000,4.8780487805,True,False,0.4782478507,UNIVERSAL_PATH_RISK_V1,2.0000000000,41.0000000000,4.8780487805,True,False,PATH_RISK_V1_2026-08-12,INVESTABLE_PATH_PRIMARY_V1,RELATIVE_STRUCTURE_15_V1,-0.0023262888,-0.0524209952,-0.0063594976,0.0022363751,-0.0174660667,-0.0196584781,-0.0068035292,-0.0202597981,-0.0110281681,0.0146265176,-0.0933696442,3.0000000000,54.0000000000,0.0359861619,0.0650173396
PATH_RISK_V1_2026-08-12|2026-08-12|EIDO,2026-08-12T15:52:35.213003+00:00,2026-08-12,EIDO,EXUS_COUNTRY,ACWX,Indonesia,44.3902439024,36.5853658537,NEUTRAL,NEUTRAL,False,True,0.5422849799,31.0000000000,41.0000000000,75.6097560976,False,False,0.5422849799,UNIVERSAL_PATH_RISK_V1,31.0000000000,41.0000000000,75.6097560976,False,False,PATH_RISK_V1_2026-08-12,INVESTABLE_PATH_PRIMARY_V1,RELATIVE_STRUCTURE_15_V1,0.0172316916,-0.1544700935,-0.3215681564,-0.0035013751,-0.0453987545,-0.0420445933,-0.1059009461,-0.0331535388,-0.0517605529,0.1377240397,-0.3306007517,45.0000000000,118.0000000000,0.0560387679,0.1816164586
PATH_RISK_V1_2026-08-12|2026-08-12|EIRL,2026-08-12T15:52:35.213003+00:00,2026-08-12,EIRL,EXUS_COUNTRY,ACWX,Ireland,71.4634146341,82.9268292683,NEUTRAL,ACCELERATING,True,True,0.5230441031,26.0000000000,41.0000000000,63.4146341463,False,False,0.5230441031,UNIVERSAL_PATH_RISK_V1,26.0000000000,41.0000000000,63.4146341463,False,False,PATH_RISK_V1_2026-08-12,INVESTABLE_PATH_PRIMARY_V1,RELATIVE_STRUCTURE_15_V1,0.0156860976,0.0817646983,0.0319900718,0.0037995931,0.0218859920,0.0180179380,0.0072588229,0.0206054541,0.0114894653,0.1022615560,-0.0247328747,74.0000000000,11.0000000000,0.0440732902,0.0796338237
PATH_RISK_V1_2026-08-12|2026-08-12|EIS,2026-08-12T15:52:35.213003+00:00,2026-08-12,EIS,EXUS_COUNTRY,ACWX,Israel,27.0731707317,9.7560975610,WEAKENING,NEUTRAL,False,True,0.4957698776,8.0000000000,41.0000000000,19.5121951220,True,False,0.4957698776,UNIVERSAL_PATH_RISK_V1,8.0000000000,41.0000000000,19.5121951220,True,False,PATH_RISK_V1_2026-08-12,INVESTABLE_PATH_PRIMARY_V1,RELATIVE_STRUCTURE_15_V1,-0.0051062450,-0.1232558135,-0.0587650582,-0.0010490508,-0.0263620414,-0.0253395731,-0.0128325794,-0.0229038335,-0.0142364252,0.0173950394,-0.1338165555,5.0000000000,68.0000000000,0.0450657999,0.0929351033
PATH_RISK_V1_2026-08-12|2026-08-12|ENOR,2026-08-12T15:52:35.213003+00:00,2026-08-12,ENOR,EXUS_COUNTRY,ACWX,Norway,60.3658536585,58.5365853659,EMERGING,NEUTRAL,False,True,0.5282358226,28.0000000000,41.0000000000,68.2926829268,False,False,0.5282358226,UNIVERSAL_PATH_RISK_V1,28.0000000000,41.0000000000,68.2926829268,False,False,PATH_RISK_V1_2026-08-12,INVESTABLE_PATH_PRIMARY_V1,RELATIVE_STRUCTURE_15_V1,0.0386985449,-0.0444091339,0.0437140060,0.0129085857,0.0102154542,-0.0026588100,-0.0022134927,0.0013179535,-0.0005603318,0.1098892012,-0.1268793552,30.0000000000,93.0000000000,0.0580351063,0.1130832761
PATH_RISK_V1_2026-08-12|2026-08-12|ENZL,2026-08-12T15:52:35.213003+00:00,2026-08-12,ENZL,EXUS_COUNTRY,ACWX,New Zealand,52.8048780488,51.2195121951,WEAKENING,WEAKENING,False,True,0.5527414448,34.0000000000,41.0000000000,82.9268292683,False,False,0.5527414448,UNIVERSAL_PATH_RISK_V1,34.0000000000,41.0000000000,82.9268292683,False,False,PATH_RISK_V1_2026-08-12,INVESTABLE_PATH_PRIMARY_V1,RELATIVE_STRUCTURE_15_V1,-0.0241890796,-0.0078375979,-0.0826251798,-0.0239710133,-0.0175698184,0.0065584065,-0.0158348982,0.0134389179,-0.0005336850,0.0427209054,-0.0874926167,36.0000000000,109.0000000000,0.0564899182,0.0997809576
PATH_RISK_V1_2026-08-12|2026-08-12|EPHE,2026-08-12T15:52:35.213003+00:00,2026-08-12,EPHE,EXUS_COUNTRY,ACWX,Philippines,70.8536585366,80.4878048780,NEUTRAL,EMERGING,True,True,0.5435086218,33.0000000000,41.0000000000,80.4878048780,False,False,0.5435086218,UNIVERSAL_PATH_RISK_V1,33.0000000000,41.0000000000,80.4878048780,False,False,PATH_RISK_V1_2026-08-12,INVESTABLE_PATH_PRIMARY_V1,RELATIVE_STRUCTURE_15_V1,-0.0057396736,0.0181263043,-0.0875329102,-0.0116045776,-0.0080286447,0.0036179173,-0.0214782075,0.0100103123,-0.0041575422,0.0817226805,-0.1139580713,50.0000000000,116.0000000000,0.0550297002,0.1235781713
PATH_RISK_V1_2026-08-12|2026-08-12|EPOL,2026-08-12T15:52:35.213003+00:00,2026-08-12,EPOL,EXUS_COUNTRY,ACWX,Poland,86.0975609756,100.0000000000,PERSISTENT_LEADER,PERSISTENT_LEADER,True,True,0.5153086849,18.0000000000,41.0000000000,43.9024390244,False,False,0.5153086849,UNIVERSAL_PATH_RISK_V1,18.0000000000,41.0000000000,43.9024390244,False,False,PATH_RISK_V1_2026-08-12,INVESTABLE_PATH_PRIMARY_V1,RELATIVE_STRUCTURE_15_V1,0.0575826564,0.0988550192,0.0975276183,0.0230682028,0.0554417175,0.0316435548,0.0176376310,0.0343925369,0.0207758086,0.1365138225,-0.0026972265,112.0000000000,1.0000000000,0.0303362598,0.0830818629
PATH_RISK_V1_2026-08-12|2026-08-12|EPU,2026-08-12T15:52:35.213003+00:00,2026-08-12,EPU,EXUS_COUNTRY,ACWX,Peru,63.5365853659,62.1951219512,NEUTRAL,WEAKENING,False,True,0.4977227897,10.0000000000,41.0000000000,24.3902439024,False,False,0.4977227897,UNIVERSAL_PATH_RISK_V1,10.0000000000,41.0000000000,24.3902439024,False,False,PATH_RISK_V1_2026-08-12,INVESTABLE_PATH_PRIMARY_V1,RELATIVE_STRUCTURE_15_V1,0.0013387518,0.0307810139,-0.0493810296,0.0025803654,0.0169799749,0.0143625489,0.0144348882,0.0160332612,0.0123298407,0.1095584009,-0.0893435992,45.0000000000,113.0000000000,0.0419567331,0.1080131063
PATH_RISK_V1_2026-08-12|2026-08-12|EWA,2026-08-12T15:52:35.213003+00:00,2026-08-12,EWA,EXUS_COUNTRY,ACWX,Australia,63.5365853659,62.1951219512,NEUTRAL,EMERGING,False,True,0.5185282799,23.0000000000,41.0000000000,56.0975609756,False,False,0.5185282799,UNIVERSAL_PATH_RISK_V1,23.0000000000,41.0000000000,56.0975609756,False,False,PATH_RISK_V1_2026-08-12,INVESTABLE_PATH_PRIMARY_V1,RELATIVE_STRUCTURE_15_V1,0.0075950893,-0.0167051096,-0.0139794455,-0.0075945947,-0.0026387296,0.0049937909,-0.0094606583,0.0083531828,-0.0004929319,0.0469758272,-0.0682273451,36.0000000000,84.0000000000,0.0395056621,0.0709200462
PATH_RISK_V1_2026-08-12|2026-08-12|EWC,2026-08-12T15:52:35.213003+00:00,2026-08-12,EWC,EXUS_COUNTRY,ACWX,Canada,58.4146341463,56.0975609756,WEAKENING,NEUTRAL,False,True,0.4968409660,9.0000000000,41.0000000000,21.9512195122,False,False,0.4968409660,UNIVERSAL_PATH_RISK_V1,9.0000000000,41.0000000000,21.9512195122,False,False,PATH_RISK_V1_2026-08-12,INVESTABLE_PATH_PRIMARY_V1,RELATIVE_STRUCTURE_15_V1,0.0094534816,0.0123261988,0.0186863813,0.0046142726,0.0114466441,0.0068009899,0.0000193870,0.0101658906,0.0042493121,0.0625697417,-0.0302331748,36.0000000000,110.0000000000,0.0393216195,0.0811505682
PATH_RISK_V1_2026-08-12|2026-08-12|EWD,2026-08-12T15:52:35.213003+00:00,2026-08-12,EWD,EXUS_COUNTRY,ACWX,Sweden,79.5121951220,92.6829268293,EMERGING,EMERGING,True,True,0.4954014310,7.0000000000,41.0000000000,17.0731707317,True,True,0.4954014310,UNIVERSAL_PATH_RISK_V1,7.0000000000,41.0000000000,17.0731707317,True,True,PATH_RISK_V1_2026-08-12,INVESTABLE_PATH_PRIMARY_V1,RELATIVE_STRUCTURE_15_V1,0.0188687244,0.0102882719,-0.0736154121,-0.0109429921,-0.0053292834,0.0056758191,-0.0115817540,0.0070332213,-0.0020815796,0.0451295087,-0.0812798417,36.0000000000,109.0000000000,0.0349131202,0.0593592203
PATH_RISK_V1_2026-08-12|2026-08-12|EWG,2026-08-12T15:52:35.213003+00:00,2026-08-12,EWG,EXUS_COUNTRY,ACWX,Germany,69.0243902439,75.6097560976,ACCELERATING,EMERGING,False,True,0.4870408324,3.0000000000,41.0000000000,7.3170731707,True,False,0.4870408324,UNIVERSAL_PATH_RISK_V1,3.0000000000,41.0000000000,7.3170731707,True,False,PATH_RISK_V1_2026-08-12,INVESTABLE_PATH_PRIMARY_V1,RELATIVE_STRUCTURE_15_V1,0.0260877913,0.0151815390,-0.0568851543,0.0025600603,0.0067027194,0.0041320807,-0.0176026374,0.0036795193,-0.0058567732,0.0527206807,-0.0538071249,36.0000000000,122.0000000000,0.0322888766,0.0628029495
PATH_RISK_V1_2026-08-12|2026-08-12|EWH,2026-08-12T15:52:35.213003+00:00,2026-08-12,EWH,EXUS_COUNTRY,ACWX,Hong Kong,33.8414634146,17.0731707317,WEAKENING,NEUTRAL,False,True,0.5210955809,25.0000000000,41.0000000000,60.9756097561,False,False,0.5210955809,UNIVERSAL_PATH_RISK_V1,25.0000000000,41.0000000000,60.9756097561,False,False,PATH_RISK_V1_2026-08-12,INVESTABLE_PATH_PRIMARY_V1,RELATIVE_STRUCTURE_15_V1,0.0015927102,-0.1035512041,-0.1029952500,-0.0250397829,-0.0323132221,-0.0074602421,-0.0222642862,0.0026447979,-0.0073876415,0.0507541592,-0.1409286968,30.0000000000,95.0000000000,0.0488321366,0.0808782694
PATH_RISK_V1_2026-08-12|2026-08-12|EWI,2026-08-12T15:52:35.213003+00:00,2026-08-12,EWI,EXUS_COUNTRY,ACWX,Italy,79.0243902439,90.2439024390,PERSISTENT_LEADER,PERSISTENT_LEADER,True,True,0.5138421686,17.0000000000,41.0000000000,41.4634146341,False,False,0.5138421686,UNIVERSAL_PATH_RISK_V1,17.0000000000,41.0000000000,41.4634146341,False,False,PATH_RISK_V1_2026-08-12,INVESTABLE_PATH_PRIMARY_V1,RELATIVE_STRUCTURE_15_V1,0.0087088967,0.0413251268,0.0473977661,-0.0008357866,0.0173888133,0.0182398445,0.0114472196,0.0202262198,0.0128953816,0.0848687125,-0.0130939529,103.0000000000,7.0000000000,0.0268246197,0.0625486807
PATH_RISK_V1_2026-08-12|2026-08-12|EWJ,2026-08-12T15:52:35.213003+00:00,2026-08-12,EWJ,EXUS_COUNTRY,ACWX,Japan,66.3414634146,70.7317073171,NEUTRAL,WEAKENING,False,True,0.4663239209,1.0000000000,41.0000000000,2.4390243902,True,False,0.4663239209,UNIVERSAL_PATH_RISK_V1,1.0000000000,41.0000000000,2.4390243902,True,False,PATH_RISK_V1_2026-08-12,INVESTABLE_PATH_PRIMARY_V1,RELATIVE_STRUCTURE_15_V1,0.0094525725,0.0173128299,-0.0146579887,0.0181673371,0.0220492928,0.0038126893,0.0018280920,0.0012089772,0.0010006659,0.0527189427,-0.0213298853,75.0000000000,123.0000000000,0.0310225935,0.0507299209
PATH_RISK_V1_2026-08-12|2026-08-12|EWL,2026-08-12T15:52:35.213003+00:00,2026-08-12,EWL,EXUS_COUNTRY,ACWX,Switzerland,41.9512195122,34.1463414634,WEAKENING,WEAKENING,False,True,0.5167960009,21.0000000000,41.0000000000,51.2195121951,False,False,0.5167960009,UNIVERSAL_PATH_RISK_V1,21.0000000000,41.0000000000,51.2195121951,False,False,PATH_RISK_V1_2026-08-12,INVESTABLE_PATH_PRIMARY_V1,RELATIVE_STRUCTURE_15_V1,-0.0132367765,0.0020368254,-0.0486638036,-0.0179935928,-0.0157647025,0.0022697309,-0.0067218404,0.0054560412,-0.0001833057,0.0392090929,-0.0651049271,48.0000000000,109.0000000000,0.0402662336,0.0886627232
PATH_RISK_V1_2026-08-12|2026-08-12|EWM,2026-08-12T15:52:35.213003+00:00,2026-08-12,EWM,EXUS_COUNTRY,ACWX,Malaysia,50.1219512195,43.9024390244,NEUTRAL,EMERGING,False,True,0.5124013676,16.0000000000,41.0000000000,39.0243902439,False,False,0.5124013676,UNIVERSAL_PATH_RISK_V1,16.0000000000,41.0000000000,39.0243902439,False,False,PATH_RISK_V1_2026-08-12,INVESTABLE_PATH_PRIMARY_V1,RELATIVE_STRUCTURE_15_V1,-0.0246302894,-0.0886771770,-0.0932144418,-0.0116053001,-0.0232886287,-0.0118205092,-0.0204505867,-0.0052715971,-0.0097790343,0.0425405088,-0.1560545502,36.0000000000,99.0000000000,0.0412794643,0.0914616096
PATH_RISK_V1_2026-08-12|2026-08-12|EWN,2026-08-12T15:52:35.213003+00:00,2026-08-12,EWN,EXUS_COUNTRY,ACWX,Netherlands,63.7804878049,65.8536585366,NEUTRAL,WEAKENING,False,True,0.4889130248,4.0000000000,41.0000000000,9.7560975610,True,False,0.4889130248,UNIVERSAL_PATH_RISK_V1,4.0000000000,41.0000000000,9.7560975610,True,False,PATH_RISK_V1_2026-08-12,INVESTABLE_PATH_PRIMARY_V1,RELATIVE_STRUCTURE_15_V1,0.0072016791,0.0531332622,0.0472616946,0.0082368684,0.0133499240,0.0050712841,0.0108081051,0.0045966928,0.0063626344,0.0816622609,-0.0216975021,93.0000000000,30.0000000000,0.0326678207,0.0626658703
PATH_RISK_V1_2026-08-12|2026-08-12|EWO,2026-08-12T15:52:35.213003+00:00,2026-08-12,EWO,EXUS_COUNTRY,ACWX,Austria,69.7560975610,78.0487804878,NEUTRAL,REACCELERATING,False,True,0.5032714674,12.0000000000,41.0000000000,29.2682926829,False,False,0.5032714674,UNIVERSAL_PATH_RISK_V1,12.0000000000,41.0000000000,29.2682926829,False,False,PATH_RISK_V1_2026-08-12,INVESTABLE_PATH_PRIMARY_V1,RELATIVE_STRUCTURE_15_V1,0.0050089225,0.0800767627,0.0775887625,0.0018779020,0.0236452978,0.0217265953,0.0260920684,0.0219110569,0.0197169600,0.1524569866,-0.0195264587,103.0000000000,4.0000000000,0.0320227664,0.0664677394
PATH_RISK_V1_2026-08-12|2026-08-12|EWP,2026-08-12T15:52:35.213003+00:00,2026-08-12,EWP,EXUS_COUNTRY,ACWX,Spain,82.4390243902,95.1219512195,PERSISTENT_LEADER,WEAKENING,True,True,0.5030640604,11.0000000000,41.0000000000,26.8292682927,False,False,0.5030640604,UNIVERSAL_PATH_RISK_V1,11.0000000000,41.0000000000,26.8292682927,False,False,PATH_RISK_V1_2026-08-12,INVESTABLE_PATH_PRIMARY_V1,RELATIVE_STRUCTURE_15_V1,0.0238681612,0.0734452846,0.0389365315,0.0024923517,0.0228981453,0.0203550616,0.0119783658,0.0225464751,0.0139856397,0.0942321695,-0.0142691371,48.0000000000,7.0000000000,0.0332603563,0.0683551921
PATH_RISK_V1_2026-08-12|2026-08-12|EWQ,2026-08-12T15:52:35.213003+00:00,2026-08-12,EWQ,EXUS_COUNTRY,ACWX,France,73.7804878049,86.5853658537,PERSISTENT_LEADER,WEAKENING,True,True,0.4919653110,5.0000000000,41.0000000000,12.1951219512,True,True,0.4919653110,UNIVERSAL_PATH_RISK_V1,5.0000000000,41.0000000000,12.1951219512,True,True,PATH_RISK_V1_2026-08-12,INVESTABLE_PATH_PRIMARY_V1,RELATIVE_STRUCTURE_15_V1,0.0217274366,0.0265345178,-0.0314246048,-0.0016983299,0.0056119969,0.0073227632,-0.0115635375,0.0079178256,-0.0016389695,0.0480902100,-0.0430244728,36.0000000000,115.0000000000,0.0311789279,0.0649617026
PATH_RISK_V1_2026-08-12|2026-08-12|EWS,2026-08-12T15:52:35.213003+00:00,2026-08-12,EWS,EXUS_COUNTRY,ACWX,Singapore,84.1463414634,97.5609756098,REACCELERATING,WEAKENING,True,True,0.5428170879,32.0000000000,41.0000000000,78.0487804878,False,False,0.5428170879,UNIVERSAL_PATH_RISK_V1,32.0000000000,41.0000000000,78.0487804878,False,False,PATH_RISK_V1_2026-08-12,INVESTABLE_PATH_PRIMARY_V1,RELATIVE_STRUCTURE_15_V1,0.0315198347,0.1264239497,0.1187917393,0.0194996610,0.0551891626,0.0350068794,0.0131132118,0.0414457473,0.0222993130,0.1528004914,-0.0180111659,40.0000000000,10.0000000000,0.0544264383,0.0895932905
PATH_RISK_V1_2026-08-12|2026-08-12|EWT,2026-08-12T15:52:35.213003+00:00,2026-08-12,EWT,EXUS_COUNTRY,ACWX,Taiwan,67.5609756098,73.1707317073,NEUTRAL,WEAKENING,False,True,0.5905354654,40.0000000000,41.0000000000,97.5609756098,False,False,0.5905354654,UNIVERSAL_PATH_RISK_V1,40.0000000000,41.0000000000,97.5609756098,False,False,PATH_RISK_V1_2026-08-12,INVESTABLE_PATH_PRIMARY_V1,RELATIVE_STRUCTURE_15_V1,0.0088866773,0.0772942843,0.3850581639,0.0292973678,0.0429137456,0.0132288085,0.0578482534,0.0046179647,0.0254539799,0.3627317200,-0.0510587395,120.0000000000,36.0000000000,0.0873311511,0.1425028220
PATH_RISK_V1_2026-08-12|2026-08-12|EWU,2026-08-12T15:52:35.213003+00:00,2026-08-12,EWU,EXUS_COUNTRY,ACWX,United Kingdom,49.8780487805,41.4634146341,WEAKENING,WEAKENING,False,True,0.5160279667,20.0000000000,41.0000000000,48.7804878049,False,False,0.5160279667,UNIVERSAL_PATH_RISK_V1,20.0000000000,41.0000000000,48.7804878049,False,False,PATH_RISK_V1_2026-08-12,INVESTABLE_PATH_PRIMARY_V1,RELATIVE_STRUCTURE_15_V1,0.0104350033,0.0010162146,-0.0224263284,-0.0112812883,-0.0072625433,0.0040645989,-0.0066748869,0.0084671145,0.0008859922,0.0560369874,-0.0687872015,37.0000000000,90.0000000000,0.0427763017,0.0863496907
PATH_RISK_V1_2026-08-12|2026-08-12|EWW,2026-08-12T15:52:35.213003+00:00,2026-08-12,EWW,EXUS_COUNTRY,ACWX,Mexico,37.8048780488,24.3902439024,WEAKENING,NEUTRAL,False,True,0.4922898940,6.0000000000,41.0000000000,14.6341463415,True,False,0.4922898940,UNIVERSAL_PATH_RISK_V1,6.0000000000,41.0000000000,14.6341463415,True,False,PATH_RISK_V1_2026-08-12,INVESTABLE_PATH_PRIMARY_V1,RELATIVE_STRUCTURE_15_V1,-0.0194870538,-0.0790106949,-0.1033694617,-0.0221099244,-0.0323691606,-0.0104911957,-0.0095958802,-0.0060603156,-0.0059865936,0.0013679621,-0.1083599009,36.0000000000,123.0000000000,0.0358422399,0.0730265454
PATH_RISK_V1_2026-08-12|2026-08-12|EWY,2026-08-12T15:52:35.213003+00:00,2026-08-12,EWY,EXUS_COUNTRY,ACWX,South Korea,39.8780487805,29.2682926829,WEAKENING,ROTATION_OUT,False,True,0.7305110502,41.0000000000,41.0000000000,100.0000000000,False,False,0.7305110502,UNIVERSAL_PATH_RISK_V1,41.0000000000,41.0000000000,100.0000000000,False,False,PATH_RISK_V1_2026-08-12,INVESTABLE_PATH_PRIMARY_V1,RELATIVE_STRUCTURE_15_V1,-0.0445817214,-0.0690069261,0.3079796775,0.0166782888,-0.0206198820,-0.0366863060,0.0533581869,-0.0483840406,-0.0008282665,0.2667919490,-0.2100210900,93.0000000000,50.0000000000,0.1684476931,0.3178990695
PATH_RISK_V1_2026-08-12|2026-08-12|EWZ,2026-08-12T15:52:35.213003+00:00,2026-08-12,EWZ,EXUS_COUNTRY,ACWX,Brazil,20.2439024390,2.4390243902,ROTATION_OUT,WEAKENING,False,True,0.5718305450,39.0000000000,41.0000000000,95.1219512195,False,False,0.5718305450,UNIVERSAL_PATH_RISK_V1,39.0000000000,41.0000000000,95.1219512195,False,False,PATH_RISK_V1_2026-08-12,INVESTABLE_PATH_PRIMARY_V1,RELATIVE_STRUCTURE_15_V1,-0.0886717201,-0.1480716820,-0.1672653366,-0.0633096488,-0.0834943256,-0.0215489322,-0.0197684878,-0.0104019285,-0.0111585863,0.0000000000,-0.2370936204,0.0000000000,85.0000000000,0.0629352314,0.1115468141
PATH_RISK_V1_2026-08-12|2026-08-12|EZA,2026-08-12T15:52:35.213003+00:00,2026-08-12,EZA,EXUS_COUNTRY,ACWX,South Africa,52.5000000000,48.7804878049,NEUTRAL,NEUTRAL,False,True,0.5157778358,19.0000000000,41.0000000000,46.3414634146,False,False,0.5157778358,UNIVERSAL_PATH_RISK_V1,19.0000000000,41.0000000000,46.3414634146,False,False,PATH_RISK_V1_2026-08-12,INVESTABLE_PATH_PRIMARY_V1,RELATIVE_STRUCTURE_15_V1,0.0457520609,-0.0575440312,-0.1343862086,0.0232798115,0.0113475330,-0.0116608168,-0.0301195748,-0.0171748839,-0.0194600434,0.0857404489,-0.1859446861,14.0000000000,114.0000000000,0.0587319726,0.1006844482
PATH_RISK_V1_2026-08-12|2026-08-12|GREK,2026-08-12T15:52:35.213003+00:00,2026-08-12,GREK,EXUS_COUNTRY,ACWX,Greece,73.7804878049,86.5853658537,NEUTRAL,WEAKENING,True,True,0.5331477583,29.0000000000,41.0000000000,70.7317073171,False,False,0.5331477583,UNIVERSAL_PATH_RISK_V1,29.0000000000,41.0000000000,70.7317073171,False,False,PATH_RISK_V1_2026-08-12,INVESTABLE_PATH_PRIMARY_V1,RELATIVE_STRUCTURE_15_V1,0.0378378238,0.0939845674,0.0341974549,0.0074596421,0.0386781301,0.0309873336,0.0186810430,0.0314903756,0.0200965372,0.1654118516,-0.0234601606,112.0000000000,7.0000000000,0.0477165176,0.0784673597
PATH_RISK_V1_2026-08-12|2026-08-12|INDA,2026-08-12T15:52:35.213003+00:00,2026-08-12,INDA,EXUS_COUNTRY,ACWX,India,36.4634146341,19.5121951220,WEAKENING,WEAKENING,False,True,0.5197360289,24.0000000000,41.0000000000,58.5365853659,False,False,0.5197360289,UNIVERSAL_PATH_RISK_V1,24.0000000000,41.0000000000,58.5365853659,False,False,PATH_RISK_V1_2026-08-12,INVESTABLE_PATH_PRIMARY_V1,RELATIVE_STRUCTURE_15_V1,-0.0075539344,0.0002160750,-0.1336690967,-0.0150369446,-0.0225960759,-0.0076745328,-0.0372656652,-0.0060089975,-0.0168566052,0.0310062288,-0.1267422521,48.0000000000,122.0000000000,0.0435040289,0.0794831121
PATH_RISK_V1_2026-08-12|2026-08-12|KSA,2026-08-12T15:52:35.213003+00:00,2026-08-12,KSA,EXUS_COUNTRY,ACWX,Saudi Arabia,39.0853658537,26.8292682927,NEUTRAL,NEUTRAL,False,True,0.5177209256,22.0000000000,41.0000000000,53.6585365854,False,False,0.5177209256,UNIVERSAL_PATH_RISK_V1,22.0000000000,41.0000000000,53.6585365854,False,False,PATH_RISK_V1_2026-08-12,INVESTABLE_PATH_PRIMARY_V1,RELATIVE_STRUCTURE_15_V1,-0.0088670535,-0.0582339396,-0.0888126862,-0.0133145774,-0.0319747296,-0.0189119569,-0.0307259543,-0.0174442133,-0.0187990875,0.0006020610,-0.1650115289,3.0000000000,93.0000000000,0.0387140507,0.0952404912
PATH_RISK_V1_2026-08-12|2026-08-12|MCHI,2026-08-12T15:52:35.213003+00:00,2026-08-12,MCHI,EXUS_COUNTRY,ACWX,China broad,37.0731707317,21.9512195122,WEAKENING,NEUTRAL,False,True,0.5669780769,38.0000000000,41.0000000000,92.6829268293,False,False,0.5669780769,UNIVERSAL_PATH_RISK_V1,38.0000000000,41.0000000000,92.6829268293,False,False,PATH_RISK_V1_2026-08-12,INVESTABLE_PATH_PRIMARY_V1,RELATIVE_STRUCTURE_15_V1,0.0002281631,-0.0951142575,-0.1676980685,-0.0220120358,-0.0331258598,-0.0113639680,-0.0462855121,-0.0059048298,-0.0203304127,0.0566781200,-0.1675930473,30.0000000000,104.0000000000,0.0657519132,0.1089454106
PATH_RISK_V1_2026-08-12|2026-08-12|QAT,2026-08-12T15:52:35.213003+00:00,2026-08-12,QAT,EXUS_COUNTRY,ACWX,Qatar,24.0243902439,4.8780487805,ROTATION_OUT,NEUTRAL,False,True,0.5078456749,13.0000000000,41.0000000000,31.7073170732,False,False,0.5078456749,UNIVERSAL_PATH_RISK_V1,13.0000000000,41.0000000000,31.7073170732,False,False,PATH_RISK_V1_2026-08-12,INVESTABLE_PATH_PRIMARY_V1,RELATIVE_STRUCTURE_15_V1,-0.0383298779,-0.0740487905,-0.1510148182,-0.0227649348,-0.0488746842,-0.0267179826,-0.0371079716,-0.0241671559,-0.0236086187,0.0000000000,-0.1538011104,0.0000000000,99.0000000000,0.0410468067,0.1001598472
PATH_RISK_V1_2026-08-12|2026-08-12|THD,2026-08-12T15:52:35.213003+00:00,2026-08-12,THD,EXUS_COUNTRY,ACWX,Thailand,65.7317073171,68.2926829268,NEUTRAL,NEUTRAL,False,True,0.5123637315,15.0000000000,41.0000000000,36.5853658537,False,False,0.5123637315,UNIVERSAL_PATH_RISK_V1,15.0000000000,41.0000000000,36.5853658537,False,False,PATH_RISK_V1_2026-08-12,INVESTABLE_PATH_PRIMARY_V1,RELATIVE_STRUCTURE_15_V1,-0.0231096635,0.0178312761,0.0230604312,-0.0134787411,-0.0111417554,0.0023689157,0.0079776489,0.0074699496,0.0067649975,0.0283123605,-0.0556344060,33.0000000000,92.0000000000,0.0485442293,0.0728599210
PATH_RISK_V1_2026-08-12|2026-08-12|TUR,2026-08-12T15:52:35.213003+00:00,2026-08-12,TUR,EXUS_COUNTRY,ACWX,Turkey,50.2439024390,46.3414634146,NEUTRAL,WEAKENING,False,True,0.5634510833,37.0000000000,41.0000000000,90.2439024390,False,False,0.5634510833,UNIVERSAL_PATH_RISK_V1,37.0000000000,41.0000000000,90.2439024390,False,False,PATH_RISK_V1_2026-08-12,INVESTABLE_PATH_PRIMARY_V1,RELATIVE_STRUCTURE_15_V1,-0.0141506524,-0.1166144422,-0.0941598589,-0.0078942896,-0.0307567816,-0.0230444112,-0.0180363605,-0.0175215881,-0.0135547133,0.0405296535,-0.1379731941,56.0000000000,74.0000000000,0.0686648292,0.1685984676
PATH_RISK_V1_2026-08-12|2026-08-12|UAE,2026-08-12T15:52:35.213003+00:00,2026-08-12,UAE,EXUS_COUNTRY,ACWX,United Arab Emirates,54.5121951220,53.6585365854,NEUTRAL,NEUTRAL,False,True,0.5246135514,27.0000000000,41.0000000000,65.8536585366,False,False,0.5246135514,UNIVERSAL_PATH_RISK_V1,27.0000000000,41.0000000000,65.8536585366,False,False,PATH_RISK_V1_2026-08-12,INVESTABLE_PATH_PRIMARY_V1,RELATIVE_STRUCTURE_15_V1,-0.0139505613,0.0161834927,-0.1364393115,-0.0085024895,-0.0100586551,-0.0015695104,-0.0192249843,-0.0015624921,-0.0082111763,0.0675365482,-0.1470493385,48.0000000000,121.0000000000,0.0461082529,0.1167583933
PATH_RISK_V1_2026-08-12|2026-08-12|VNM,2026-08-12T15:52:35.213003+00:00,2026-08-12,VNM,EXUS_COUNTRY,ACWX,Vietnam,30.3658536585,12.1951219512,NEUTRAL,ROTATION_OUT,False,True,0.5598170115,36.0000000000,41.0000000000,87.8048780488,False,False,0.5598170115,UNIVERSAL_PATH_RISK_V1,36.0000000000,41.0000000000,87.8048780488,False,False,PATH_RISK_V1_2026-08-12,INVESTABLE_PATH_PRIMARY_V1,RELATIVE_STRUCTURE_15_V1,-0.0242990205,-0.1279378658,-0.0820204032,0.0006909203,-0.0345518140,-0.0352184012,-0.0346879101,-0.0397736457,-0.0295415711,0.0450095591,-0.1421421216,12.0000000000,77.0000000000,0.0762831387,0.1174418649
PATH_RISK_V1_2026-08-12|2026-08-12|AAXJ,2026-08-12T15:52:35.213003+00:00,2026-08-12,AAXJ,EXUS_REGION,ACWX,Asia ex-Japan,39.3750000000,25.0000000000,WEAKENING,WEAKENING,False,True,0.5213726620,6.0000000000,8.0000000000,75.0000000000,False,False,0.5213726620,UNIVERSAL_PATH_RISK_V1,6.0000000000,8.0000000000,75.0000000000,False,False,PATH_RISK_V1_2026-08-12,INVESTABLE_PATH_PRIMARY_V1,RELATIVE_STRUCTURE_15_V1,-0.0209040466,-0.0325898592,0.0498658106,-0.0002343677,-0.0132073551,-0.0129760285,0.0081454038,-0.0158844225,-0.0033191343,0.0565768780,-0.0752067787,90.0000000000,36.0000000000,0.0405238132,0.0906240607
PATH_RISK_V1_2026-08-12|2026-08-12|AFK,2026-08-12T15:52:35.213003+00:00,2026-08-12,AFK,EXUS_REGION,ACWX,Africa,61.2500000000,62.5000000000,EMERGING,EMERGING,False,True,0.4984891935,4.0000000000,8.0000000000,50.0000000000,False,False,0.4984891935,UNIVERSAL_PATH_RISK_V1,4.0000000000,8.0000000000,50.0000000000,False,False,PATH_RISK_V1_2026-08-12,INVESTABLE_PATH_PRIMARY_V1,RELATIVE_STRUCTURE_15_V1,0.0605368594,-0.0554726975,-0.0799734742,0.0323103598,0.0260611848,-0.0060535816,-0.0209557556,-0.0110660580,-0.0135010892,0.0820252683,-0.1198157440,30.0000000000,114.0000000000,0.0485827597,0.0933576512
PATH_RISK_V1_2026-08-12|2026-08-12|ASEA,2026-08-12T15:52:35.213003+00:00,2026-08-12,ASEA,EXUS_REGION,ACWX,Southeast Asia,65.0000000000,75.0000000000,WEAKENING,WEAKENING,False,True,0.5297933258,8.0000000000,8.0000000000,100.0000000000,False,False,0.5297933258,UNIVERSAL_PATH_RISK_V1,8.0000000000,8.0000000000,100.0000000000,False,False,PATH_RISK_V1_2026-08-12,INVESTABLE_PATH_PRIMARY_V1,RELATIVE_STRUCTURE_15_V1,-0.0085317887,0.0541247714,0.0160436364,-0.0061242519,0.0126930454,0.0189332493,0.0065944259,0.0271481927,0.0141643876,0.0755172538,-0.0419884014,50.0000000000,10.0000000000,0.0455679341,0.0805745295
PATH_RISK_V1_2026-08-12|2026-08-12|EPP,2026-08-12T15:52:35.213003+00:00,2026-08-12,EPP,EXUS_REGION,ACWX,Pacific ex-Japan,72.5000000000,87.5000000000,NEUTRAL,PERSISTENT_LEADER,True,True,0.5041022286,5.0000000000,8.0000000000,62.5000000000,False,False,0.5041022286,UNIVERSAL_PATH_RISK_V1,5.0000000000,8.0000000000,62.5000000000,False,False,PATH_RISK_V1_2026-08-12,INVESTABLE_PATH_PRIMARY_V1,RELATIVE_STRUCTURE_15_V1,0.0114994119,-0.0071745231,-0.0110384685,-0.0057213257,0.0032673764,0.0090404254,-0.0074215757,0.0140322291,0.0027033545,0.0626040585,-0.0535175253,36.0000000000,99.0000000000,0.0368096084,0.0649560095
PATH_RISK_V1_2026-08-12|2026-08-12|FEZ,2026-08-12T15:52:35.213003+00:00,2026-08-12,FEZ,EXUS_REGION,ACWX,Eurozone blue chips,87.5000000000,100.0000000000,PERSISTENT_LEADER,PERSISTENT_LEADER,True,True,0.4835660250,1.0000000000,8.0000000000,12.5000000000,True,True,0.4835660250,UNIVERSAL_PATH_RISK_V1,1.0000000000,8.0000000000,12.5000000000,True,True,PATH_RISK_V1_2026-08-12,INVESTABLE_PATH_PRIMARY_V1,RELATIVE_STRUCTURE_15_V1,0.0239911689,0.0526906998,-0.0009157956,0.0042853876,0.0166500686,0.0123119196,-0.0013843200,0.0124544306,0.0042882282,0.0574701880,-0.0066573550,62.0000000000,7.0000000000,0.0211815409,0.0458688907
PATH_RISK_V1_2026-08-12|2026-08-12|ILF,2026-08-12T15:52:35.213003+00:00,2026-08-12,ILF,EXUS_REGION,ACWX,Latin America large caps,31.2500000000,12.5000000000,WEAKENING,WEAKENING,False,True,0.5261399077,7.0000000000,8.0000000000,87.5000000000,False,False,0.5261399077,UNIVERSAL_PATH_RISK_V1,7.0000000000,8.0000000000,87.5000000000,False,False,PATH_RISK_V1_2026-08-12,INVESTABLE_PATH_PRIMARY_V1,RELATIVE_STRUCTURE_15_V1,-0.0619511573,-0.0992768007,-0.1295818534,-0.0472515757,-0.0594149222,-0.0127665879,-0.0101241670,-0.0042966853,-0.0051512723,0.0000000000,-0.1707126226,0.0000000000,84.0000000000,0.0464358555,0.0810754349
PATH_RISK_V1_2026-08-12|2026-08-12|VGK,2026-08-12T15:52:35.213003+00:00,2026-08-12,VGK,EXUS_REGION,ACWX,Developed Europe,59.3750000000,37.5000000000,NEUTRAL,WEAKENING,False,True,0.4887207000,2.0000000000,8.0000000000,25.0000000000,False,False,0.4887207000,UNIVERSAL_PATH_RISK_V1,2.0000000000,8.0000000000,25.0000000000,False,False,PATH_RISK_V1_2026-08-12,INVESTABLE_PATH_PRIMARY_V1,RELATIVE_STRUCTURE_15_V1,0.0110158298,0.0209227430,-0.0190722414,-0.0039717905,0.0029667313,0.0069661901,-0.0037804622,0.0089948395,0.0021335707,0.0416064877,-0.0218253297,36.0000000000,10.0000000000,0.0255509697,0.0539447981
PATH_RISK_V1_2026-08-12|2026-08-12|VPL,2026-08-12T15:52:35.213003+00:00,2026-08-12,VPL,EXUS_REGION,ACWX,Developed Pacific incl. Japan,61.2500000000,50.0000000000,NEUTRAL,NEUTRAL,False,True,0.4914642200,3.0000000000,8.0000000000,37.5000000000,False,False,0.4914642200,UNIVERSAL_PATH_RISK_V1,3.0000000000,8.0000000000,37.5000000000,False,False,PATH_RISK_V1_2026-08-12,INVESTABLE_PATH_PRIMARY_V1,RELATIVE_STRUCTURE_15_V1,-0.0051869323,-0.0180166077,0.0305988770,0.0120245503,0.0040743650,-0.0078557238,0.0084233230,-0.0116737258,-0.0016646418,0.0386785240,-0.0459452667,10.0000000000,37.0000000000,0.0407567036,0.0732401145
PATH_RISK_V1_2026-08-12|2026-08-12|EXI,2026-08-12T15:52:35.213003+00:00,2026-08-12,EXI,GLOBAL_SECTOR,ACWI,Global Industrials,57.0000000000,50.0000000000,NEUTRAL,NEUTRAL,False,True,0.4547909344,1.0000000000,10.0000000000,10.0000000000,True,False,0.4547909344,UNIVERSAL_PATH_RISK_V1,1.0000000000,10.0000000000,10.0000000000,True,False,PATH_RISK_V1_2026-08-12,INVESTABLE_PATH_PRIMARY_V1,RELATIVE_STRUCTURE_15_V1,0.0226384456,0.0073962389,-0.0446005093,0.0075550041,0.0088134287,0.0012489885,-0.0033420420,0.0004403178,-0.0013492942,0.0515364729,-0.0610023445,50.0000000000,113.0000000000,0.0241269221,0.0479056475
PATH_RISK_V1_2026-08-12|2026-08-12|IXC,2026-08-12T15:52:35.213003+00:00,2026-08-12,IXC,GLOBAL_SECTOR,ACWI,Global Energy,71.5000000000,80.0000000000,NEUTRAL,EMERGING,True,True,0.5812347967,10.0000000000,10.0000000000,100.0000000000,False,False,0.5812347967,UNIVERSAL_PATH_RISK_V1,10.0000000000,10.0000000000,100.0000000000,False,False,PATH_RISK_V1_2026-08-12,INVESTABLE_PATH_PRIMARY_V1,RELATIVE_STRUCTURE_15_V1,0.0300210825,-0.0166709261,0.0400359186,0.0086250997,0.0096121566,0.0009786162,0.0030948907,0.0098335665,0.0054928951,0.1122677684,-0.1948431978,27.0000000000,94.0000000000,0.0880649386,0.1570067103
PATH_RISK_V1_2026-08-12|2026-08-12|IXG,2026-08-12T15:52:35.213003+00:00,2026-08-12,IXG,GLOBAL_SECTOR,ACWI,Global Financials,77.5000000000,90.0000000000,WEAKENING,PERSISTENT_LEADER,True,True,0.4966394083,3.0000000000,10.0000000000,30.0000000000,False,False,0.4966394083,UNIVERSAL_PATH_RISK_V1,3.0000000000,10.0000000000,30.0000000000,False,False,PATH_RISK_V1_2026-08-12,INVESTABLE_PATH_PRIMARY_V1,RELATIVE_STRUCTURE_15_V1,0.0008864434,0.0693810340,0.0012490258,-0.0072470532,0.0122721874,0.0196617302,0.0061937041,0.0256982408,0.0132540738,0.1015009880,-0.0366190612,48.0000000000,11.0000000000,0.0287031883,0.0682728996
PATH_RISK_V1_2026-08-12|2026-08-12|IXJ,2026-08-12T15:52:35.213003+00:00,2026-08-12,IXJ,GLOBAL_SECTOR,ACWI,Global Health Care,86.5000000000,100.0000000000,ACCELERATING,ACCELERATING,True,True,0.5333770183,6.0000000000,10.0000000000,60.0000000000,False,False,0.5333770183,UNIVERSAL_PATH_RISK_V1,6.0000000000,10.0000000000,60.0000000000,False,False,PATH_RISK_V1_2026-08-12,INVESTABLE_PATH_PRIMARY_V1,RELATIVE_STRUCTURE_15_V1,0.0263623555,0.0683567183,-0.0528706967,0.0014899996,0.0107222048,0.0092184697,-0.0093299626,0.0120512243,0.0012460483,0.1141253470,-0.0762303255,49.0000000000,122.0000000000,0.0653323674,0.1206029557
PATH_RISK_V1_2026-08-12|2026-08-12|IXN,2026-08-12T15:52:35.213003+00:00,2026-08-12,IXN,GLOBAL_SECTOR,ACWI,Global Technology,70.0000000000,70.0000000000,NEUTRAL,WEAKENING,False,True,0.5653695317,9.0000000000,10.0000000000,90.0000000000,False,False,0.5653695317,UNIVERSAL_PATH_RISK_V1,9.0000000000,10.0000000000,90.0000000000,False,False,PATH_RISK_V1_2026-08-12,INVESTABLE_PATH_PRIMARY_V1,RELATIVE_STRUCTURE_15_V1,-0.0054729134,0.0306453588,0.2014450896,0.0142420661,0.0201046475,0.0057802586,0.0326921932,-0.0001287958,0.0129234738,0.2271303568,-0.0644751016,93.0000000000,49.0000000000,0.0672936075,0.1278473255
PATH_RISK_V1_2026-08-12|2026-08-12|IXP,2026-08-12T15:52:35.213003+00:00,2026-08-12,IXP,GLOBAL_SECTOR,ACWI,Global Communication Services,14.5000000000,10.0000000000,ROTATION_OUT,ROTATION_OUT,False,True,0.5393967918,7.0000000000,10.0000000000,70.0000000000,False,False,0.5393967918,UNIVERSAL_PATH_RISK_V1,7.0000000000,10.0000000000,70.0000000000,False,False,PATH_RISK_V1_2026-08-12,INVESTABLE_PATH_PRIMARY_V1,RELATIVE_STRUCTURE_15_V1,-0.0477278665,-0.0994105635,-0.1415267471,-0.0267323433,-0.0513397816,-0.0252833207,-0.0313786067,-0.0219824589,-0.0206757872,0.0000000000,-0.1558407641,0.0000000000,105.0000000000,0.0654992007,0.0886710137
PATH_RISK_V1_2026-08-12|2026-08-12|JXI,2026-08-12T15:52:35.213003+00:00,2026-08-12,JXI,GLOBAL_SECTOR,ACWI,Global Utilities,29.5000000000,20.0000000000,WEAKENING,WEAKENING,False,True,0.5150828144,5.0000000000,10.0000000000,50.0000000000,False,False,0.5150828144,UNIVERSAL_PATH_RISK_V1,5.0000000000,10.0000000000,50.0000000000,False,False,PATH_RISK_V1_2026-08-12,INVESTABLE_PATH_PRIMARY_V1,RELATIVE_STRUCTURE_15_V1,-0.0593681896,-0.0684900599,-0.0922903053,-0.0306536740,-0.0527934329,-0.0228398854,-0.0183381473,-0.0153984876,-0.0125385175,0.0074337664,-0.1913507555,2.0000000000,93.0000000000,0.0462814091,0.0952260605
PATH_RISK_V1_2026-08-12|2026-08-12|KXI,2026-08-12T15:52:35.213003+00:00,2026-08-12,KXI,GLOBAL_SECTOR,ACWI,Global Consumer Staples,56.5000000000,40.0000000000,NEUTRAL,WEAKENING,False,True,0.5558719958,8.0000000000,10.0000000000,80.0000000000,False,False,0.5558719958,UNIVERSAL_PATH_RISK_V1,8.0000000000,10.0000000000,80.0000000000,False,False,PATH_RISK_V1_2026-08-12,INVESTABLE_PATH_PRIMARY_V1,RELATIVE_STRUCTURE_15_V1,-0.0145947596,-0.0369443046,-0.1170951792,-0.0237194012,-0.0331715527,-0.0096817980,-0.0177805415,-0.0045730699,-0.0084321153,0.0266712930,-0.1478689795,49.0000000000,123.0000000000,0.0666215268,0.1243233552
PATH_RISK_V1_2026-08-12|2026-08-12|MXI,2026-08-12T15:52:35.213003+00:00,2026-08-12,MXI,GLOBAL_SECTOR,ACWI,Global Materials,67.5000000000,60.0000000000,EMERGING,EMERGING,False,True,0.4854678601,2.0000000000,10.0000000000,20.0000000000,True,False,0.4854678601,UNIVERSAL_PATH_RISK_V1,2.0000000000,10.0000000000,20.0000000000,True,False,PATH_RISK_V1_2026-08-12,INVESTABLE_PATH_PRIMARY_V1,RELATIVE_STRUCTURE_15_V1,0.0345196461,-0.0488403286,-0.0790628171,0.0150688488,0.0056690083,-0.0092602985,-0.0109081076,-0.0122834643,-0.0098510136,0.0506264467,-0.1119098069,25.0000000000,114.0000000000,0.0457853343,0.0793186676
PATH_RISK_V1_2026-08-12|2026-08-12|RXI,2026-08-12T15:52:35.213003+00:00,2026-08-12,RXI,GLOBAL_SECTOR,ACWI,Global Consumer Discretionary,47.0000000000,30.0000000000,NEUTRAL,NEUTRAL,False,True,0.5093631928,4.0000000000,10.0000000000,40.0000000000,False,False,0.5093631928,UNIVERSAL_PATH_RISK_V1,4.0000000000,10.0000000000,40.0000000000,False,False,PATH_RISK_V1_2026-08-12,INVESTABLE_PATH_PRIMARY_V1,RELATIVE_STRUCTURE_15_V1,0.0127219690,-0.0163978646,-0.1089677906,-0.0050199395,-0.0106033996,-0.0056116302,-0.0266578577,-0.0059589971,-0.0130737567,0.0333777914,-0.1069986451,14.0000000000,124.0000000000,0.0494708653,0.0715496569
PATH_RISK_V1_2026-08-12|2026-08-12|CIBR,2026-08-12T15:52:35.213003+00:00,2026-08-12,CIBR,US_INDUSTRY_THEME,SPY,Cybersecurity,85.0000000000,92.5925925926,NEUTRAL,WEAKENING,True,True,0.5440714329,15.0000000000,27.0000000000,55.5555555556,False,False,0.4685009314,US_INDUSTRY_THEME_SPECIALIZED_V1,6.0000000000,27.0000000000,22.2222222222,False,False,PATH_RISK_V1_2026-08-12,INVESTABLE_PATH_PRIMARY_V1,RELATIVE_STRUCTURE_15_V1,0.0324201791,0.2808809603,0.3045296311,0.0438172466,0.1003790657,0.0541874733,0.0456465120,0.0510846959,0.0399001019,0.4526780680,-0.0004080112,85.0000000000,2.0000000000,0.0597814649,0.1360806564
PATH_RISK_V1_2026-08-12|2026-08-12|FDN,2026-08-12T15:52:35.213003+00:00,2026-08-12,FDN,US_INDUSTRY_THEME,SPY,Internet,56.1111111111,51.8518518519,NEUTRAL,NEUTRAL,False,True,0.5493962565,18.0000000000,27.0000000000,66.6666666667,False,False,0.5687883916,US_INDUSTRY_THEME_SPECIALIZED_V1,23.0000000000,27.0000000000,85.1851851852,False,False,PATH_RISK_V1_2026-08-12,INVESTABLE_PATH_PRIMARY_V1,RELATIVE_STRUCTURE_15_V1,0.0278610256,0.0545435357,0.0445350086,0.0220786457,0.0304519422,0.0081924189,-0.0106980175,0.0042033192,-0.0031314071,0.1083142304,-0.0168204132,118.0000000000,50.0000000000,0.0549919276,0.0831670789
PATH_RISK_V1_2026-08-12|2026-08-12|IGV,2026-08-12T15:52:35.213003+00:00,2026-08-12,IGV,US_INDUSTRY_THEME,SPY,Software,85.6481481481,96.2962962963,PERSISTENT_LEADER,PERSISTENT_LEADER,True,True,0.6180029898,25.0000000000,27.0000000000,92.5925925926,False,False,0.6018921183,US_INDUSTRY_THEME_SPECIALIZED_V1,25.0000000000,27.0000000000,92.5925925926,False,False,PATH_RISK_V1_2026-08-12,INVESTABLE_PATH_PRIMARY_V1,RELATIVE_STRUCTURE_15_V1,0.0687360805,0.0958732109,0.0730452881,0.0361321874,0.0557506196,0.0189342947,-0.0232691614,0.0115936823,-0.0057447669,0.2082244044,-0.0648255997,85.0000000000,50.0000000000,0.0777144663,0.1550736762
PATH_RISK_V1_2026-08-12|2026-08-12|IHF,2026-08-12T15:52:35.213003+00:00,2026-08-12,IHF,US_INDUSTRY_THEME,SPY,Health Care Providers,42.5925925926,25.9259259259,WEAKENING,WEAKENING,False,True,0.5852897153,22.0000000000,27.0000000000,81.4814814815,False,False,0.5803954304,US_INDUSTRY_THEME_SPECIALIZED_V1,24.0000000000,27.0000000000,88.8888888889,False,False,PATH_RISK_V1_2026-08-12,INVESTABLE_PATH_PRIMARY_V1,RELATIVE_STRUCTURE_15_V1,-0.0313626602,0.0537015450,0.1394118624,-0.0160341104,0.0056689684,0.0220567391,0.0204426679,0.0275578180,0.0204606514,0.1528096442,-0.0634002865,82.0000000000,11.0000000000,0.0554268196,0.1114264588
PATH_RISK_V1_2026-08-12|2026-08-12|IHI,2026-08-12T15:52:35.213003+00:00,2026-08-12,IHI,US_INDUSTRY_THEME,SPY,Medical Devices,80.1851851852,88.8888888889,EMERGING,EMERGING,True,True,0.5704065406,20.0000000000,27.0000000000,74.0740740741,False,False,0.5034914821,US_INDUSTRY_THEME_SPECIALIZED_V1,12.0000000000,27.0000000000,44.4444444444,False,False,PATH_RISK_V1_2026-08-12,INVESTABLE_PATH_PRIMARY_V1,RELATIVE_STRUCTURE_15_V1,0.1030429203,0.0934187834,-0.1470477061,0.0294492011,0.0300548382,0.0005883118,-0.0516617265,-0.0016385080,-0.0214092238,0.1370096127,-0.1795989703,49.0000000000,114.0000000000,0.0901008059,0.1480156999
PATH_RISK_V1_2026-08-12|2026-08-12|ITA,2026-08-12T15:52:35.213003+00:00,2026-08-12,ITA,US_INDUSTRY_THEME,SPY,Aerospace & Defense,62.5925925926,66.6666666667,EMERGING,EMERGING,False,True,0.5366039644,11.0000000000,27.0000000000,40.7407407407,False,False,0.4743533008,US_INDUSTRY_THEME_SPECIALIZED_V1,8.0000000000,27.0000000000,29.6296296296,False,False,PATH_RISK_V1_2026-08-12,INVESTABLE_PATH_PRIMARY_V1,RELATIVE_STRUCTURE_15_V1,0.0374429496,0.0612705258,-0.0403121394,0.0058410224,0.0135881391,0.0077021284,-0.0019228850,0.0040604604,0.0003276800,0.1024097048,-0.1142441017,60.0000000000,113.0000000000,0.0603720537,0.1097559528
PATH_RISK_V1_2026-08-12|2026-08-12|IYG,2026-08-12T15:52:35.213003+00:00,2026-08-12,IYG,US_INDUSTRY_THEME,SPY,Financial Services,65.1851851852,70.3703703704,WEAKENING,NEUTRAL,False,True,0.4842981420,2.0000000000,27.0000000000,7.4074074074,True,False,0.5442581443,US_INDUSTRY_THEME_SPECIALIZED_V1,22.0000000000,27.0000000000,81.4814814815,False,False,PATH_RISK_V1_2026-08-12,INVESTABLE_PATH_PRIMARY_V1,RELATIVE_STRUCTURE_15_V1,0.0036711951,0.0699000365,-0.0385915223,-0.0011157984,0.0127084133,0.0138396540,-0.0037077170,0.0185302659,0.0062570600,0.1080562089,-0.0283320534,48.0000000000,11.0000000000,0.0267891982,0.0766269381
PATH_RISK_V1_2026-08-12|2026-08-12|IYT,2026-08-12T15:52:35.213003+00:00,2026-08-12,IYT,US_INDUSTRY_THEME,SPY,Transportation,34.4444444444,22.2222222222,WEAKENING,WEAKENING,False,True,0.5127355191,7.0000000000,27.0000000000,25.9259259259,False,False,0.5421946559,US_INDUSTRY_THEME_SPECIALIZED_V1,19.0000000000,27.0000000000,70.3703703704,False,False,PATH_RISK_V1_2026-08-12,INVESTABLE_PATH_PRIMARY_V1,RELATIVE_STRUCTURE_15_V1,-0.0357443022,0.0426231415,-0.0527864657,-0.0205010332,-0.0216709295,-0.0011943823,0.0070211562,0.0045223871,0.0055327851,0.0552258507,-0.0636880691,62.0000000000,18.0000000000,0.0508669674,0.0912198030
PATH_RISK_V1_2026-08-12|2026-08-12|IYZ,2026-08-12T15:52:35.213003+00:00,2026-08-12,IYZ,US_INDUSTRY_THEME,SPY,Telecommunications,78.5185185185,85.1851851852,EMERGING,EMERGING,True,True,0.4805106380,1.0000000000,27.0000000000,3.7037037037,True,True,0.3977861577,US_INDUSTRY_THEME_SPECIALIZED_V1,2.0000000000,27.0000000000,7.4074074074,True,True,PATH_RISK_V1_2026-08-12,INVESTABLE_PATH_PRIMARY_V1,RELATIVE_STRUCTURE_15_V1,0.0438755302,0.0207409065,0.0290353861,0.0341331669,0.0255817354,-0.0082691783,0.0059196638,-0.0150018400,-0.0047295546,0.0819133224,-0.0723215323,19.0000000000,94.0000000000,0.0483878762,0.1010743834
PATH_RISK_V1_2026-08-12|2026-08-12|KBE,2026-08-12T15:52:35.213003+00:00,2026-08-12,KBE,US_INDUSTRY_THEME,SPY,Banks,47.9629629630,29.6296296296,WEAKENING,WEAKENING,False,True,0.5012169382,4.0000000000,27.0000000000,14.8148148148,True,False,0.5362260299,US_INDUSTRY_THEME_SPECIALIZED_V1,17.0000000000,27.0000000000,62.9629629630,False,False,PATH_RISK_V1_2026-08-12,INVESTABLE_PATH_PRIMARY_V1,RELATIVE_STRUCTURE_15_V1,0.0027656989,0.0830421524,-0.0420409975,-0.0047599193,0.0087966839,0.0136214402,0.0084650186,0.0196765953,0.0120026667,0.1178368722,-0.0392235759,48.0000000000,10.0000000000,0.0475206769,0.0994756786
PATH_RISK_V1_2026-08-12|2026-08-12|KIE,2026-08-12T15:52:35.213003+00:00,2026-08-12,KIE,US_INDUSTRY_THEME,SPY,Insurance,65.9259259259,74.0740740741,REACCELERATING,WEAKENING,False,True,0.5990259298,24.0000000000,27.0000000000,88.8888888889,False,False,0.6179289399,US_INDUSTRY_THEME_SPECIALIZED_V1,26.0000000000,27.0000000000,96.2962962963,False,False,PATH_RISK_V1_2026-08-12,INVESTABLE_PATH_PRIMARY_V1,RELATIVE_STRUCTURE_15_V1,-0.0230665576,0.0794835673,-0.0100014967,-0.0228201128,-0.0046940675,0.0185493434,0.0005648119,0.0260953165,0.0113487085,0.1483160943,-0.0845806855,48.0000000000,10.0000000000,0.0770031223,0.1431380323
PATH_RISK_V1_2026-08-12|2026-08-12|KRE,2026-08-12T15:52:35.213003+00:00,2026-08-12,KRE,US_INDUSTRY_THEME,SPY,Regional Banks,60.5555555556,62.9629629630,WEAKENING,WEAKENING,False,True,0.5087038677,6.0000000000,27.0000000000,22.2222222222,False,False,0.5392982374,US_INDUSTRY_THEME_SPECIALIZED_V1,18.0000000000,27.0000000000,66.6666666667,False,False,PATH_RISK_V1_2026-08-12,INVESTABLE_PATH_PRIMARY_V1,RELATIVE_STRUCTURE_15_V1,0.0020699308,0.0850295319,-0.0415030478,-0.0059141454,0.0071698603,0.0131618468,0.0105516577,0.0192862946,0.0127372534,0.1143520398,-0.0428055804,48.0000000000,10.0000000000,0.0520545677,0.1074551981
PATH_RISK_V1_2026-08-12|2026-08-12|OIH,2026-08-12T15:52:35.213003+00:00,2026-08-12,OIH,US_INDUSTRY_THEME,SPY,Oil Services,49.8148148148,37.0370370370,NEUTRAL,NEUTRAL,False,True,0.5485458412,17.0000000000,27.0000000000,62.9629629630,False,False,0.3894763098,US_INDUSTRY_THEME_SPECIALIZED_V1,1.0000000000,27.0000000000,3.7037037037,True,False,PATH_RISK_V1_2026-08-12,INVESTABLE_PATH_PRIMARY_V1,RELATIVE_STRUCTURE_15_V1,0.0430113976,-0.0996375854,-0.0008002960,0.0353378653,0.0076153256,-0.0267763217,-0.0023458914,-0.0281128967,-0.0131270515,0.1162788755,-0.1874992221,27.0000000000,94.0000000000,0.0943349713,0.1618966671
PATH_RISK_V1_2026-08-12|2026-08-12|PAVE,2026-08-12T15:52:35.213003+00:00,2026-08-12,PAVE,US_INDUSTRY_THEME,SPY,U.S. infrastructure,52.5925925926,44.4444444444,NEUTRAL,NEUTRAL,False,True,0.5062008871,5.0000000000,27.0000000000,18.5185185185,True,False,0.5146773156,US_INDUSTRY_THEME_SPECIALIZED_V1,14.0000000000,27.0000000000,51.8518518519,False,False,PATH_RISK_V1_2026-08-12,INVESTABLE_PATH_PRIMARY_V1,RELATIVE_STRUCTURE_15_V1,0.0053633183,-0.0103842205,-0.0535610947,-0.0036625947,-0.0089470523,-0.0053038836,0.0028456490,-0.0058524656,-0.0013264628,0.0339577075,-0.0701378354,58.0000000000,33.0000000000,0.0444722722,0.0845691305
PATH_RISK_V1_2026-08-12|2026-08-12|PBJ,2026-08-12T15:52:35.213003+00:00,2026-08-12,PBJ,US_INDUSTRY_THEME,SPY,Food & Beverage,5.9259259259,3.7037037037,ROTATION_OUT,ROTATION_OUT,False,True,0.5297472243,10.0000000000,27.0000000000,37.0370370370,False,False,0.4784274351,US_INDUSTRY_THEME_SPECIALIZED_V1,10.0000000000,27.0000000000,37.0370370370,False,False,PATH_RISK_V1_2026-08-12,INVESTABLE_PATH_PRIMARY_V1,RELATIVE_STRUCTURE_15_V1,-0.0477368833,-0.0710238329,-0.1523257535,-0.0334773878,-0.0576579623,-0.0250181156,-0.0259176350,-0.0172933911,-0.0162710750,0.0020158035,-0.2093596801,2.0000000000,94.0000000000,0.0588827511,0.1088470959
PATH_RISK_V1_2026-08-12|2026-08-12|PEJ,2026-08-12T15:52:35.213003+00:00,2026-08-12,PEJ,US_INDUSTRY_THEME,SPY,Leisure & Entertainment,50.9259259259,40.7407407407,NEUTRAL,NEUTRAL,False,True,0.5241583092,8.0000000000,27.0000000000,29.6296296296,False,False,0.5439835032,US_INDUSTRY_THEME_SPECIALIZED_V1,20.0000000000,27.0000000000,74.0740740741,False,False,PATH_RISK_V1_2026-08-12,INVESTABLE_PATH_PRIMARY_V1,RELATIVE_STRUCTURE_15_V1,0.0092753446,0.1011055899,-0.0128481504,-0.0030098803,0.0032678519,0.0062966845,0.0010324476,0.0082021149,0.0039652518,0.1059503942,-0.0551090760,62.0000000000,10.0000000000,0.0563991170,0.0964970406
PATH_RISK_V1_2026-08-12|2026-08-12|REM,2026-08-12T15:52:35.213003+00:00,2026-08-12,REM,US_INDUSTRY_THEME,SPY,Mortgage Real Estate,31.4814814815,14.8148148148,WEAKENING,WEAKENING,False,True,0.4963098775,3.0000000000,27.0000000000,11.1111111111,True,False,0.4477051688,US_INDUSTRY_THEME_SPECIALIZED_V1,5.0000000000,27.0000000000,18.5185185185,True,False,PATH_RISK_V1_2026-08-12,INVESTABLE_PATH_PRIMARY_V1,RELATIVE_STRUCTURE_15_V1,-0.0316752546,-0.0309567426,-0.0995284693,-0.0067240346,-0.0241809884,-0.0175751296,-0.0226157467,-0.0132277413,-0.0135834933,0.0239422519,-0.1211933169,4.0000000000,123.0000000000,0.0543715208,0.0848480682
PATH_RISK_V1_2026-08-12|2026-08-12|REZ,2026-08-12T15:52:35.213003+00:00,2026-08-12,REZ,US_INDUSTRY_THEME,SPY,Residential & Multisector Real Estate,20.5555555556,7.4074074074,ROTATION_OUT,WEAKENING,False,True,0.5989233276,23.0000000000,27.0000000000,85.1851851852,False,False,0.6215054846,US_INDUSTRY_THEME_SPECIALIZED_V1,27.0000000000,27.0000000000,100.0000000000,False,False,PATH_RISK_V1_2026-08-12,INVESTABLE_PATH_PRIMARY_V1,RELATIVE_STRUCTURE_15_V1,-0.0476108645,-0.0208385861,-0.0411204383,-0.0405559995,-0.0392924879,0.0013169206,0.0026715386,0.0115580015,0.0068711573,0.0531593312,-0.1046061364,49.0000000000,10.0000000000,0.0779750858,0.1333946386
PATH_RISK_V1_2026-08-12|2026-08-12|SKYY,2026-08-12T15:52:35.213003+00:00,2026-08-12,SKYY,US_INDUSTRY_THEME,SPY,Cloud Computing,95.3703703704,100.0000000000,PERSISTENT_LEADER,PERSISTENT_LEADER,True,True,0.5819166426,21.0000000000,27.0000000000,77.7777777778,False,False,0.5144547580,US_INDUSTRY_THEME_SPECIALIZED_V1,13.0000000000,27.0000000000,48.1481481481,False,False,PATH_RISK_V1_2026-08-12,INVESTABLE_PATH_PRIMARY_V1,RELATIVE_STRUCTURE_15_V1,0.1286053578,0.2260114901,0.2435141327,0.0761182352,0.1252720874,0.0456769996,0.0163557852,0.0348415918,0.0190960099,0.3606619310,0.0000000000,85.0000000000,0.0000000000,0.0747122896,0.1481683378
PATH_RISK_V1_2026-08-12|2026-08-12|SMH,2026-08-12T15:52:35.213003+00:00,2026-08-12,SMH,US_INDUSTRY_THEME,SPY,Semiconductors,31.1111111111,11.1111111111,WEAKENING,WEAKENING,False,True,0.6489087385,27.0000000000,27.0000000000,100.0000000000,False,False,0.4723677444,US_INDUSTRY_THEME_SPECIALIZED_V1,7.0000000000,27.0000000000,25.9259259259,False,False,PATH_RISK_V1_2026-08-12,INVESTABLE_PATH_PRIMARY_V1,RELATIVE_STRUCTURE_15_V1,-0.0491353076,-0.0039912827,0.2913874863,0.0077809778,-0.0000639484,-0.0077843563,0.0584762901,-0.0166222802,0.0163519880,0.3343336639,-0.1550957315,109.0000000000,36.0000000000,0.1132556446,0.2227874231
PATH_RISK_V1_2026-08-12|2026-08-12|VNQ,2026-08-12T15:52:35.213003+00:00,2026-08-12,VNQ,US_INDUSTRY_THEME,SPY,U.S. Real Estate / REITs,32.2222222222,18.5185185185,WEAKENING,WEAKENING,False,True,0.5397279586,12.0000000000,27.0000000000,44.4444444444,False,False,0.5440765983,US_INDUSTRY_THEME_SPECIALIZED_V1,21.0000000000,27.0000000000,77.7777777778,False,False,PATH_RISK_V1_2026-08-12,INVESTABLE_PATH_PRIMARY_V1,RELATIVE_STRUCTURE_15_V1,-0.0289766991,-0.0319435539,-0.0577594018,-0.0301381075,-0.0369604856,-0.0070343810,-0.0055050489,0.0014131805,-0.0007726296,0.0222449939,-0.0887579489,50.0000000000,112.0000000000,0.0596636808,0.1115057772
PATH_RISK_V1_2026-08-12|2026-08-12|XBI,2026-08-12T15:52:35.213003+00:00,2026-08-12,XBI,US_INDUSTRY_THEME,SPY,Biotechnology,70.9259259259,81.4814814815,NEUTRAL,REACCELERATING,True,True,0.5538012982,19.0000000000,27.0000000000,70.3703703704,False,False,0.4787450896,US_INDUSTRY_THEME_SPECIALIZED_V1,11.0000000000,27.0000000000,40.7407407407,False,False,PATH_RISK_V1_2026-08-12,INVESTABLE_PATH_PRIMARY_V1,RELATIVE_STRUCTURE_15_V1,0.0010864501,0.1307574901,0.1380428268,0.0200884765,0.0451373870,0.0245556253,0.0339680051,0.0229825556,0.0238462048,0.2286388672,-0.0555555889,49.0000000000,26.0000000000,0.0690505086,0.1418215701
PATH_RISK_V1_2026-08-12|2026-08-12|XHB,2026-08-12T15:52:35.213003+00:00,2026-08-12,XHB,US_INDUSTRY_THEME,SPY,Homebuilders,53.3333333333,48.1481481481,NEUTRAL,NEUTRAL,False,True,0.5470364681,16.0000000000,27.0000000000,59.2592592593,False,False,0.4768746099,US_INDUSTRY_THEME_SPECIALIZED_V1,9.0000000000,27.0000000000,33.3333333333,False,False,PATH_RISK_V1_2026-08-12,INVESTABLE_PATH_PRIMARY_V1,RELATIVE_STRUCTURE_15_V1,-0.0222896840,0.0374295928,-0.1917795732,-0.0174683263,-0.0290259121,-0.0117630669,-0.0222657081,-0.0113288787,-0.0129776611,0.0867239253,-0.2105146184,58.0000000000,123.0000000000,0.0749217243,0.1343661322
PATH_RISK_V1_2026-08-12|2026-08-12|XME,2026-08-12T15:52:35.213003+00:00,2026-08-12,XME,US_INDUSTRY_THEME,SPY,Metals & Mining,56.3888888889,55.5555555556,NEUTRAL,EMERGING,False,True,0.5292417504,9.0000000000,27.0000000000,33.3333333333,False,False,0.4034309109,US_INDUSTRY_THEME_SPECIALIZED_V1,3.0000000000,27.0000000000,11.1111111111,True,False,PATH_RISK_V1_2026-08-12,INVESTABLE_PATH_PRIMARY_V1,RELATIVE_STRUCTURE_15_V1,0.0874919393,-0.0996456244,-0.1541806876,0.0533505215,0.0197067716,-0.0319397477,-0.0275690028,-0.0439870352,-0.0300523436,0.1467647545,-0.1587498654,17.0000000000,125.0000000000,0.1008003028,0.1707006698
PATH_RISK_V1_2026-08-12|2026-08-12|XOP,2026-08-12T15:52:35.213003+00:00,2026-08-12,XOP,US_INDUSTRY_THEME,SPY,Oil & Gas Exploration & Production,60.0000000000,59.2592592593,ACCELERATING,EMERGING,False,True,0.6304853746,26.0000000000,27.0000000000,96.2962962963,False,False,0.4427582496,US_INDUSTRY_THEME_SPECIALIZED_V1,4.0000000000,27.0000000000,14.8148148148,True,False,PATH_RISK_V1_2026-08-12,INVESTABLE_PATH_PRIMARY_V1,RELATIVE_STRUCTURE_15_V1,0.0430832660,0.0029951690,0.0975862176,0.0203036027,0.0239605833,0.0035842083,0.0052868851,0.0137273385,0.0080868828,0.1258888965,-0.2228617673,37.0000000000,94.0000000000,0.1156033698,0.1878603207
PATH_RISK_V1_2026-08-12|2026-08-12|XPH,2026-08-12T15:52:35.213003+00:00,2026-08-12,XPH,US_INDUSTRY_THEME,SPY,Pharmaceuticals,66.2962962963,77.7777777778,NEUTRAL,PERSISTENT_LEADER,False,True,0.5424010155,13.0000000000,27.0000000000,48.1481481481,False,False,0.5280222413,US_INDUSTRY_THEME_SPECIALIZED_V1,15.0000000000,27.0000000000,55.5555555556,False,False,PATH_RISK_V1_2026-08-12,INVESTABLE_PATH_PRIMARY_V1,RELATIVE_STRUCTURE_15_V1,0.0137562116,0.1461531339,0.0835582749,-0.0030596850,0.0350307282,0.0382073155,0.0337684590,0.0448032876,0.0330085005,0.2329338909,-0.0384555711,49.0000000000,10.0000000000,0.0616349643,0.1255811877
PATH_RISK_V1_2026-08-12|2026-08-12|XRT,2026-08-12T15:52:35.213003+00:00,2026-08-12,XRT,US_INDUSTRY_THEME,SPY,Retail,48.3333333333,33.3333333333,WEAKENING,NEUTRAL,False,True,0.5424646318,14.0000000000,27.0000000000,51.8518518519,False,False,0.5319477880,US_INDUSTRY_THEME_SPECIALIZED_V1,16.0000000000,27.0000000000,59.2592592593,False,False,PATH_RISK_V1_2026-08-12,INVESTABLE_PATH_PRIMARY_V1,RELATIVE_STRUCTURE_15_V1,-0.0154404668,0.0510546534,-0.0908269297,-0.0287035074,-0.0252124102,0.0035942652,-0.0105597819,0.0095040818,0.0000218631,0.0738887965,-0.1082212122,60.0000000000,123.0000000000,0.0643376693,0.1021615102
PATH_RISK_V1_2026-08-12|2026-08-12|IWM,2026-08-12T15:52:35.213003+00:00,2026-08-12,IWM,US_MARKET_BREADTH,ITOT,Russell 2000 small caps,73.3333333333,66.6666666667,WEAKENING,WEAKENING,False,True,0.4811825681,2.0000000000,3.0000000000,66.6666666667,False,False,0.4811825681,UNIVERSAL_PATH_RISK_V1,2.0000000000,3.0000000000,66.6666666667,False,False,PATH_RISK_V1_2026-08-12,INVESTABLE_PATH_PRIMARY_V1,RELATIVE_STRUCTURE_15_V1,-0.0025826810,0.0157765194,0.0134856006,-0.0035931659,-0.0017454829,0.0018543460,0.0105114068,0.0024023551,0.0053850871,0.0458924202,-0.0443453550,105.0000000000,32.0000000000,0.0217951872,0.0505702481
PATH_RISK_V1_2026-08-12|2026-08-12|MDY,2026-08-12T15:52:35.213003+00:00,2026-08-12,MDY,US_MARKET_BREADTH,ITOT,S&P MidCap 400,78.3333333333,100.0000000000,PERSISTENT_LEADER,NEUTRAL,True,True,0.4507724702,1.0000000000,3.0000000000,33.3333333333,False,False,0.4507724702,UNIVERSAL_PATH_RISK_V1,1.0000000000,3.0000000000,33.3333333333,False,False,PATH_RISK_V1_2026-08-12,INVESTABLE_PATH_PRIMARY_V1,RELATIVE_STRUCTURE_15_V1,0.0031418309,0.0098049852,-0.0304967987,-0.0018000340,-0.0039828888,-0.0021867911,-0.0003173568,-0.0010473204,-0.0004251260,0.0280485225,-0.0426856492,58.0000000000,113.0000000000,0.0223263718,0.0416621447
PATH_RISK_V1_2026-08-12|2026-08-12|QQQ,2026-08-12T15:52:35.213003+00:00,2026-08-12,QQQ,US_MARKET_BREADTH,SPY,Nasdaq-100,58.3333333333,33.3333333333,NEUTRAL,WEAKENING,False,True,0.5209900880,3.0000000000,3.0000000000,100.0000000000,False,False,0.5209900880,UNIVERSAL_PATH_RISK_V1,3.0000000000,3.0000000000,100.0000000000,False,False,PATH_RISK_V1_2026-08-12,INVESTABLE_PATH_PRIMARY_V1,RELATIVE_STRUCTURE_15_V1,-0.0208795493,-0.0231745117,0.0577684247,0.0019777009,-0.0062952533,-0.0082566251,0.0076218074,-0.0119584163,-0.0019766314,0.0612518676,-0.0545566208,122.0000000000,36.0000000000,0.0369675133,0.0703104725
PATH_RISK_V1_2026-08-12|2026-08-12|XLB,2026-08-12T15:52:35.213003+00:00,2026-08-12,XLB,US_SECTOR,SPY,Materials,76.3636363636,81.8181818182,EMERGING,EMERGING,True,True,0.5186732924,4.0000000000,11.0000000000,36.3636363636,False,False,0.5186732924,UNIVERSAL_PATH_RISK_V1,4.0000000000,11.0000000000,36.3636363636,False,False,PATH_RISK_V1_2026-08-12,INVESTABLE_PATH_PRIMARY_V1,RELATIVE_STRUCTURE_15_V1,0.0119094909,-0.0339260614,-0.1058602106,-0.0045360733,-0.0132345495,-0.0087381129,-0.0102525251,-0.0087459487,-0.0077412948,0.0209511075,-0.1258656282,58.0000000000,123.0000000000,0.0564824498,0.0924963496
PATH_RISK_V1_2026-08-12|2026-08-12|XLC,2026-08-12T15:52:35.213003+00:00,2026-08-12,XLC,US_SECTOR,SPY,Communication Services,12.2727272727,13.6363636364,ROTATION_OUT,ROTATION_OUT,False,True,0.5337242664,7.0000000000,11.0000000000,63.6363636364,False,False,0.5337242664,UNIVERSAL_PATH_RISK_V1,7.0000000000,11.0000000000,63.6363636364,False,False,PATH_RISK_V1_2026-08-12,INVESTABLE_PATH_PRIMARY_V1,RELATIVE_STRUCTURE_15_V1,-0.0376927488,-0.0911047321,-0.1598974775,-0.0200499646,-0.0476864164,-0.0282018989,-0.0362173615,-0.0250410351,-0.0237005893,0.0000000000,-0.1830243190,0.0000000000,109.0000000000,0.0673029324,0.0927844802
PATH_RISK_V1_2026-08-12|2026-08-12|XLE,2026-08-12T15:52:35.213003+00:00,2026-08-12,XLE,US_SECTOR,SPY,Energy,84.0909090909,90.9090909091,ACCELERATING,EMERGING,True,True,0.5718514324,11.0000000000,11.0000000000,100.0000000000,False,False,0.5718514324,UNIVERSAL_PATH_RISK_V1,11.0000000000,11.0000000000,100.0000000000,False,False,PATH_RISK_V1_2026-08-12,INVESTABLE_PATH_PRIMARY_V1,RELATIVE_STRUCTURE_15_V1,0.0389241669,0.0137417707,0.0251415996,0.0195228765,0.0214831145,0.0019227013,0.0036896264,0.0095107789,0.0055582525,0.1128072379,-0.1986625198,27.0000000000,94.0000000000,0.0902406145,0.1597609507
PATH_RISK_V1_2026-08-12|2026-08-12|XLF,2026-08-12T15:52:35.213003+00:00,2026-08-12,XLF,US_SECTOR,SPY,Financials,71.8181818182,63.6363636364,WEAKENING,PERSISTENT_LEADER,False,True,0.4986901868,2.0000000000,11.0000000000,18.1818181818,True,False,0.4986901868,UNIVERSAL_PATH_RISK_V1,2.0000000000,11.0000000000,18.1818181818,True,False,PATH_RISK_V1_2026-08-12,INVESTABLE_PATH_PRIMARY_V1,RELATIVE_STRUCTURE_15_V1,0.0023648681,0.0729267894,-0.0287000909,-0.0040569643,0.0112754364,0.0153948571,-0.0036796542,0.0206738940,0.0071478585,0.1115704538,-0.0366112299,48.0000000000,11.0000000000,0.0312052896,0.0819964322
PATH_RISK_V1_2026-08-12|2026-08-12|XLI,2026-08-12T15:52:35.213003+00:00,2026-08-12,XLI,US_SECTOR,SPY,Industrials,69.0909090909,54.5454545455,NEUTRAL,NEUTRAL,False,True,0.4856654974,1.0000000000,11.0000000000,9.0909090909,True,False,0.4856654974,UNIVERSAL_PATH_RISK_V1,1.0000000000,11.0000000000,9.0909090909,True,False,PATH_RISK_V1_2026-08-12,INVESTABLE_PATH_PRIMARY_V1,RELATIVE_STRUCTURE_15_V1,0.0034897356,0.0196244223,-0.0415026003,-0.0026555508,-0.0016828042,0.0009753366,0.0016977728,0.0014239938,0.0013263744,0.0595980420,-0.0759650192,50.0000000000,113.0000000000,0.0411243263,0.0693603703
PATH_RISK_V1_2026-08-12|2026-08-12|XLK,2026-08-12T15:52:35.213003+00:00,2026-08-12,XLK,US_SECTOR,SPY,Information Technology,74.5454545455,72.7272727273,EMERGING,NEUTRAL,False,True,0.5679612007,10.0000000000,11.0000000000,90.9090909091,False,False,0.5679612007,UNIVERSAL_PATH_RISK_V1,10.0000000000,11.0000000000,90.9090909091,False,False,PATH_RISK_V1_2026-08-12,INVESTABLE_PATH_PRIMARY_V1,RELATIVE_STRUCTURE_15_V1,0.0003286751,0.0279483847,0.1828032012,0.0160548662,0.0212535235,0.0051165124,0.0288551169,-0.0016495678,0.0105698699,0.2092871279,-0.0650564566,93.0000000000,49.0000000000,0.0688792599,0.1233751981
PATH_RISK_V1_2026-08-12|2026-08-12|XLP,2026-08-12T15:52:35.213003+00:00,2026-08-12,XLP,US_SECTOR,SPY,Consumer Staples,51.3636363636,45.4545454545,NEUTRAL,NEUTRAL,False,True,0.5488297843,9.0000000000,11.0000000000,81.8181818182,False,False,0.5488297843,UNIVERSAL_PATH_RISK_V1,9.0000000000,11.0000000000,81.8181818182,False,False,PATH_RISK_V1_2026-08-12,INVESTABLE_PATH_PRIMARY_V1,RELATIVE_STRUCTURE_15_V1,-0.0080590218,-0.0336466784,-0.1195815354,-0.0188478545,-0.0307576641,-0.0121385961,-0.0166424901,-0.0071741499,-0.0090213161,0.0260704710,-0.1556379230,49.0000000000,123.0000000000,0.0687626434,0.1261119563
PATH_RISK_V1_2026-08-12|2026-08-12|XLRE,2026-08-12T15:52:35.213003+00:00,2026-08-12,XLRE,US_SECTOR,SPY,Real Estate,42.2727272727,36.3636363636,WEAKENING,WEAKENING,False,True,0.5419782765,8.0000000000,11.0000000000,72.7272727273,False,False,0.5419782765,UNIVERSAL_PATH_RISK_V1,8.0000000000,11.0000000000,72.7272727273,False,False,PATH_RISK_V1_2026-08-12,INVESTABLE_PATH_PRIMARY_V1,RELATIVE_STRUCTURE_15_V1,-0.0258723270,-0.0398151857,-0.0594336183,-0.0283534346,-0.0373287293,-0.0092372011,-0.0075307994,-0.0017489476,-0.0029611957,0.0165394313,-0.0952621311,50.0000000000,122.0000000000,0.0603868248,0.1147747650
PATH_RISK_V1_2026-08-12|2026-08-12|XLU,2026-08-12T15:52:35.213003+00:00,2026-08-12,XLU,US_SECTOR,SPY,Utilities,12.2727272727,13.6363636364,ROTATION_OUT,WEAKENING,False,True,0.5314781299,6.0000000000,11.0000000000,54.5454545455,False,False,0.5314781299,UNIVERSAL_PATH_RISK_V1,6.0000000000,11.0000000000,54.5454545455,False,False,PATH_RISK_V1_2026-08-12,INVESTABLE_PATH_PRIMARY_V1,RELATIVE_STRUCTURE_15_V1,-0.0660595706,-0.0693475156,-0.1040824133,-0.0325182478,-0.0599433652,-0.0283469092,-0.0237325071,-0.0203604653,-0.0164597773,0.0172730894,-0.2159166563,2.0000000000,93.0000000000,0.0576794875,0.1112710969
PATH_RISK_V1_2026-08-12|2026-08-12|XLV,2026-08-12T15:52:35.213003+00:00,2026-08-12,XLV,US_SECTOR,SPY,Health Care,93.6363636364,100.0000000000,PERSISTENT_LEADER,WEAKENING,True,True,0.5302934317,5.0000000000,11.0000000000,45.4545454545,False,False,0.5302934317,UNIVERSAL_PATH_RISK_V1,5.0000000000,11.0000000000,45.4545454545,False,False,PATH_RISK_V1_2026-08-12,INVESTABLE_PATH_PRIMARY_V1,RELATIVE_STRUCTURE_15_V1,0.0364134092,0.1064106985,-0.0245975196,0.0090394966,0.0237200862,0.0145490733,-0.0025983044,0.0172891858,0.0060540670,0.1341938914,-0.0626255475,49.0000000000,114.0000000000,0.0683565583,0.1229067323
PATH_RISK_V1_2026-08-12|2026-08-12|XLY,2026-08-12T15:52:35.213003+00:00,2026-08-12,XLY,US_SECTOR,SPY,Consumer Discretionary,34.7727272727,27.2727272727,WEAKENING,ROTATION_OUT,False,True,0.5183076362,3.0000000000,11.0000000000,27.2727272727,False,False,0.5183076362,UNIVERSAL_PATH_RISK_V1,3.0000000000,11.0000000000,27.2727272727,False,False,PATH_RISK_V1_2026-08-12,INVESTABLE_PATH_PRIMARY_V1,RELATIVE_STRUCTURE_15_V1,-0.0091319372,-0.0473333114,-0.1077216532,-0.0074632455,-0.0241719334,-0.0168343267,-0.0268963819,-0.0189956727,-0.0182530233,0.0367467292,-0.1082434150,14.0000000000,110.0000000000,0.0577196545,0.0808105217
