prediction_id,model_version,model_year,issued_at_utc,anchor_date,ticker,horizon_bars,horizon_label,feature_count,ridge_prediction,ridge_rank_pct,ridge_top_quintile,ridge_top_decile,equal_weight_score,equal_weight_rank_pct,equal_weight_top_quintile,equal_weight_top_decile,avoid_probability,avoid_risk_rank_pct,avoid_top_risk_quintile,avoid_top_risk_decile,anchor_close,anchor_spy_close
09c11efaa64bc62607206680,CLEAN_SHEET_R4_2026_V1,2026,2026-09-03T01:27:39.770127+00:00,2026-08-31,AAXJ,21,1M,2,-0.0002643537680135,0.8383233532934131,True,False,0.0823353293413173,0.6107784431137725,False,False,0.2501474326930161,0.8323353293413174,True,False,116.76000213623048,767.0499877929688
5d10a8a1e255d1557c8ee01b,CLEAN_SHEET_R4_2026_V1,2026,2026-09-03T01:27:39.770127+00:00,2026-08-31,ACWI,21,1M,2,-0.0027501123327868,0.5089820359281437,False,False,0.0134730538922155,0.4491017964071856,False,False,0.1831555756117542,0.437125748502994,False,False,160.67999267578125,767.0499877929688
db92321486f2d83874e772b1,CLEAN_SHEET_R4_2026_V1,2026,2026-09-03T01:27:39.770127+00:00,2026-08-31,ACWX,21,1M,2,-0.0026531137030441,0.5269461077844312,False,False,0.2065868263473053,0.8203592814371258,True,False,0.152979520287384,0.1497005988023952,False,False,77.4000015258789,767.0499877929688
2ea8ccccb5e99cb4ce6e4f32,CLEAN_SHEET_R4_2026_V1,2026,2026-09-03T01:27:39.770127+00:00,2026-08-31,AFK,21,1M,2,-0.0005222334846552,0.7844311377245509,False,False,-0.061377245508982,0.3233532934131736,False,False,0.2743240372703731,0.9461077844311376,True,True,29.1200008392334,767.0499877929688
89b6d9255b93ef84db36046d,CLEAN_SHEET_R4_2026_V1,2026,2026-09-03T01:27:39.770127+00:00,2026-08-31,ARGT,21,1M,2,0.0004306455110535,0.940119760479042,True,True,-0.0419161676646707,0.3592814371257485,False,False,0.3074525673972742,0.9880239520958084,True,True,94.5500030517578,767.0499877929688
4841ede9bb109fb48e5bd95d,CLEAN_SHEET_R4_2026_V1,2026,2026-09-03T01:27:39.770127+00:00,2026-08-31,ASEA,21,1M,2,-0.0015324727148606,0.6646706586826348,False,False,0.2934131736526946,0.934131736526946,True,True,0.1679510823475276,0.2994011976047904,False,False,21.6299991607666,767.0499877929688
6396474962bfc489acd7d368,CLEAN_SHEET_R4_2026_V1,2026,2026-09-03T01:27:39.770127+00:00,2026-08-31,CARZ,21,1M,2,0.0007995784213316,0.9580838323353292,True,True,0.1122754491017964,0.6646706586826348,False,False,0.2832594374848262,0.9700598802395208,True,True,106.43000030517578,767.0499877929688
a4387c4561da9da8aeb71d59,CLEAN_SHEET_R4_2026_V1,2026,2026-09-03T01:27:39.770127+00:00,2026-08-31,CIBR,21,1M,2,0.0003799538755879,0.934131736526946,True,True,0.2559880239520957,0.8862275449101796,True,False,0.2342417032191369,0.7604790419161677,False,False,100.1500015258789,767.0499877929688
660b62b3d99bd6e2b437a601,CLEAN_SHEET_R4_2026_V1,2026,2026-09-03T01:27:39.770127+00:00,2026-08-31,CORO,21,1M,2,-0.0013708742621297,0.6826347305389222,False,False,0.2140718562874251,0.8383233532934131,True,False,0.1865845818395421,0.4610778443113772,False,False,37.060001373291016,767.0499877929688
62959923b168c639639db067,CLEAN_SHEET_R4_2026_V1,2026,2026-09-03T01:27:39.770127+00:00,2026-08-31,CPER,21,1M,2,-0.0001888615972011,0.844311377245509,True,False,0.1631736526946107,0.7485029940119761,False,False,0.234760829120379,0.7664670658682635,False,False,40.0,767.0499877929688
3fc422733bd10e9edc3c76b9,CLEAN_SHEET_R4_2026_V1,2026,2026-09-03T01:27:39.770127+00:00,2026-08-31,CQQQ,21,1M,2,-0.0044665214266017,0.1497005988023952,False,False,-0.4550898203592814,0.0239520958083832,False,False,0.2215031810436845,0.718562874251497,False,False,49.13999938964844,767.0499877929688
57fa50c67f7e69987102a56d,CLEAN_SHEET_R4_2026_V1,2026,2026-09-03T01:27:39.770127+00:00,2026-08-31,DBEF,21,1M,2,-0.0023250416131309,0.5568862275449101,False,False,0.0464071856287424,0.5269461077844312,False,False,0.1895506580257876,0.4790419161676646,False,False,55.7400016784668,767.0499877929688
f0ae597fe8879197084560be,CLEAN_SHEET_R4_2026_V1,2026,2026-09-03T01:27:39.770127+00:00,2026-08-31,DEM,21,1M,2,-0.0011325612134675,0.7065868263473054,False,False,-0.0374251497005987,0.3772455089820359,False,False,0.2459966496785353,0.8143712574850299,True,False,55.63999938964844,767.0499877929688
9a3518a94345acfbc5d7b29c,CLEAN_SHEET_R4_2026_V1,2026,2026-09-03T01:27:39.770127+00:00,2026-08-31,DGS,21,1M,2,-0.0035820413895849,0.3233532934131736,False,False,-0.2065868263473053,0.2065868263473053,False,False,0.1996877602158929,0.5449101796407185,False,False,64.2699966430664,767.0499877929688
05db69fa9588d8bbd241d9ce,CLEAN_SHEET_R4_2026_V1,2026,2026-09-03T01:27:39.770127+00:00,2026-08-31,DIA,21,1M,2,-0.0038985696960156,0.2694610778443114,False,False,-0.124251497005988,0.2754491017964072,False,False,0.1751239281058522,0.3832335329341317,False,False,531.5700073242188,767.0499877929688
2bbdb5a9b7b6d27e85590ffe,CLEAN_SHEET_R4_2026_V1,2026,2026-09-03T01:27:39.770127+00:00,2026-08-31,DXJ,21,1M,2,-0.0001610452221558,0.8622754491017964,True,False,0.2140718562874251,0.8323353293413174,True,False,0.2247499855595177,0.7365269461077845,False,False,179.61000061035156,767.0499877929688
ca4daf163060606e22b5b49b,CLEAN_SHEET_R4_2026_V1,2026,2026-09-03T01:27:39.770127+00:00,2026-08-31,ECH,21,1M,2,-0.0004581387209541,0.7904191616766467,False,False,-0.1107784431137725,0.2874251497005988,False,False,0.2889989466545768,0.9760479041916168,True,True,40.5,767.0499877929688
d298b2ec006c09bc3d88388f,CLEAN_SHEET_R4_2026_V1,2026,2026-09-03T01:27:39.770127+00:00,2026-08-31,EDEN,21,1M,2,-0.0029312774534971,0.4790419161676646,False,False,-0.3023952095808383,0.1437125748502994,False,False,0.2412821576000447,0.7904191616766467,False,False,117.33000183105467,767.0499877929688
149ae26a3a110ad342842c1d,CLEAN_SHEET_R4_2026_V1,2026,2026-09-03T01:27:39.770127+00:00,2026-08-31,EEM,21,1M,2,-0.0004189249387975,0.7964071856287425,False,False,0.0703592814371257,0.5808383233532934,False,False,0.247281419338238,0.8203592814371258,True,False,67.0199966430664,767.0499877929688
7d7a18ec5674f6d65b986484,CLEAN_SHEET_R4_2026_V1,2026,2026-09-03T01:27:39.770127+00:00,2026-08-31,EEMO,21,1M,2,-0.0003802821461015,0.8023952095808383,True,False,0.0733532934131736,0.5868263473053892,False,False,0.2479958508249964,0.8263473053892215,True,False,22.18000030517578,767.0499877929688
9e910f357081e8be104aae8d,CLEAN_SHEET_R4_2026_V1,2026,2026-09-03T01:27:39.770127+00:00,2026-08-31,EEMV,21,1M,2,-0.0023510645735967,0.5508982035928144,False,False,-0.0793413173652694,0.2994011976047904,False,False,0.2133427579017943,0.6706586826347305,False,False,75.69000244140625,767.0499877929688
7d8dd2ff4ff8e232c7412329,CLEAN_SHEET_R4_2026_V1,2026,2026-09-03T01:27:39.770127+00:00,2026-08-31,EFA,21,1M,2,-0.0033486839715718,0.3832335329341317,False,False,0.1526946107784431,0.7305389221556886,False,False,0.1442484463210819,0.0958083832335329,False,False,107.4499969482422,767.0499877929688
4d27cee2f5b0805b343779da,CLEAN_SHEET_R4_2026_V1,2026,2026-09-03T01:27:39.770127+00:00,2026-08-31,EFAV,21,1M,2,-0.0050103240574992,0.0179640718562874,False,False,0.0239520958083832,0.4730538922155688,False,False,0.1250635563580729,0.0239520958083832,False,False,94.12000274658205,767.0499877929688
2969ee10cba6c8e8b9b0c840,CLEAN_SHEET_R4_2026_V1,2026,2026-09-03T01:27:39.770127+00:00,2026-08-31,EFG,21,1M,2,-0.0044503952114101,0.1616766467065868,False,False,-0.1182634730538922,0.281437125748503,False,False,0.1592480639759225,0.1976047904191616,False,False,124.37999725341795,767.0499877929688
04c81fbab46a78d2e8c8b518,CLEAN_SHEET_R4_2026_V1,2026,2026-09-03T01:27:39.770127+00:00,2026-08-31,EFNL,21,1M,2,-0.0005967959830911,0.7664670658682635,False,False,0.0209580838323353,0.4640718562874251,False,False,0.2520980542940566,0.844311377245509,True,False,54.77999877929688,767.0499877929688
0568207a9dbe050259a1bee7,CLEAN_SHEET_R4_2026_V1,2026,2026-09-03T01:27:39.770127+00:00,2026-08-31,EFV,21,1M,2,-0.0019961862272124,0.5988023952095808,False,False,0.2574850299401197,0.8922155688622755,True,False,0.1616186885985971,0.2155688622754491,False,False,81.80999755859375,767.0499877929688
7c377311b23542238772c16e,CLEAN_SHEET_R4_2026_V1,2026,2026-09-03T01:27:39.770127+00:00,2026-08-31,EIDO,21,1M,2,-0.0029793119321801,0.467065868263473,False,False,-0.3173652694610778,0.1377245508982036,False,False,0.2429200453011082,0.7964071856287425,False,False,12.729999542236328,767.0499877929688
36c74de9d6d962d78f90333d,CLEAN_SHEET_R4_2026_V1,2026,2026-09-03T01:27:39.770127+00:00,2026-08-31,EIRL,21,1M,2,-0.0021894001906923,0.5688622754491018,False,False,0.2425149700598802,0.874251497005988,True,False,0.1590376327244287,0.1916167664670658,False,False,82.98999786376953,767.0499877929688
ab7d7c07235571ef3c9924c9,CLEAN_SHEET_R4_2026_V1,2026,2026-09-03T01:27:39.770127+00:00,2026-08-31,EIS,21,1M,2,-0.0003447211232775,0.8203592814371258,True,False,0.0029940119760479,0.4311377245508982,False,False,0.2656517722730822,0.8682634730538922,True,False,122.8000030517578,767.0499877929688
5e0a9a39f9005a65179647f2,CLEAN_SHEET_R4_2026_V1,2026,2026-09-03T01:27:39.770127+00:00,2026-08-31,EMXC,21,1M,2,0.000624430463994,0.9520958083832336,True,True,0.1511976047904191,0.7245508982035929,False,False,0.2670520366204385,0.8802395209580839,True,False,98.23999786376952,767.0499877929688
fa5b1ee83ec697d8b967af2c,CLEAN_SHEET_R4_2026_V1,2026,2026-09-03T01:27:39.770127+00:00,2026-08-31,ENOR,21,1M,2,-0.0009017145758658,0.7365269461077845,False,False,0.4266467065868263,0.994011976047904,True,True,0.1624208869957352,0.2215568862275449,False,False,36.900001525878906,767.0499877929688
4fca9fbff25f6751fbe7ed8d,CLEAN_SHEET_R4_2026_V1,2026,2026-09-03T01:27:39.770127+00:00,2026-08-31,ENZL,21,1M,2,-0.0050489668501952,0.0119760479041916,False,False,0.0209580838323353,0.4640718562874251,False,False,0.1246445711033471,0.0179640718562874,False,False,48.119998931884766,767.0499877929688
b2a1230f54cc3fd0d4ff7c82,CLEAN_SHEET_R4_2026_V1,2026,2026-09-03T01:27:39.770127+00:00,2026-08-31,EPHE,21,1M,2,-0.005009313938925,0.0239520958083832,False,False,-0.4221556886227545,0.0778443113772455,False,False,0.19748688600876,0.5269461077844312,False,False,23.75,767.0499877929688
fe8ca001101308ee16120294,CLEAN_SHEET_R4_2026_V1,2026,2026-09-03T01:27:39.770127+00:00,2026-08-31,EPOL,21,1M,2,-0.0007126584310055,0.7544910179640718,False,False,0.4131736526946108,0.9820359281437124,True,True,0.1697595790463542,0.311377245508982,False,False,44.09999847412109,767.0499877929688
01427623376e8db6809847cb,CLEAN_SHEET_R4_2026_V1,2026,2026-09-03T01:27:39.770127+00:00,2026-08-31,EPP,21,1M,2,-0.0034646123496598,0.3473053892215569,False,False,0.1437125748502994,0.7065868263473054,False,False,0.1428342244301227,0.0838323353293413,False,False,57.790000915527344,767.0499877929688
413488c5e61c9e4f750a4abc,CLEAN_SHEET_R4_2026_V1,2026,2026-09-03T01:27:39.770127+00:00,2026-08-31,EPU,21,1M,2,-2.540379971722453e-05,0.8922155688622755,True,False,0.4101796407185629,0.9760479041916168,True,True,0.189898397275902,0.4850299401197604,False,False,91.55999755859376,767.0499877929688
7c2d5a05fad5a2c4699af247,CLEAN_SHEET_R4_2026_V1,2026,2026-09-03T01:27:39.770127+00:00,2026-08-31,EWA,21,1M,2,-0.003000898837308,0.4550898203592814,False,False,0.1796407185628742,0.7964071856287425,False,False,0.1485610409904239,0.1257485029940119,False,False,30.020000457763672,767.0499877929688
82cb43eaa2d253d5ec6c4d6c,CLEAN_SHEET_R4_2026_V1,2026,2026-09-03T01:27:39.770127+00:00,2026-08-31,EWC,21,1M,2,-0.0024598997395642,0.5449101796407185,False,False,0.2215568862275448,0.844311377245509,True,False,0.1554804352489963,0.1736526946107784,False,False,61.43000030517578,767.0499877929688
9f2aeb5af4ebb9611e44bb1d,CLEAN_SHEET_R4_2026_V1,2026,2026-09-03T01:27:39.770127+00:00,2026-08-31,EWD,21,1M,2,-0.0036191835204437,0.3173652694610778,False,False,0.1317365269461077,0.6826347305389222,False,False,0.1409665900539999,0.0658682634730539,False,False,53.40999984741211,767.0499877929688
5534bf6ffaac4e6ee6e3dc1f,CLEAN_SHEET_R4_2026_V1,2026,2026-09-03T01:27:39.770127+00:00,2026-08-31,EWG,21,1M,2,-0.0048624214857463,0.0538922155688622,False,False,0.1122754491017964,0.6586826347305389,False,False,0.1166832322352642,0.0119760479041916,False,False,44.22999954223633,767.0499877929688
41d548fe3e5dce78a113e210,CLEAN_SHEET_R4_2026_V1,2026,2026-09-03T01:27:39.770127+00:00,2026-08-31,EWH,21,1M,2,-0.0039576428988941,0.2634730538922156,False,False,-0.2844311377245509,0.1497005988023952,False,False,0.203237355758778,0.6107784431137725,False,False,22.90999984741211,767.0499877929688
f190f0189967cb1fd96dafc7,CLEAN_SHEET_R4_2026_V1,2026,2026-09-03T01:27:39.770127+00:00,2026-08-31,EWI,21,1M,2,-0.0019908059834738,0.6047904191616766,False,False,0.0329341317365269,0.5089820359281437,False,False,0.2023226126061544,0.5808383233532934,False,False,62.27999877929688,767.0499877929688
bbcc827a3beaa8b45f1d3d4b,CLEAN_SHEET_R4_2026_V1,2026,2026-09-03T01:27:39.770127+00:00,2026-08-31,EWJ,21,1M,2,-0.0019386136861711,0.6167664670658682,False,False,0.0763473053892215,0.5988023952095808,False,False,0.1955115915350025,0.5209580838323353,False,False,95.87999725341795,767.0499877929688
c0c7fdd210d5b4b98a049f91,CLEAN_SHEET_R4_2026_V1,2026,2026-09-03T01:27:39.770127+00:00,2026-08-31,EWL,21,1M,2,-0.0045852533378433,0.1077844311377245,False,False,0.0568862275449101,0.5449101796407185,False,False,0.1297524857549526,0.029940119760479,False,False,62.79999923706055,767.0499877929688
ecfbb10cf6f5404c1083de86,CLEAN_SHEET_R4_2026_V1,2026,2026-09-03T01:27:39.770127+00:00,2026-08-31,EWM,21,1M,2,-0.0034935707036264,0.3413173652694611,False,False,-0.2634730538922155,0.1616766467065868,False,False,0.2138496786684216,0.6766467065868264,False,False,28.38999938964844,767.0499877929688
d52a25f99eec27cf4ca83b3e,CLEAN_SHEET_R4_2026_V1,2026,2026-09-03T01:27:39.770127+00:00,2026-08-31,EWN,21,1M,2,-0.0007856398214067,0.7425149700598802,False,False,0.2275449101796406,0.8502994011976048,True,False,0.2017347460092151,0.5748502994011976,False,False,68.31999969482422,767.0499877929688
96377d53d0ace754782c28e8,CLEAN_SHEET_R4_2026_V1,2026,2026-09-03T01:27:39.770127+00:00,2026-08-31,EWO,21,1M,2,-0.0006353728456136,0.7604790419161677,False,False,0.4191616766467066,0.9880239520958084,True,True,0.1708432146673541,0.3233532934131736,False,False,44.040000915527344,767.0499877929688
88925e2a2c33a06c27df5164,CLEAN_SHEET_R4_2026_V1,2026,2026-09-03T01:27:39.770127+00:00,2026-08-31,EWP,21,1M,2,-0.0011205928168956,0.7125748502994012,False,False,0.2709580838323353,0.9161676646706588,True,True,0.1834471964077239,0.4431137724550898,False,False,62.400001525878906,767.0499877929688
fecbc51e6aaec436a4dcd33b,CLEAN_SHEET_R4_2026_V1,2026,2026-09-03T01:27:39.770127+00:00,2026-08-31,EWQ,21,1M,2,-0.0047730870575847,0.0778443113772455,False,False,-0.1826347305389221,0.2275449101796407,False,False,0.1613890075902395,0.2095808383233532,False,False,45.86000061035156,767.0499877929688
eb445a65eb02047849c3b328,CLEAN_SHEET_R4_2026_V1,2026,2026-09-03T01:27:39.770127+00:00,2026-08-31,EWS,21,1M,2,-0.0019189006418204,0.6227544910179641,False,False,0.2634730538922155,0.8982035928143712,True,False,0.1626605392336789,0.2275449101796407,False,False,34.16999816894531,767.0499877929688
4e1c97658afd335959ca1a41,CLEAN_SHEET_R4_2026_V1,2026,2026-09-03T01:27:39.770127+00:00,2026-08-31,EWT,21,1M,2,0.0008949300128659,0.9700598802395208,True,True,0.1721556886227545,0.7724550898203593,False,False,0.2723386900914381,0.9101796407185628,True,True,108.02999877929688,767.0499877929688
1d8360d4387078885deef3b3,CLEAN_SHEET_R4_2026_V1,2026,2026-09-03T01:27:39.770127+00:00,2026-08-31,EWU,21,1M,2,-0.0035032551423558,0.3353293413173652,False,False,0.1407185628742515,0.7005988023952096,False,False,0.1423653914935102,0.0778443113772455,False,False,48.369998931884766,767.0499877929688
7b95dd59ea6f0ba8109aa4f2,CLEAN_SHEET_R4_2026_V1,2026,2026-09-03T01:27:39.770127+00:00,2026-08-31,EWW,21,1M,2,-0.0013284982639035,0.688622754491018,False,False,-0.1407185628742515,0.2634730538922156,False,False,0.2626460682683316,0.8622754491017964,True,False,76.72000122070312,767.0499877929688
416aa15b8c93ebd8fc1c4165,CLEAN_SHEET_R4_2026_V1,2026,2026-09-03T01:27:39.770127+00:00,2026-08-31,EWY,21,1M,2,0.0010839861577261,0.994011976047904,True,True,0.1586826347305389,0.7365269461077845,False,False,0.2829659677061493,0.9640718562874252,True,True,180.8600006103516,767.0499877929688
605bf03df7da2344daab6650,CLEAN_SHEET_R4_2026_V1,2026,2026-09-03T01:27:39.770127+00:00,2026-08-31,EWZ,21,1M,2,-0.000725556499954,0.7485029940119761,False,False,-0.0583832335329341,0.3323353293413174,False,False,0.2658480617265902,0.874251497005988,True,False,36.02999877929688,767.0499877929688
d18c66dcf29fce9ad9794a9f,CLEAN_SHEET_R4_2026_V1,2026,2026-09-03T01:27:39.770127+00:00,2026-08-31,EXI,21,1M,2,-0.0038384204443894,0.281437125748503,False,False,-0.0089820359281437,0.4251497005988024,False,False,0.157305097051447,0.1796407185628742,False,False,197.8000030517578,767.0499877929688
42fa62f23d50ff3d40c7dae0,CLEAN_SHEET_R4_2026_V1,2026,2026-09-03T01:27:39.770127+00:00,2026-08-31,EZA,21,1M,2,-0.0002903767284793,0.8263473053892215,True,False,-0.0434131736526945,0.3532934131736527,False,False,0.2789278256567074,0.9580838323353292,True,True,70.5,767.0499877929688
ad0e7cdb06971c05d1d49b19,CLEAN_SHEET_R4_2026_V1,2026,2026-09-03T01:27:39.770127+00:00,2026-08-31,EZU,21,1M,2,-0.0030655645904697,0.4431137724550898,False,False,0.0508982035928143,0.5329341317365269,False,False,0.167740452189563,0.2934131736526946,False,False,70.45999908447266,767.0499877929688
ed4fd6a5a1261fb153f795bd,CLEAN_SHEET_R4_2026_V1,2026,2026-09-03T01:27:39.770127+00:00,2026-08-31,FDN,21,1M,2,-0.0015521857592112,0.6586826347305389,False,False,0.1062874251497006,0.6526946107784432,False,False,0.2016133493773855,0.562874251497006,False,False,292.489990234375,767.0499877929688
17d46afeda7e725026c00c5f,CLEAN_SHEET_R4_2026_V1,2026,2026-09-03T01:27:39.770127+00:00,2026-08-31,FEZ,21,1M,2,-0.0029496362123818,0.4730538922155688,False,False,0.059880239520958,0.5568862275449101,False,False,0.1693525527255883,0.3053892215568862,False,False,70.83999633789062,767.0499877929688
a14a3ca6e9befd25a913c1ea,CLEAN_SHEET_R4_2026_V1,2026,2026-09-03T01:27:39.770127+00:00,2026-08-31,GLD,21,1M,2,-0.0011589428568492,0.7005988023952096,False,False,-0.1482035928143713,0.2574850299401197,False,False,0.2708465518738076,0.8922155688622755,True,False,408.4200134277344,767.0499877929688
70d206b0574b4a91efbe3411,CLEAN_SHEET_R4_2026_V1,2026,2026-09-03T01:27:39.770127+00:00,2026-08-31,GREK,21,1M,2,-0.0010510518792823,0.7305389221556886,False,False,0.3982035928143713,0.9700598802395208,True,True,0.1632006100483424,0.2395209580838323,False,False,85.19000244140625,767.0499877929688
32f7233f3dd08927e4ec81f3,CLEAN_SHEET_R4_2026_V1,2026,2026-09-03T01:27:39.770127+00:00,2026-08-31,HEDJ,21,1M,2,-0.0043794195421332,0.1736526946107784,False,False,-0.0508982035928143,0.3473053892215569,False,False,0.1503189529901331,0.1317365269461078,False,False,57.27000045776367,767.0499877929688
41af2bac6e5987eeed1080da,CLEAN_SHEET_R4_2026_V1,2026,2026-09-03T01:27:39.770127+00:00,2026-08-31,HEEM,21,1M,2,-0.0001484253899256,0.8682634730538922,True,False,0.0913173652694611,0.6317365269461078,False,False,0.2523114183432274,0.8502994011976048,True,False,42.27999877929688,767.0499877929688
4ab2e859df205eed24c4c1af,CLEAN_SHEET_R4_2026_V1,2026,2026-09-03T01:27:39.770127+00:00,2026-08-31,HEFA,21,1M,2,-0.002054542064259,0.5868263473053892,False,False,0.0673652694610778,0.5688622754491018,False,False,0.193708548239191,0.5029940119760479,False,False,47.22999954223633,767.0499877929688
2042e296b255ec66818389a9,CLEAN_SHEET_R4_2026_V1,2026,2026-09-03T01:27:39.770127+00:00,2026-08-31,IBB,21,1M,2,-0.0001684311870186,0.8562874251497006,True,False,0.3203592814371257,0.940119760479042,True,True,0.202779401390032,0.592814371257485,False,False,209.0500030517578,767.0499877929688
eb27b2ab4b22258dde2b13b5,CLEAN_SHEET_R4_2026_V1,2026,2026-09-03T01:27:39.770127+00:00,2026-08-31,IEFA,21,1M,2,-0.0034259695569638,0.3592814371257485,False,False,0.1467065868263473,0.7155688622754491,False,False,0.1433043433299771,0.0898203592814371,False,False,100.26000213623048,767.0499877929688
04a05ffdd795f1f8cd9fc1ed,CLEAN_SHEET_R4_2026_V1,2026,2026-09-03T01:27:39.770127+00:00,2026-08-31,IEMG,21,1M,2,-0.0005734961095814,0.7724550898203593,False,False,0.0583832335329341,0.5508982035928144,False,False,0.244437538593822,0.8083832335329342,True,False,81.7300033569336,767.0499877929688
02a9d9dbb8bc59dd0bb35601,CLEAN_SHEET_R4_2026_V1,2026,2026-09-03T01:27:39.770127+00:00,2026-08-31,IEUR,21,1M,2,-0.0038510402766196,0.2754491017964072,False,False,0.1137724550898203,0.6706586826347305,False,False,0.1382034575247195,0.0479041916167664,False,False,77.5,767.0499877929688
5cb31bac1df349e5e32e2758,CLEAN_SHEET_R4_2026_V1,2026,2026-09-03T01:27:39.770127+00:00,2026-08-31,IGV,21,1M,2,0.000856792279457,0.9640718562874252,True,True,-0.0538922155688622,0.3413173652694611,False,False,0.3284955819744979,1.0,True,True,109.9800033569336,767.0499877929688
a2943b94800d65c9a9882949,CLEAN_SHEET_R4_2026_V1,2026,2026-09-03T01:27:39.770127+00:00,2026-08-31,IHF,21,1M,2,-0.0003670913244107,0.8143712574850299,True,False,0.1287425149700599,0.6766467065868264,False,False,0.236096042640281,0.7784431137724551,False,False,56.709999084472656,767.0499877929688
4be22889824c82adbe16637f,CLEAN_SHEET_R4_2026_V1,2026,2026-09-03T01:27:39.770127+00:00,2026-08-31,IHI,21,1M,2,-0.0037518091031839,0.3053892215568862,False,False,-0.3922155688622755,0.0958083832335329,False,False,0.2323418128383368,0.7544910179640718,False,False,54.970001220703125,767.0499877929688
db382b60d606313fdb73c4f4,CLEAN_SHEET_R4_2026_V1,2026,2026-09-03T01:27:39.770127+00:00,2026-08-31,IJR,21,1M,2,-0.0016357812607183,0.6467065868263473,False,False,0.1616766467065868,0.7425149700598802,False,False,0.1884906291074758,0.4730538922155688,False,False,144.52000427246094,767.0499877929688
0efb1d537996d90b86b79ff3,CLEAN_SHEET_R4_2026_V1,2026,2026-09-03T01:27:39.770127+00:00,2026-08-31,ILF,21,1M,2,-0.0003777713656902,0.8083832335329342,True,False,-0.0314371257485029,0.3952095808383233,False,False,0.2726378801059622,0.9161676646706588,True,True,34.900001525878906,767.0499877929688
2a06cc512556572c0927f804,CLEAN_SHEET_R4_2026_V1,2026,2026-09-03T01:27:39.770127+00:00,2026-08-31,IMTM,21,1M,2,-0.0037667274092808,0.2994011976047904,False,False,0.028443113772455,0.4910179640718562,False,False,0.1531507162693582,0.155688622754491,False,False,53.2599983215332,767.0499877929688
7ba9e9c9f554fff8d94783eb,CLEAN_SHEET_R4_2026_V1,2026,2026-09-03T01:27:39.770127+00:00,2026-08-31,INDA,21,1M,2,-0.0045149145882007,0.1377245508982036,False,False,-0.4550898203592814,0.029940119760479,False,False,0.2198922551833211,0.7005988023952096,False,False,49.70000076293945,767.0499877929688
31caab5a52eeec1d00f16f9c,CLEAN_SHEET_R4_2026_V1,2026,2026-09-03T01:27:39.770127+00:00,2026-08-31,IOO,21,1M,2,-0.0020294487761698,0.592814371257485,False,False,0.029940119760479,0.5029940119760479,False,False,0.2017044657574437,0.5688622754491018,False,False,144.14999389648438,767.0499877929688
cb4eb8aa71c323394066aa0e,CLEAN_SHEET_R4_2026_V1,2026,2026-09-03T01:27:39.770127+00:00,2026-08-31,IQLT,21,1M,2,-0.0031941128007879,0.4311377245508982,False,False,0.1646706586826347,0.7544910179640718,False,False,0.1461521636737716,0.1017964071856287,False,False,51.470001220703125,767.0499877929688
e591bec8af3947f67340a2cb,CLEAN_SHEET_R4_2026_V1,2026,2026-09-03T01:27:39.770127+00:00,2026-08-31,ITA,21,1M,2,-0.0045339907129172,0.1257485029940119,False,False,-0.062874251497006,0.3173652694610778,False,False,0.1483703919401661,0.1197604790419161,False,False,228.3500061035156,767.0499877929688
659a416c27f6c631df4a3176,CLEAN_SHEET_R4_2026_V1,2026,2026-09-03T01:27:39.770127+00:00,2026-08-31,ITB,21,1M,2,-0.0043502343655978,0.1796407185628742,False,False,-0.4610778443113772,0.0179640718562874,False,False,0.2266838869381302,0.7425149700598802,False,False,94.69000244140624,767.0499877929688
6aa9887b54966026c6817983,CLEAN_SHEET_R4_2026_V1,2026,2026-09-03T01:27:39.770127+00:00,2026-08-31,ITOT,21,1M,2,-0.0032911114305305,0.4131736526946107,False,False,-0.028443113772455,0.4071856287425149,False,False,0.1752601428728009,0.3892215568862275,False,False,167.9199981689453,767.0499877929688
84a8227c0b868d8567d73b6d,CLEAN_SHEET_R4_2026_V1,2026,2026-09-03T01:27:39.770127+00:00,2026-08-31,IWB,21,1M,2,-0.0034456826013145,0.3532934131736527,False,False,-0.0404191616766467,0.3652694610778443,False,False,0.1730541212157631,0.3532934131736527,False,False,419.8800048828125,767.0499877929688
aa2ac956a5cf2cbdffb5c4f9,CLEAN_SHEET_R4_2026_V1,2026,2026-09-03T01:27:39.770127+00:00,2026-08-31,IWD,21,1M,2,-0.001636857309466,0.6407185628742516,False,False,0.2065868263473054,0.8263473053892215,True,False,0.1802394347152046,0.4191616766467065,False,False,256.9100036621094,767.0499877929688
7d731ed25b3b9f8070aa8a6f,CLEAN_SHEET_R4_2026_V1,2026,2026-09-03T01:27:39.770127+00:00,2026-08-31,IWF,21,1M,2,-0.0034072521151632,0.3652694610778443,False,False,-0.2305389221556886,0.1736526946107784,False,False,0.2099446001222819,0.6526946107784432,False,False,122.70999908447266,767.0499877929688
c3dcfde76da0d80b06fb6ce2,CLEAN_SHEET_R4_2026_V1,2026,2026-09-03T01:27:39.770127+00:00,2026-08-31,IWM,21,1M,2,-0.0018289952241982,0.6287425149700598,False,False,0.1467065868263473,0.7155688622754491,False,False,0.1855754187177666,0.4550898203592814,False,False,293.92999267578125,767.0499877929688
7413aeb8059d0ec2816d1bc3,CLEAN_SHEET_R4_2026_V1,2026,2026-09-03T01:27:39.770127+00:00,2026-08-31,IXC,21,1M,2,-0.0002749678791195,0.8323353293413174,True,False,0.3233532934131736,0.9461077844311376,True,True,0.1988850529982332,0.5389221556886228,False,False,58.18000030517578,767.0499877929688
c47c6b9a0f12e4ed38b27248,CLEAN_SHEET_R4_2026_V1,2026,2026-09-03T01:27:39.770127+00:00,2026-08-31,IXG,21,1M,2,-0.0027564222489019,0.5029940119760479,False,False,0.0748502994011975,0.592814371257485,False,False,0.1720667598197208,0.3413173652694611,False,False,134.2100067138672,767.0499877929688
f46c16f9dd8d18bd49193dad,CLEAN_SHEET_R4_2026_V1,2026,2026-09-03T01:27:39.770127+00:00,2026-08-31,IXJ,21,1M,2,-0.0031168272153959,0.437125748502994,False,False,0.1706586826347305,0.7634730538922155,False,False,0.1471118066201941,0.1077844311377245,False,False,104.23999786376952,767.0499877929688
10b922cb6892f2755479ba75,CLEAN_SHEET_R4_2026_V1,2026,2026-09-03T01:27:39.770127+00:00,2026-08-31,IXN,21,1M,2,0.0005290788724597,0.9461077844311376,True,True,0.0913173652694611,0.6317365269461078,False,False,0.2778417352501049,0.9520958083832336,True,True,141.1300048828125,767.0499877929688
ac4f3b325e2010d992238de5,CLEAN_SHEET_R4_2026_V1,2026,2026-09-03T01:27:39.770127+00:00,2026-08-31,IXP,21,1M,2,-0.0048686509556637,0.0479041916167664,False,False,-0.4356287425149701,0.0508982035928143,False,False,0.2044923551914572,0.6287425149700598,False,False,116.56999969482422,767.0499877929688
ff2c11fcb2485eb299238840,CLEAN_SHEET_R4_2026_V1,2026,2026-09-03T01:27:39.770127+00:00,2026-08-31,IXUS,21,1M,2,-0.0027303992884361,0.5149700598802395,False,False,0.2005988023952095,0.8143712574850299,True,False,0.1519884219653543,0.1437125748502994,False,False,97.41999816894533,767.0499877929688
d17ad2c89812abc131b57c31,CLEAN_SHEET_R4_2026_V1,2026,2026-09-03T01:27:39.770127+00:00,2026-08-31,IYG,21,1M,2,-0.0032524686378346,0.4191616766467065,False,False,-0.0254491017964071,0.4131736526946107,False,False,0.1758150964840822,0.3952095808383233,False,False,97.3000030517578,767.0499877929688
cecfb31a236936c838e60f83,CLEAN_SHEET_R4_2026_V1,2026,2026-09-03T01:27:39.770127+00:00,2026-08-31,IYJ,21,1M,2,-0.0042654968851695,0.2095808383233532,False,False,-0.1601796407185629,0.2395209580838323,False,False,0.1712177649107506,0.3293413173652694,False,False,161.1999969482422,767.0499877929688
43db3097e90970f088c4f3f2,CLEAN_SHEET_R4_2026_V1,2026,2026-09-03T01:27:39.770127+00:00,2026-08-31,IYK,21,1M,2,-0.004463227350185,0.155688622754491,False,False,-0.1886227544910179,0.2215568862275449,False,False,0.1707010223787952,0.3173652694610778,False,False,74.66000366210938,767.0499877929688
03e98be9aa363f03df64ec22,CLEAN_SHEET_R4_2026_V1,2026,2026-09-03T01:27:39.770127+00:00,2026-08-31,IYT,21,1M,2,-0.0021634431604001,0.5748502994011976,False,False,-0.0329341317365269,0.3832335329341317,False,False,0.2099757920237338,0.6586826347305389,False,False,85.13999938964844,767.0499877929688
c34a685d3d8e849059c30fe7,CLEAN_SHEET_R4_2026_V1,2026,2026-09-03T01:27:39.770127+00:00,2026-08-31,IYW,21,1M,2,0.0001812937381959,0.9041916167664672,True,True,0.0643712574850299,0.562874251497006,False,False,0.2709705993653158,0.8982035928143712,True,False,251.27999877929688,767.0499877929688
eb77e304aa0a547a22208318,CLEAN_SHEET_R4_2026_V1,2026,2026-09-03T01:27:39.770127+00:00,2026-08-31,IYZ,21,1M,2,2.672256741196276e-05,0.8982035928143712,True,False,0.0523952095808383,0.5389221556886228,False,False,0.2679512616523909,0.8862275449101796,True,False,43.119998931884766,767.0499877929688
12cd928cb4e758fe35999202,CLEAN_SHEET_R4_2026_V1,2026,2026-09-03T01:27:39.770127+00:00,2026-08-31,JXI,21,1M,2,-0.0043433534600221,0.18562874251497,False,False,-0.344311377245509,0.1257485029940119,False,False,0.2029525097910429,0.5988023952095808,False,False,80.91000366210938,767.0499877929688
896ba396d5a504836241ca55,CLEAN_SHEET_R4_2026_V1,2026,2026-09-03T01:27:39.770127+00:00,2026-08-31,KBA,21,1M,2,-0.0038194906960441,0.2934131736526946,False,False,-0.1931137724550898,0.2155688622754491,False,False,0.1899083229996383,0.4910179640718562,False,False,32.91999816894531,767.0499877929688
c17413e5346bd981003b15ef,CLEAN_SHEET_R4_2026_V1,2026,2026-09-03T01:27:39.770127+00:00,2026-08-31,KBE,21,1M,2,-0.0026018510781179,0.5329341317365269,False,False,0.0868263473053891,0.6167664670658682,False,False,0.1742628473612982,0.3712574850299401,False,False,67.80999755859375,767.0499877929688
70d9b7215af4b0d1cfbf1bcb,CLEAN_SHEET_R4_2026_V1,2026,2026-09-03T01:27:39.770127+00:00,2026-08-31,KIE,21,1M,2,-0.0040767994232252,0.2455089820359281,False,False,-0.1586826347305389,0.2455089820359281,False,False,0.1761980526265131,0.4011976047904191,False,False,63.150001525878906,767.0499877929688
8fd12453cc2d3c6915178a8d,CLEAN_SHEET_R4_2026_V1,2026,2026-09-03T01:27:39.770127+00:00,2026-08-31,KRE,21,1M,2,-0.0019449236022862,0.6107784431137725,False,False,0.1377245508982035,0.6946107784431138,False,False,0.1838430684344297,0.4491017964071856,False,False,73.55999755859375,767.0499877929688
6b21302b702baaf1758df676,CLEAN_SHEET_R4_2026_V1,2026,2026-09-03T01:27:39.770127+00:00,2026-08-31,KSA,21,1M,2,-0.0047203897009949,0.0898203592814371,False,False,-0.3622754491017964,0.1077844311377245,False,False,0.1948107335702379,0.5089820359281437,False,False,38.79999923706055,767.0499877929688
35a638ee9e2a076b08e0c6d2,CLEAN_SHEET_R4_2026_V1,2026,2026-09-03T01:27:39.770127+00:00,2026-08-31,KWEB,21,1M,2,-0.0045291814586392,0.1317365269461078,False,False,-0.4655688622754491,0.0119760479041916,False,False,0.2216116036300458,0.7245508982035929,False,False,25.809999465942383,767.0499877929688
d9387c6e5a75cd4d82422af0,CLEAN_SHEET_R4_2026_V1,2026,2026-09-03T01:27:39.770127+00:00,2026-08-31,KXI,21,1M,2,-0.0045410839250376,0.1197604790419161,False,False,-0.372754491017964,0.1017964071856287,False,False,0.2023633762238503,0.5868263473053892,False,False,68.3499984741211,767.0499877929688
635109a5886e016a5486697b,CLEAN_SHEET_R4_2026_V1,2026,2026-09-03T01:27:39.770127+00:00,2026-08-31,MCHI,21,1M,2,-0.0046451098367272,0.1017964071856287,False,False,-0.4745508982035928,0.0059880239520958,False,False,0.2196335745993423,0.6946107784431138,False,False,54.720001220703125,767.0499877929688
8fd42c798365c95810d9c855,CLEAN_SHEET_R4_2026_V1,2026,2026-09-03T01:27:39.770127+00:00,2026-08-31,MDY,21,1M,2,-0.0033747069320376,0.3772455089820359,False,False,0.0269461077844311,0.4850299401197604,False,False,0.1635014402700987,0.2455089820359281,False,False,687.1300048828125,767.0499877929688
e88cb8a817dbc6e9df3d70d8,CLEAN_SHEET_R4_2026_V1,2026,2026-09-03T01:27:39.770127+00:00,2026-08-31,MTUM,21,1M,2,-0.0010758524146292,0.7245508982035929,False,False,0.0194610778443113,0.4550898203592814,False,False,0.2353486459729352,0.7724550898203593,False,False,300.3599853515625,767.0499877929688
08946e31edafeb1fda29bb60,CLEAN_SHEET_R4_2026_V1,2026,2026-09-03T01:27:39.770127+00:00,2026-08-31,MXI,21,1M,2,-0.0015711155075566,0.6526946107784432,False,False,0.2904191616766467,0.9281437125748504,True,True,0.1674159090324443,0.281437125748503,False,False,115.4499969482422,767.0499877929688
29841c2f0b700a6e5b9b4a21,CLEAN_SHEET_R4_2026_V1,2026,2026-09-03T01:27:39.770127+00:00,2026-08-31,OIH,21,1M,2,0.0010175269899849,0.9880239520958084,True,True,0.1047904191616766,0.6467065868263473,False,False,0.2937883345311574,0.9820359281437124,True,True,429.1799926757813,767.0499877929688
128a2e9cf7245503dab03b4f,CLEAN_SHEET_R4_2026_V1,2026,2026-09-03T01:27:39.770127+00:00,2026-08-31,PAVE,21,1M,2,-0.0033129765723766,0.4071856287425149,False,False,-0.1257485029940119,0.2694610778443114,False,False,0.1923866301138226,0.497005988023952,False,False,54.70000076293945,767.0499877929688
7cecd78911b1a85adb69b396,CLEAN_SHEET_R4_2026_V1,2026,2026-09-03T01:27:39.770127+00:00,2026-08-31,PBJ,21,1M,2,-0.0041932987907737,0.2155688622754491,False,False,-0.3458083832335329,0.1197604790419161,False,False,0.2079911409805429,0.6347305389221557,False,False,47.70000076293945,767.0499877929688
2cea0f8671b116b1b92352bd,CLEAN_SHEET_R4_2026_V1,2026,2026-09-03T01:27:39.770127+00:00,2026-08-31,PEJ,21,1M,2,-0.0042958240406261,0.1976047904191616,False,False,-0.1062874251497006,0.2934131736526946,False,False,0.1613124229214926,0.2035928143712574,False,False,65.37000274658203,767.0499877929688
6d4e5b56279ac2ecdad21c96,CLEAN_SHEET_R4_2026_V1,2026,2026-09-03T01:27:39.770127+00:00,2026-08-31,QAT,21,1M,2,-0.0050089552560091,0.029940119760479,False,False,-0.437125748502994,0.0419161676646706,False,False,0.2004020916900804,0.5508982035928144,False,False,17.40999984741211,767.0499877929688
53f8eacb512ff3139a160b4e,CLEAN_SHEET_R4_2026_V1,2026,2026-09-03T01:27:39.770127+00:00,2026-08-31,QQQ,21,1M,2,-0.0014030607623394,0.6766467065868264,False,False,-0.0583832335329341,0.3323353293413174,False,False,0.2410519536677617,0.7844311377245509,False,False,716.760009765625,767.0499877929688
ba7111d6f06fb52b0770f5ad,CLEAN_SHEET_R4_2026_V1,2026,2026-09-03T01:27:39.770127+00:00,2026-08-31,QUAL,21,1M,2,-0.0038321105282743,0.2874251497005988,False,False,-0.0703592814371257,0.3053892215568862,False,False,0.167635216228475,0.2874251497005988,False,False,222.6199951171875,767.0499877929688
ba02d59755fb367b823ea606,CLEAN_SHEET_R4_2026_V1,2026,2026-09-03T01:27:39.770127+00:00,2026-08-31,REET,21,1M,2,-0.0045787970453571,0.1137724550898203,False,False,-0.2125748502994012,0.18562874251497,False,False,0.1716642581411855,0.3353293413173652,False,False,27.5,767.0499877929688
1e7136eb996418cd8808a298,CLEAN_SHEET_R4_2026_V1,2026,2026-09-03T01:27:39.770127+00:00,2026-08-31,REM,21,1M,2,-0.0046507023870105,0.0958083832335329,False,False,-0.4431137724550898,0.0359281437125748,False,False,0.212963373572145,0.6646706586826348,False,False,21.700000762939453,767.0499877929688
0ea114fd5c13d9b239732ab8,CLEAN_SHEET_R4_2026_V1,2026,2026-09-03T01:27:39.770127+00:00,2026-08-31,REMX,21,1M,2,-0.0001125056841857,0.874251497005988,True,False,0.0059880239520958,0.437125748502994,False,False,0.2737862299576475,0.9281437125748504,True,True,77.5199966430664,767.0499877929688
d33dc72ee86784d6478e3c63,CLEAN_SHEET_R4_2026_V1,2026,2026-09-03T01:27:39.770127+00:00,2026-08-31,REZ,21,1M,2,-0.0041150835330052,0.2275449101796407,False,False,-0.1766467065868263,0.2335329341317365,False,False,0.1783065382381129,0.4071856287425149,False,False,93.7699966430664,767.0499877929688
1a4f80587fd306df2517459f,CLEAN_SHEET_R4_2026_V1,2026,2026-09-03T01:27:39.770127+00:00,2026-08-31,RSP,21,1M,2,-0.0033360641393416,0.3892215568862275,False,False,0.029940119760479,0.497005988023952,False,False,0.1640265655480715,0.2514970059880239,False,False,219.38999938964844,767.0499877929688
5b83883545612bced17566ae,CLEAN_SHEET_R4_2026_V1,2026,2026-09-03T01:27:39.770127+00:00,2026-08-31,RWO,21,1M,2,-0.0045015114599651,0.1437125748502994,False,False,-0.2065868263473053,0.2065868263473053,False,False,0.1727575221014759,0.3473053892215569,False,False,49.470001220703125,767.0499877929688
3d4e6105a387da8fd5e44d0c,CLEAN_SHEET_R4_2026_V1,2026,2026-09-03T01:27:39.770127+00:00,2026-08-31,RXI,21,1M,2,-0.0043847193396741,0.1676646706586826,False,False,-0.4356287425149701,0.0508982035928143,False,False,0.220151154485691,0.7125748502994012,False,False,198.4600067138672,767.0499877929688
d90a29eb047905756b914c77,CLEAN_SHEET_R4_2026_V1,2026,2026-09-03T01:27:39.770127+00:00,2026-08-31,SCHD,21,1M,2,-0.0011592356095916,0.6946107784431138,False,False,0.2679640718562874,0.9101796407185628,True,True,0.1828734976483889,0.4311377245508982,False,False,34.88999938964844,767.0499877929688
5dd8a375c3db91cf854ead24,CLEAN_SHEET_R4_2026_V1,2026,2026-09-03T01:27:39.770127+00:00,2026-08-31,SCHY,21,1M,2,-0.003039541630004,0.4491017964071856,False,False,0.1766467065868263,0.7844311377245509,False,False,0.148076657885168,0.1137724550898203,False,False,33.220001220703125,767.0499877929688
dac35b02d981bdecbd08192c,CLEAN_SHEET_R4_2026_V1,2026,2026-09-03T01:27:39.770127+00:00,2026-08-31,SCZ,21,1M,2,-0.0037174045753053,0.311377245508982,False,False,0.1916167664670658,0.8023952095808383,True,False,0.130200283698141,0.0359281437125748,False,False,86.80000305175781,767.0499877929688
88cd8552c6434df24da34913,CLEAN_SHEET_R4_2026_V1,2026,2026-09-03T01:27:39.770127+00:00,2026-08-31,SKYY,21,1M,2,0.0002640254974999,0.9221556886227544,True,True,0.2470059880239521,0.8802395209580839,True,False,0.2321845689350883,0.7485029940119761,False,False,165.33999633789062,767.0499877929688
2ef479dc157de85f1efbfd72,CLEAN_SHEET_R4_2026_V1,2026,2026-09-03T01:27:39.770127+00:00,2026-08-31,SLV,21,1M,2,0.0011791254427157,1.0,True,True,0.0254491017964071,0.4790419161676646,False,False,0.3209968926654275,0.994011976047904,True,True,60.130001068115234,767.0499877929688
c5abb96ef20ca6c620c98c71,CLEAN_SHEET_R4_2026_V1,2026,2026-09-03T01:27:39.770127+00:00,2026-08-31,SMH,21,1M,2,0.0009335728055619,0.9760479041916168,True,True,0.1751497005988024,0.7784431137724551,False,False,0.2730992498208753,0.9221556886227544,True,True,556.6300048828125,767.0499877929688
2d323e9e4a7810309648ccb7,CLEAN_SHEET_R4_2026_V1,2026,2026-09-03T01:27:39.770127+00:00,2026-08-31,SOXX,21,1M,2,0.0009722155982579,0.9820359281437124,True,True,0.1781437125748503,0.7904191616766467,False,False,0.2738611341745105,0.934131736526946,True,True,511.0400085449219,767.0499877929688
c4b397b701a40dbb1c0b942b,CLEAN_SHEET_R4_2026_V1,2026,2026-09-03T01:27:39.770127+00:00,2026-08-31,SPGM,21,1M,2,-0.0024796127839149,0.5389221556886228,False,False,0.0344311377245508,0.5149700598802395,False,False,0.1872055895538619,0.467065868263473,False,False,87.44000244140625,767.0499877929688
a1d040edba816df7495d649a,CLEAN_SHEET_R4_2026_V1,2026,2026-09-03T01:27:39.770127+00:00,2026-08-31,SPY,21,1M,2,-0.0033297542232265,0.3952095808383233,False,False,-0.031437125748503,0.3892215568862275,False,False,0.1747065696369257,0.3772455089820359,False,False,767.0499877929688,767.0499877929688
058d0264e833379a5e4b2af1,CLEAN_SHEET_R4_2026_V1,2026,2026-09-03T01:27:39.770127+00:00,2026-08-31,THD,21,1M,2,-0.0015261627987455,0.6706586826347305,False,False,0.2320359281437126,0.8562874251497006,True,False,0.1788319540060781,0.4131736526946107,False,False,72.37000274658203,767.0499877929688
eac12d9f92632da6c79d4e63,CLEAN_SHEET_R4_2026_V1,2026,2026-09-03T01:27:39.770127+00:00,2026-08-31,TUR,21,1M,2,-0.0010785755015853,0.718562874251497,False,False,-0.0688622754491017,0.311377245508982,False,False,0.2551443669024807,0.8562874251497006,True,False,40.33000183105469,767.0499877929688
2e2bef5ebe632d5a5e451c09,CLEAN_SHEET_R4_2026_V1,2026,2026-09-03T01:27:39.770127+00:00,2026-08-31,UAE,21,1M,2,-0.0039851005910235,0.2574850299401197,False,False,-0.3502994011976048,0.1137724550898203,False,False,0.2156305425152488,0.6826347305389222,False,False,19.450000762939453,767.0499877929688
f3f589f8ddd9e2b071a45695,CLEAN_SHEET_R4_2026_V1,2026,2026-09-03T01:27:39.770127+00:00,2026-08-31,URA,21,1M,2,-0.0027237966195786,0.5209580838323353,False,False,-0.2769461077844311,0.155688622754491,False,False,0.2429662715114869,0.8023952095808383,True,False,45.5099983215332,767.0499877929688
623c3c82f96cfbb8f46485e1,CLEAN_SHEET_R4_2026_V1,2026,2026-09-03T01:27:39.770127+00:00,2026-08-31,URTH,21,1M,2,-0.0034070398086185,0.3712574850299401,False,False,-0.0374251497005988,0.3712574850299401,False,False,0.1736035599197737,0.3652694610778443,False,False,208.82000732421875,767.0499877929688
f8720b630b3a907d419589fa,CLEAN_SHEET_R4_2026_V1,2026,2026-09-03T01:27:39.770127+00:00,2026-08-31,USMV,21,1M,2,-0.0057268297954965,0.0059880239520958,False,False,0.0359281437125748,0.5209580838323353,False,False,0.1092342947493689,0.0059880239520958,False,False,101.5199966430664,767.0499877929688
dca231257179cd13f4b24f0b,CLEAN_SHEET_R4_2026_V1,2026,2026-09-03T01:27:39.770127+00:00,2026-08-31,VEA,21,1M,2,-0.0022280429833883,0.562874251497006,False,False,0.2395209580838323,0.8682634730538922,True,False,0.1585254505929601,0.18562874251497,False,False,72.91999816894531,767.0499877929688
3c5f5f74081a6e50d2c7d9f1,CLEAN_SHEET_R4_2026_V1,2026,2026-09-03T01:27:39.770127+00:00,2026-08-31,VEU,21,1M,2,-0.002891639058251,0.4850299401197604,False,False,0.2649700598802395,0.9041916167664672,True,True,0.1383981863902855,0.0538922155688622,False,False,85.25,767.0499877929688
d71bd3139a0209811f3e288a,CLEAN_SHEET_R4_2026_V1,2026,2026-09-03T01:27:39.770127+00:00,2026-08-31,VGK,21,1M,2,-0.0035805407277478,0.3293413173652694,False,False,0.1347305389221557,0.688622754491018,False,False,0.141431576155109,0.0718562874251497,False,False,91.66000366210938,767.0499877929688
d78945db16d3281a76eca13b,CLEAN_SHEET_R4_2026_V1,2026,2026-09-03T01:27:39.770127+00:00,2026-08-31,VNM,21,1M,2,-0.0043220593076366,0.1916167664670658,False,False,-0.4251497005988024,0.0718562874251497,False,False,0.2200432444302861,0.7065868263473054,False,False,18.059999465942383,767.0499877929688
a3885804766788e35abd2b60,CLEAN_SHEET_R4_2026_V1,2026,2026-09-03T01:27:39.770127+00:00,2026-08-31,VNQ,21,1M,2,-0.0047337268990569,0.0838323353293413,False,False,-0.2095808383233532,0.1916167664670658,False,False,0.1669347345495995,0.2694610778443114,False,False,96.44000244140624,767.0499877929688
4e705c2b82d2633eb0141d83,CLEAN_SHEET_R4_2026_V1,2026,2026-09-03T01:27:39.770127+00:00,2026-08-31,VPL,21,1M,2,-0.0001870681826216,0.8502994011976048,True,False,0.0883233532934131,0.6227544910179641,False,False,0.2515887138274467,0.8383233532934131,True,False,115.4499969482422,767.0499877929688
ffa1100a35334b1784a8941e,CLEAN_SHEET_R4_2026_V1,2026,2026-09-03T01:27:39.770127+00:00,2026-08-31,VSS,21,1M,2,-0.0032039290998644,0.4251497005988024,False,False,-0.2335329341317365,0.1676646706586826,False,False,0.2171654473062207,0.688622754491018,False,False,160.10000610351562,767.0499877929688
b5978420d1a38f6ea05e7462,CLEAN_SHEET_R4_2026_V1,2026,2026-09-03T01:27:39.770127+00:00,2026-08-31,VT,21,1M,2,-0.0028273979181787,0.4910179640718562,False,False,0.0074850299401197,0.4431137724550898,False,False,0.1820109873742892,0.4251497005988024,False,False,160.5500030517578,767.0499877929688
281a1dbaa2d80c9182194b39,CLEAN_SHEET_R4_2026_V1,2026,2026-09-03T01:27:39.770127+00:00,2026-08-31,VWO,21,1M,2,-0.0033171343909963,0.4011976047904191,False,False,-0.154191616766467,0.2514970059880239,False,False,0.1976960696422541,0.5329341317365269,False,False,60.52000045776367,767.0499877929688
3cddef44ac23bba1120ee083,CLEAN_SHEET_R4_2026_V1,2026,2026-09-03T01:27:39.770127+00:00,2026-08-31,VXUS,21,1M,2,-0.0027690420811321,0.497005988023952,False,False,0.1976047904191616,0.8083832335329342,True,False,0.151494852228981,0.1377245508982036,False,False,87.31999969482422,767.0499877929688
9ac46005aea928a570737a20,CLEAN_SHEET_R4_2026_V1,2026,2026-09-03T01:27:39.770127+00:00,2026-08-31,VYMI,21,1M,2,-0.0017643294710365,0.6347305389221557,False,False,0.2754491017964072,0.9221556886227544,True,True,0.1647604657253856,0.2574850299401197,False,False,105.16999816894533,767.0499877929688
f9244523065a425c3e41f9fb,CLEAN_SHEET_R4_2026_V1,2026,2026-09-03T01:27:39.770127+00:00,2026-08-31,XAR,21,1M,2,-0.0040316344078694,0.2514970059880239,False,False,-0.0239520958083832,0.4191616766467065,False,False,0.1547802113825868,0.1676646706586826,False,False,256.5199890136719,767.0499877929688
93d713524a3d035a23008b45,CLEAN_SHEET_R4_2026_V1,2026,2026-09-03T01:27:39.770127+00:00,2026-08-31,XBI,21,1M,2,0.0002566395326371,0.9161676646706588,True,True,0.3532934131736527,0.9640718562874252,True,True,0.2096837841163604,0.6467065868263473,False,False,162.5,767.0499877929688
32c270bce79fa97d5e12353a,CLEAN_SHEET_R4_2026_V1,2026,2026-09-03T01:27:39.770127+00:00,2026-08-31,XHB,21,1M,2,-0.0047868488687362,0.0718562874251497,False,False,-0.4161676646706587,0.0838323353293413,False,False,0.2032170564620324,0.6047904191616766,False,False,102.80999755859376,767.0499877929688
42638876db8ac460a1fb84e2,CLEAN_SHEET_R4_2026_V1,2026,2026-09-03T01:27:39.770127+00:00,2026-08-31,XLB,21,1M,2,-0.0029925832000686,0.4610778443113772,False,False,0.2365269461077844,0.8622754491017964,True,False,0.1402070465965694,0.059880239520958,False,False,52.68999862670898,767.0499877929688
a341d1548a7f7841a7bea90c,CLEAN_SHEET_R4_2026_V1,2026,2026-09-03T01:27:39.770127+00:00,2026-08-31,XLC,21,1M,2,-0.0048446337163222,0.059880239520958,False,False,-0.4281437125748503,0.059880239520958,False,False,0.2037672589123354,0.6167664670658682,False,False,111.45999908447266,767.0499877929688
e8e00c4c5112241b2a32e616,CLEAN_SHEET_R4_2026_V1,2026,2026-09-03T01:27:39.770127+00:00,2026-08-31,XLE,21,1M,2,-0.0005539294416019,0.7784431137724551,False,False,0.4535928143712575,1.0,True,True,0.1671706493339015,0.2754491017964072,False,False,63.959999084472656,767.0499877929688
698c5a2daa862bd4bf2f800a,CLEAN_SHEET_R4_2026_V1,2026,2026-09-03T01:27:39.770127+00:00,2026-08-31,XLF,21,1M,2,-0.0040828970327956,0.2395209580838323,False,False,0.0958083832335329,0.6407185628742516,False,False,0.135485943832406,0.0419161676646706,False,False,57.709999084472656,767.0499877929688
f148ca0998ff4fb256ce21d9,CLEAN_SHEET_R4_2026_V1,2026,2026-09-03T01:27:39.770127+00:00,2026-08-31,XLI,21,1M,2,-0.0041089199932613,0.2335329341317365,False,False,-0.029940119760479,0.4011976047904191,False,False,0.1537795650489439,0.1616766467065868,False,False,175.1300048828125,767.0499877929688
d5666313107293b9e71945f5,CLEAN_SHEET_R4_2026_V1,2026,2026-09-03T01:27:39.770127+00:00,2026-08-31,XLK,21,1M,2,0.0003358649089798,0.9281437125748504,True,True,0.0763473053892215,0.6047904191616766,False,False,0.2740112247727331,0.940119760479042,True,True,186.5,767.0499877929688
cc2642220a6cf064a27d8c19,CLEAN_SHEET_R4_2026_V1,2026,2026-09-03T01:27:39.770127+00:00,2026-08-31,XLP,21,1M,2,-0.0041160132053818,0.2215568862275449,False,False,-0.3398203592814371,0.1317365269461078,False,False,0.2092573119327111,0.6407185628742516,False,False,84.9800033569336,767.0499877929688
d640c275e9f853e12c49af7f,CLEAN_SHEET_R4_2026_V1,2026,2026-09-03T01:27:39.770127+00:00,2026-08-31,XLRE,21,1M,2,-0.0048110124844489,0.0658682634730539,False,False,-0.2155688622754491,0.1796407185628742,False,False,0.1658709305179746,0.2634730538922156,False,False,44.11000061035156,767.0499877929688
78b853c344b3d7c63cf8b0ca,CLEAN_SHEET_R4_2026_V1,2026,2026-09-03T01:27:39.770127+00:00,2026-08-31,XLU,21,1M,2,-0.0050047974373894,0.0359281437125748,False,False,-0.4086826347305389,0.0898203592814371,False,False,0.1950376446214085,0.5149700598802395,False,False,42.22999954223633,767.0499877929688
439e216a319f4789f777d6dd,CLEAN_SHEET_R4_2026_V1,2026,2026-09-03T01:27:39.770127+00:00,2026-08-31,XLV,21,1M,2,-0.0021005708218178,0.5808383233532934,False,False,0.1706586826347305,0.7634730538922155,False,False,0.1735403575020787,0.3592814371257485,False,False,170.5399932861328,767.0499877929688
0d68ea6e7ec69bc2461d6b24,CLEAN_SHEET_R4_2026_V1,2026,2026-09-03T01:27:39.770127+00:00,2026-08-31,XLY,21,1M,2,-0.0042687909615862,0.2035928143712574,False,False,-0.4266467065868263,0.0658682634730539,False,False,0.2221325180028562,0.7305389221556886,False,False,116.58999633789062,767.0499877929688
bc66815318e65f1e59792ca3,CLEAN_SHEET_R4_2026_V1,2026,2026-09-03T01:27:39.770127+00:00,2026-08-31,XME,21,1M,2,0.0002199365308918,0.9101796407185628,True,True,0.0673652694610778,0.5748502994011976,False,False,0.271728765171679,0.9041916167664672,True,True,118.12999725341795,767.0499877929688
2ec7eae432ce6c9788a3c654,CLEAN_SHEET_R4_2026_V1,2026,2026-09-03T01:27:39.770127+00:00,2026-08-31,XOP,21,1M,2,-9.637946899408853e-05,0.8802395209580839,True,False,0.342814371257485,0.9580838323353292,True,True,0.2006234468413578,0.5568862275449101,False,False,188.9600067138672,767.0499877929688
dad34287385d2cf97bacabc0,CLEAN_SHEET_R4_2026_V1,2026,2026-09-03T01:27:39.770127+00:00,2026-08-31,XPH,21,1M,2,-9.114560162669677e-05,0.8862275449101796,True,False,0.3263473053892216,0.9520958083832336,True,True,0.2040220181733778,0.6227544910179641,False,False,70.62000274658203,767.0499877929688
02e35e34e530c83060149396,CLEAN_SHEET_R4_2026_V1,2026,2026-09-03T01:27:39.770127+00:00,2026-08-31,XRT,21,1M,2,-0.0048837815683053,0.0419161676646706,False,False,-0.2080838323353293,0.1976047904191616,False,False,0.1626864031320736,0.2335329341317365,False,False,86.0999984741211,767.0499877929688
a5bca7b9e116e16c37f1452a,CLEAN_SHEET_R4_2026_V1,2026,2026-09-03T01:27:39.770127+00:00,2026-08-31,AAXJ,63,3M,3,-0.0046336894423507,0.8802395209580839,True,False,0.4031936127744511,0.8502994011976048,True,False,0.2020007460388491,0.7544910179640718,False,False,116.76000213623048,767.0499877929688
9016d8c094970c5082661f54,CLEAN_SHEET_R4_2026_V1,2026,2026-09-03T01:27:39.770127+00:00,2026-08-31,ACWI,63,3M,3,-0.008319078355603,0.592814371257485,False,False,0.2055888223552894,0.6107784431137725,False,False,0.200147654290503,0.7005988023952096,False,False,160.67999267578125,767.0499877929688
6b18e0272c23b00aad0e6229,CLEAN_SHEET_R4_2026_V1,2026,2026-09-03T01:27:39.770127+00:00,2026-08-31,ACWX,63,3M,3,-0.0102086508758964,0.4131736526946107,False,False,0.1177644710578842,0.4251497005988024,False,False,0.1918290657255148,0.4790419161676646,False,False,77.4000015258789,767.0499877929688
bc0f13f365fab006fca77f10,CLEAN_SHEET_R4_2026_V1,2026,2026-09-03T01:27:39.770127+00:00,2026-08-31,AFK,63,3M,3,-0.0057134688412061,0.7844311377245509,False,False,0.3033932135728543,0.718562874251497,False,False,0.2140611853271148,0.874251497005988,True,False,29.1200008392334,767.0499877929688
7370060f1ab8c5e36267b0dd,CLEAN_SHEET_R4_2026_V1,2026,2026-09-03T01:27:39.770127+00:00,2026-08-31,ARGT,63,3M,3,-0.0024233216556815,0.9640718562874252,True,True,0.2774451097804391,0.6946107784431138,False,False,0.288556242263604,0.994011976047904,True,True,94.5500030517578,767.0499877929688
4d3e21a5a7eeb38099330c22,CLEAN_SHEET_R4_2026_V1,2026,2026-09-03T01:27:39.770127+00:00,2026-08-31,ASEA,63,3M,3,-0.0065451852357834,0.7125748502994012,False,False,0.3612774451097804,0.7964071856287425,False,False,0.1824035294636983,0.1497005988023952,False,False,21.6299991607666,767.0499877929688
89f66e3e9adb7288f692fadb,CLEAN_SHEET_R4_2026_V1,2026,2026-09-03T01:27:39.770127+00:00,2026-08-31,CARZ,63,3M,3,-0.0046641499159269,0.874251497005988,True,False,0.4151696606786427,0.8682634730538922,True,False,0.1960217577672228,0.5988023952095808,False,False,106.43000030517578,767.0499877929688
da16182a79c7a21d32624912,CLEAN_SHEET_R4_2026_V1,2026,2026-09-03T01:27:39.770127+00:00,2026-08-31,CIBR,63,3M,3,-0.0057217819188419,0.7784431137724551,False,False,0.3193612774451098,0.7485029940119761,False,False,0.2056885395686772,0.8143712574850299,True,False,100.1500015258789,767.0499877929688
2c5eb650960b95b2355834bb,CLEAN_SHEET_R4_2026_V1,2026,2026-09-03T01:27:39.770127+00:00,2026-08-31,CORO,63,3M,3,-0.0066181952638967,0.7005988023952096,False,False,0.3173652694610778,0.7425149700598802,False,False,0.1937010437119445,0.5508982035928144,False,False,37.060001373291016,767.0499877929688
e76d4e2fe5589314e84d228e,CLEAN_SHEET_R4_2026_V1,2026,2026-09-03T01:27:39.770127+00:00,2026-08-31,CPER,63,3M,3,-0.0066738692350311,0.6946107784431138,False,False,0.2974051896207584,0.7125748502994012,False,False,0.1968676295043985,0.6107784431137725,False,False,40.0,767.0499877929688
e0f427749b9b51a68568f1cd,CLEAN_SHEET_R4_2026_V1,2026,2026-09-03T01:27:39.770127+00:00,2026-08-31,CQQQ,63,3M,3,-0.0117442843731072,0.2694610778443114,False,False,0.0199600798403193,0.2754491017964072,False,False,0.2002189210385986,0.7065868263473054,False,False,49.13999938964844,767.0499877929688
2c5b11c7d3e5d75bac2baeec,CLEAN_SHEET_R4_2026_V1,2026,2026-09-03T01:27:39.770127+00:00,2026-08-31,DBEF,63,3M,3,-0.0098406059589764,0.4610778443113772,False,False,0.1596806387225549,0.5149700598802395,False,False,0.1864698519554775,0.2574850299401197,False,False,55.7400016784668,767.0499877929688
7618512eecc97535fe246256,CLEAN_SHEET_R4_2026_V1,2026,2026-09-03T01:27:39.770127+00:00,2026-08-31,DEM,63,3M,3,-0.010042932664631,0.4191616766467065,False,False,0.1197604790419161,0.4311377245508982,False,False,0.1929086698447315,0.5149700598802395,False,False,55.63999938964844,767.0499877929688
d2ffb4ae1cb9de00ac9ca7a1,CLEAN_SHEET_R4_2026_V1,2026,2026-09-03T01:27:39.770127+00:00,2026-08-31,DGS,63,3M,3,-0.0116284974586242,0.2874251497005988,False,False,0.0399201596806387,0.2934131736526946,False,False,0.1936198904612592,0.5269461077844312,False,False,64.2699966430664,767.0499877929688
2dd3691ba499e280995d6314,CLEAN_SHEET_R4_2026_V1,2026,2026-09-03T01:27:39.770127+00:00,2026-08-31,DIA,63,3M,3,-0.0112752774320315,0.3053892215568862,False,False,0.0998003992015968,0.3952095808383233,False,False,0.1827420202440323,0.1736526946107784,False,False,531.5700073242188,767.0499877929688
20a1c0c56ad83ca8d2515148,CLEAN_SHEET_R4_2026_V1,2026,2026-09-03T01:27:39.770127+00:00,2026-08-31,DXJ,63,3M,3,-0.0025983512792274,0.9520958083832336,True,True,0.5648702594810379,0.9520958083832336,True,True,0.1893288286834852,0.3592814371257485,False,False,179.61000061035156,767.0499877929688
dd444159c94480e8fb645c67,CLEAN_SHEET_R4_2026_V1,2026,2026-09-03T01:27:39.770127+00:00,2026-08-31,ECH,63,3M,3,-0.0081661076405971,0.6407185628742516,False,False,0.1377245508982036,0.467065868263473,False,False,0.2204553889273782,0.9161676646706588,True,True,40.5,767.0499877929688
b9c5b3f09fd3d34db28ef62e,CLEAN_SHEET_R4_2026_V1,2026,2026-09-03T01:27:39.770127+00:00,2026-08-31,EDEN,63,3M,3,-0.0134151525477217,0.1437125748502994,False,False,-0.155688622754491,0.0538922155688622,False,False,0.2200636920136164,0.9101796407185628,True,True,117.33000183105467,767.0499877929688
403f5ff3987b1080f3621b49,CLEAN_SHEET_R4_2026_V1,2026,2026-09-03T01:27:39.770127+00:00,2026-08-31,EEM,63,3M,3,-0.0043414965323607,0.8862275449101796,True,False,0.4231536926147705,0.874251497005988,True,False,0.2015563215401568,0.7305389221556886,False,False,67.0199966430664,767.0499877929688
949c2fccb2e16423f3159afc,CLEAN_SHEET_R4_2026_V1,2026,2026-09-03T01:27:39.770127+00:00,2026-08-31,EEMO,63,3M,3,-0.0082115439375647,0.6167664670658682,False,False,0.1696606786427146,0.5389221556886228,False,False,0.2085051481409865,0.844311377245509,True,False,22.18000030517578,767.0499877929688
3767ec1a5856b529266b5635,CLEAN_SHEET_R4_2026_V1,2026,2026-09-03T01:27:39.770127+00:00,2026-08-31,EEMV,63,3M,3,-0.0095307461798425,0.497005988023952,False,False,0.1397205588822355,0.4730538922155688,False,False,0.1981698134643378,0.6407185628742516,False,False,75.69000244140625,767.0499877929688
815b49c905bf9bfbd928c537,CLEAN_SHEET_R4_2026_V1,2026,2026-09-03T01:27:39.770127+00:00,2026-08-31,EFA,63,3M,3,-0.0091875397046154,0.562874251497006,False,False,0.1976047904191616,0.5958083832335329,False,False,0.1877957085546528,0.311377245508982,False,False,107.4499969482422,767.0499877929688
9e6d688c0840d89f4fb76aa8,CLEAN_SHEET_R4_2026_V1,2026,2026-09-03T01:27:39.770127+00:00,2026-08-31,EFAV,63,3M,3,-0.0144164065759444,0.0718562874251497,False,False,-0.0938123752495009,0.1197604790419161,False,False,0.1856219786757458,0.2335329341317365,False,False,94.12000274658205,767.0499877929688
38edeae996d68e93a5958234,CLEAN_SHEET_R4_2026_V1,2026,2026-09-03T01:27:39.770127+00:00,2026-08-31,EFG,63,3M,3,-0.0109004057078322,0.3413173652694611,False,False,0.0818363273453093,0.3772455089820359,False,False,0.1949622476576689,0.5748502994011976,False,False,124.37999725341795,767.0499877929688
c3f270825634864953c5b36d,CLEAN_SHEET_R4_2026_V1,2026,2026-09-03T01:27:39.770127+00:00,2026-08-31,EFNL,63,3M,3,-0.0036016921010321,0.9041916167664672,True,True,0.4610778443113772,0.9161676646706588,True,True,0.2039338429273129,0.7904191616766467,False,False,54.77999877929688,767.0499877929688
8ca046d7200a2fc8579310e3,CLEAN_SHEET_R4_2026_V1,2026,2026-09-03T01:27:39.770127+00:00,2026-08-31,EFV,63,3M,3,-0.0060571299800985,0.7544910179640718,False,False,0.405189620758483,0.8562874251497006,True,False,0.1792282333914278,0.1137724550898203,False,False,81.80999755859375,767.0499877929688
2c4b9318c5b27f6bb83e579c,CLEAN_SHEET_R4_2026_V1,2026,2026-09-03T01:27:39.770127+00:00,2026-08-31,EIDO,63,3M,3,-0.0086035573666236,0.5688622754491018,False,False,0.0718562874251497,0.3532934131736527,False,False,0.2393445080486524,0.940119760479042,True,True,12.729999542236328,767.0499877929688
90f6e168246f6ef82c8153d5,CLEAN_SHEET_R4_2026_V1,2026,2026-09-03T01:27:39.770127+00:00,2026-08-31,EIRL,63,3M,3,-0.0053696631873126,0.8023952095808383,True,False,0.4590818363273452,0.9101796407185628,True,True,0.1760876776728818,0.0838323353293413,False,False,82.98999786376953,767.0499877929688
8d63bed6e8d48d31cc4bc69b,CLEAN_SHEET_R4_2026_V1,2026,2026-09-03T01:27:39.770127+00:00,2026-08-31,EIS,63,3M,3,-0.003406370217285,0.9101796407185628,True,True,0.4690618762475049,0.9221556886227544,True,True,0.2046952580826391,0.8083832335329342,True,False,122.8000030517578,767.0499877929688
c4c54334f46389aa08fa1fcc,CLEAN_SHEET_R4_2026_V1,2026,2026-09-03T01:27:39.770127+00:00,2026-08-31,EMXC,63,3M,3,-0.0017186287043122,0.9880239520958084,True,True,0.5988023952095809,0.9760479041916168,True,True,0.193642281853552,0.5329341317365269,False,False,98.23999786376952,767.0499877929688
d27ec7eec3eaa33265456345,CLEAN_SHEET_R4_2026_V1,2026,2026-09-03T01:27:39.770127+00:00,2026-08-31,ENOR,63,3M,3,-0.003733024246891,0.8982035928143712,True,False,0.5049900199600799,0.9281437125748504,True,True,0.1872666154463585,0.2874251497005988,False,False,36.900001525878906,767.0499877929688
013a31951624fe15b8bd4d4d,CLEAN_SHEET_R4_2026_V1,2026,2026-09-03T01:27:39.770127+00:00,2026-08-31,ENZL,63,3M,3,-0.0149331784124208,0.059880239520958,False,False,-0.1976047904191616,0.029940119760479,False,False,0.2069491355670231,0.8263473053892215,True,False,48.119998931884766,767.0499877929688
d2f0aa204738f0a52d54abb0,CLEAN_SHEET_R4_2026_V1,2026,2026-09-03T01:27:39.770127+00:00,2026-08-31,EPHE,63,3M,3,-0.0176540172172167,0.0059880239520958,False,False,-0.2814371257485029,0.0059880239520958,False,False,0.1865443048474276,0.2694610778443114,False,False,23.75,767.0499877929688
269615299e6f3d63292101d4,CLEAN_SHEET_R4_2026_V1,2026,2026-09-03T01:27:39.770127+00:00,2026-08-31,EPOL,63,3M,3,-0.0064182116296934,0.7305389221556886,False,False,0.3313373253493014,0.7784431137724551,False,False,0.1909942800166714,0.4311377245508982,False,False,44.09999847412109,767.0499877929688
ae7526b5752cd0c3a43c3c7e,CLEAN_SHEET_R4_2026_V1,2026,2026-09-03T01:27:39.770127+00:00,2026-08-31,EPP,63,3M,3,-0.0112744780030965,0.311377245508982,False,False,0.0239520958083832,0.281437125748503,False,False,0.20238608768325,0.7664670658682635,False,False,57.790000915527344,767.0499877929688
6c158cfb284c590b4aa72322,CLEAN_SHEET_R4_2026_V1,2026,2026-09-03T01:27:39.770127+00:00,2026-08-31,EPU,63,3M,3,-0.0017538860438317,0.9820359281437124,True,True,0.6007984031936128,0.9850299401197604,True,True,0.1921535478480214,0.4910179640718562,False,False,91.55999755859376,767.0499877929688
20218bc4a145d0542c90a85b,CLEAN_SHEET_R4_2026_V1,2026,2026-09-03T01:27:39.770127+00:00,2026-08-31,EWA,63,3M,3,-0.0097156920649043,0.4790419161676646,False,False,0.0578842315369261,0.3233532934131736,False,False,0.2194119167831473,0.8982035928143712,True,False,30.020000457763672,767.0499877929688
fce626208e1b3de759110866,CLEAN_SHEET_R4_2026_V1,2026,2026-09-03T01:27:39.770127+00:00,2026-08-31,EWC,63,3M,3,-0.0102220929761995,0.4071856287425149,False,False,0.1636726546906187,0.5269461077844312,False,False,0.1784546493167164,0.1077844311377245,False,False,61.43000030517578,767.0499877929688
6a7ef132f1cb830a2ab9c996,CLEAN_SHEET_R4_2026_V1,2026,2026-09-03T01:27:39.770127+00:00,2026-08-31,EWD,63,3M,3,-0.0123122338363443,0.2514970059880239,False,False,-0.0658682634730539,0.1676646706586826,False,False,0.2112237685650652,0.8682634730538922,True,False,53.40999984741211,767.0499877929688
2795f1f72671670f40685994,CLEAN_SHEET_R4_2026_V1,2026,2026-09-03T01:27:39.770127+00:00,2026-08-31,EWG,63,3M,3,-0.0109927356260875,0.3233532934131736,False,False,0.0419161676646706,0.2994011976047904,False,False,0.2045514839914003,0.8023952095808383,True,False,44.22999954223633,767.0499877929688
e6ab0ab38e9a477f015700df,CLEAN_SHEET_R4_2026_V1,2026,2026-09-03T01:27:39.770127+00:00,2026-08-31,EWH,63,3M,3,-0.0132797181399631,0.1497005988023952,False,False,-0.0738522954091816,0.1497005988023952,False,False,0.1991919846300775,0.6646706586826348,False,False,22.90999984741211,767.0499877929688
5bcf1d2ebeeed76ef5a7f142,CLEAN_SHEET_R4_2026_V1,2026,2026-09-03T01:27:39.770127+00:00,2026-08-31,EWI,63,3M,3,-0.0099891693369228,0.437125748502994,False,False,0.219560878243513,0.6167664670658682,False,False,0.1675769063596578,0.0239520958083832,False,False,62.27999877929688,767.0499877929688
68c430ca8db730028caeb435,CLEAN_SHEET_R4_2026_V1,2026,2026-09-03T01:27:39.770127+00:00,2026-08-31,EWJ,63,3M,3,-0.0067393800874619,0.6826347305389222,False,False,0.343313373253493,0.7844311377245509,False,False,0.1859208664555669,0.2455089820359281,False,False,95.87999725341795,767.0499877929688
844b8f0dff833d6f66567ec5,CLEAN_SHEET_R4_2026_V1,2026,2026-09-03T01:27:39.770127+00:00,2026-08-31,EWL,63,3M,3,-0.0143281043852929,0.0778443113772455,False,False,-0.1037924151696606,0.1017964071856287,False,False,0.1890570310377318,0.3413173652694611,False,False,62.79999923706055,767.0499877929688
5370c7c3e3d78980b93cf60d,CLEAN_SHEET_R4_2026_V1,2026,2026-09-03T01:27:39.770127+00:00,2026-08-31,EWM,63,3M,3,-0.0125153757885111,0.2215568862275449,False,False,-0.0239520958083832,0.2095808383233532,False,False,0.1970077815768263,0.6167664670658682,False,False,28.38999938964844,767.0499877929688
c3193e00a3f0ff4c498a07ad,CLEAN_SHEET_R4_2026_V1,2026,2026-09-03T01:27:39.770127+00:00,2026-08-31,EWN,63,3M,3,-0.0056599138187218,0.7904191616766467,False,False,0.3473053892215569,0.7904191616766467,False,False,0.2005600886832245,0.7125748502994012,False,False,68.31999969482422,767.0499877929688
4df132de186f296f5def4e70,CLEAN_SHEET_R4_2026_V1,2026,2026-09-03T01:27:39.770127+00:00,2026-08-31,EWO,63,3M,3,-0.0071423646601957,0.6646706586826348,False,False,0.2934131736526946,0.7005988023952096,False,False,0.1893807440783363,0.3652694610778443,False,False,44.040000915527344,767.0499877929688
2e38e725040b43db878ad829,CLEAN_SHEET_R4_2026_V1,2026,2026-09-03T01:27:39.770127+00:00,2026-08-31,EWP,63,3M,3,-0.007410337333768,0.6586826347305389,False,False,0.2954091816367265,0.7065868263473054,False,False,0.1858728799310173,0.2395209580838323,False,False,62.400001525878906,767.0499877929688
857a40d19eaedc621ee051ab,CLEAN_SHEET_R4_2026_V1,2026,2026-09-03T01:27:39.770127+00:00,2026-08-31,EWQ,63,3M,3,-0.0141970885785807,0.0898203592814371,False,False,-0.1137724550898203,0.0898203592814371,False,False,0.1957135538760641,0.592814371257485,False,False,45.86000061035156,767.0499877929688
793f3ae5281e651f07f31aaa,CLEAN_SHEET_R4_2026_V1,2026,2026-09-03T01:27:39.770127+00:00,2026-08-31,EWS,63,3M,3,-0.0084323527588755,0.5748502994011976,False,False,0.251497005988024,0.6467065868263473,False,False,0.1824856331753805,0.155688622754491,False,False,34.16999816894531,767.0499877929688
21a1ba7b7b6ada0ef7c407ae,CLEAN_SHEET_R4_2026_V1,2026,2026-09-03T01:27:39.770127+00:00,2026-08-31,EWT,63,3M,3,-0.0019530115323815,0.9700598802395208,True,True,0.592814371257485,0.9700598802395208,True,True,0.1908185908303017,0.4251497005988024,False,False,108.02999877929688,767.0499877929688
4d628f925ac33fd0a4b88a0a,CLEAN_SHEET_R4_2026_V1,2026,2026-09-03T01:27:39.770127+00:00,2026-08-31,EWU,63,3M,3,-0.0106053694744666,0.3712574850299401,False,False,0.1037924151696606,0.4011976047904191,False,False,0.1907967986154023,0.4191616766467065,False,False,48.369998931884766,767.0499877929688
f69a701e446d910dedfd23c8,CLEAN_SHEET_R4_2026_V1,2026,2026-09-03T01:27:39.770127+00:00,2026-08-31,EWW,63,3M,3,-0.0099471280892654,0.4550898203592814,False,False,0.0698602794411177,0.3473053892215569,False,False,0.2102999681115658,0.8502994011976048,True,False,76.72000122070312,767.0499877929688
341359f641e776945a561217,CLEAN_SHEET_R4_2026_V1,2026,2026-09-03T01:27:39.770127+00:00,2026-08-31,EWY,63,3M,3,-0.0016056692956276,0.994011976047904,True,True,0.6107784431137725,0.994011976047904,True,True,0.1913519630645062,0.437125748502994,False,False,180.8600006103516,767.0499877929688
2cccc3ca308fd9bdaa7f4058,CLEAN_SHEET_R4_2026_V1,2026,2026-09-03T01:27:39.770127+00:00,2026-08-31,EWZ,63,3M,3,-0.0083739226072069,0.5868263473053892,False,False,0.0738522954091816,0.3592814371257485,False,False,0.2374031878188519,0.934131736526946,True,True,36.02999877929688,767.0499877929688
19eaddde0081060ea88fe636,CLEAN_SHEET_R4_2026_V1,2026,2026-09-03T01:27:39.770127+00:00,2026-08-31,EXI,63,3M,3,-0.0094507774379945,0.5149700598802395,False,False,0.2574850299401197,0.6616766467065869,False,False,0.1689374082241499,0.0359281437125748,False,False,197.8000030517578,767.0499877929688
c393a4194d852a1180a4936c,CLEAN_SHEET_R4_2026_V1,2026,2026-09-03T01:27:39.770127+00:00,2026-08-31,EZA,63,3M,3,-0.003184809419771,0.9161676646706588,True,True,0.3293413173652694,0.7724550898203593,False,False,0.2546184757676956,0.9700598802395208,True,True,70.5,767.0499877929688
50a8d4f06311501df5beb2ec,CLEAN_SHEET_R4_2026_V1,2026,2026-09-03T01:27:39.770127+00:00,2026-08-31,EZU,63,3M,3,-0.00946830598262,0.5089820359281437,False,False,0.1716566866267465,0.5449101796407185,False,False,0.1904911696487047,0.4131736526946107,False,False,70.45999908447266,767.0499877929688
e8b44cc3a584f6d97b91d39f,CLEAN_SHEET_R4_2026_V1,2026,2026-09-03T01:27:39.770127+00:00,2026-08-31,FDN,63,3M,3,-0.0065302201564651,0.7245508982035929,False,False,0.0638722554890219,0.3353293413173652,False,False,0.2802346519705136,0.9820359281437124,True,True,292.489990234375,767.0499877929688
189537acef8442d945a196b5,CLEAN_SHEET_R4_2026_V1,2026,2026-09-03T01:27:39.770127+00:00,2026-08-31,FEZ,63,3M,3,-0.0078069063438329,0.6526946107784432,False,False,0.2554890219560878,0.6526946107784432,False,False,0.1945447766738254,0.562874251497006,False,False,70.83999633789062,767.0499877929688
eea6cf6db17c641fce28e078,CLEAN_SHEET_R4_2026_V1,2026,2026-09-03T01:27:39.770127+00:00,2026-08-31,GLD,63,3M,3,-0.0095506778571966,0.4910179640718562,False,False,-0.0778443113772455,0.1437125748502994,False,False,0.2672446589670005,0.9760479041916168,True,True,408.4200134277344,767.0499877929688
7763fc634becf29c5104fe0f,CLEAN_SHEET_R4_2026_V1,2026,2026-09-03T01:27:39.770127+00:00,2026-08-31,GREK,63,3M,3,-0.003023425875742,0.9281437125748504,True,True,0.5688622754491018,0.9580838323353292,True,True,0.1816288290858931,0.1437125748502994,False,False,85.19000244140625,767.0499877929688
6a7a68c4799a798ca248181b,CLEAN_SHEET_R4_2026_V1,2026,2026-09-03T01:27:39.770127+00:00,2026-08-31,HEDJ,63,3M,3,-0.0109785434140538,0.3293413173652694,False,False,0.091816367265469,0.3892215568862275,False,False,0.1902964929745627,0.4011976047904191,False,False,57.27000045776367,767.0499877929688
8e48f8e455b5b7e2c57b6b18,CLEAN_SHEET_R4_2026_V1,2026,2026-09-03T01:27:39.770127+00:00,2026-08-31,HEEM,63,3M,3,-0.0028922130277927,0.934131736526946,True,True,0.5149700598802395,0.940119760479042,True,True,0.1993234033211187,0.6706586826347305,False,False,42.27999877929688,767.0499877929688
81a0aafede039b54d472f2d3,CLEAN_SHEET_R4_2026_V1,2026,2026-09-03T01:27:39.770127+00:00,2026-08-31,HEFA,63,3M,3,-0.0106341308188719,0.3652694610778443,False,False,0.1097804391217565,0.4191616766467065,False,False,0.1866963393516528,0.2754491017964072,False,False,47.22999954223633,767.0499877929688
9d85ab15b5569851c8d2aa51,CLEAN_SHEET_R4_2026_V1,2026,2026-09-03T01:27:39.770127+00:00,2026-08-31,IBB,63,3M,3,-0.0060843702099611,0.7485029940119761,False,False,0.313373253493014,0.7305389221556886,False,False,0.2016011421222037,0.7365269461077845,False,False,209.0500030517578,767.0499877929688
b69c031c8912090ea991c469,CLEAN_SHEET_R4_2026_V1,2026,2026-09-03T01:27:39.770127+00:00,2026-08-31,IEFA,63,3M,3,-0.0093036113230906,0.5449101796407185,False,False,0.1996007984031936,0.6047904191616766,False,False,0.1854567982102866,0.2275449101796407,False,False,100.26000213623048,767.0499877929688
35e32205625dd1a32e222dd3,CLEAN_SHEET_R4_2026_V1,2026,2026-09-03T01:27:39.770127+00:00,2026-08-31,IEMG,63,3M,3,-0.0050011938973229,0.8383233532934131,True,False,0.3772455089820359,0.8083832335329342,True,False,0.2038742729808469,0.7844311377245509,False,False,81.7300033569336,767.0499877929688
628e692b1ac9d680b54561e5,CLEAN_SHEET_R4_2026_V1,2026,2026-09-03T01:27:39.770127+00:00,2026-08-31,IEUR,63,3M,3,-0.0130330808248505,0.1796407185628742,False,False,-0.031936127744511,0.2035928143712574,False,False,0.1890465592137527,0.3353293413173652,False,False,77.5,767.0499877929688
1b4a518cfb3e657d63afb96c,CLEAN_SHEET_R4_2026_V1,2026,2026-09-03T01:27:39.770127+00:00,2026-08-31,IGV,63,3M,3,-0.0027173614188751,0.940119760479042,True,True,0.1357285429141716,0.4550898203592814,False,False,0.3368775987555307,1.0,True,True,109.9800033569336,767.0499877929688
33c10e4d0c24405668780d2a,CLEAN_SHEET_R4_2026_V1,2026,2026-09-03T01:27:39.770127+00:00,2026-08-31,IHF,63,3M,3,-0.0058611261008535,0.7664670658682635,False,False,0.1736526946107784,0.5508982035928144,False,False,0.2524642471301843,0.9640718562874252,True,True,56.709999084472656,767.0499877929688
789dc1a11a5663b8f6314da8,CLEAN_SHEET_R4_2026_V1,2026,2026-09-03T01:27:39.770127+00:00,2026-08-31,IHI,63,3M,3,-0.0130365233268926,0.1736526946107784,False,False,-0.1317365269461078,0.0748502994011976,False,False,0.2215979614759128,0.9281437125748504,True,True,54.970001220703125,767.0499877929688
2ba7f2ebdcf581699a4bfd39,CLEAN_SHEET_R4_2026_V1,2026,2026-09-03T01:27:39.770127+00:00,2026-08-31,IJR,63,3M,3,-0.0059616720344753,0.7604790419161677,False,False,0.4251497005988024,0.8802395209580839,True,False,0.1753116361629901,0.0718562874251497,False,False,144.52000427246094,767.0499877929688
86ee9f70a382d56d6c5ae542,CLEAN_SHEET_R4_2026_V1,2026,2026-09-03T01:27:39.770127+00:00,2026-08-31,ILF,63,3M,3,-0.0082435539518066,0.6107784431137725,False,False,0.1616766467065867,0.5209580838323353,False,False,0.2109481408978877,0.8562874251497006,True,False,34.900001525878906,767.0499877929688
0904aebf0d9cf2e2fb548339,CLEAN_SHEET_R4_2026_V1,2026,2026-09-03T01:27:39.770127+00:00,2026-08-31,IMTM,63,3M,3,-0.0100125802249777,0.4251497005988024,False,False,0.1976047904191616,0.5958083832335329,False,False,0.1756147599794858,0.0778443113772455,False,False,53.2599983215332,767.0499877929688
3655e18881bcd73c1378eb6a,CLEAN_SHEET_R4_2026_V1,2026,2026-09-03T01:27:39.770127+00:00,2026-08-31,INDA,63,3M,3,-0.0127926403278414,0.1976047904191616,False,False,-0.0459081836327345,0.1916167664670658,False,False,0.2013458547855073,0.7245508982035929,False,False,49.70000076293945,767.0499877929688
2a5ceb41142c2b5e59f87865,CLEAN_SHEET_R4_2026_V1,2026,2026-09-03T01:27:39.770127+00:00,2026-08-31,IOO,63,3M,3,-0.0103902446107893,0.3892215568862275,False,False,0.0658682634730538,0.3413173652694611,False,False,0.2037773360830409,0.7784431137724551,False,False,144.14999389648438,767.0499877929688
d705aff80c4e3c8184c3693f,CLEAN_SHEET_R4_2026_V1,2026,2026-09-03T01:27:39.770127+00:00,2026-08-31,IQLT,63,3M,3,-0.0093986481046757,0.5269461077844312,False,False,0.18562874251497,0.5778443113772455,False,False,0.1873270395531498,0.2934131736526946,False,False,51.470001220703125,767.0499877929688
3017d4d0f485fe2e8f019145,CLEAN_SHEET_R4_2026_V1,2026,2026-09-03T01:27:39.770127+00:00,2026-08-31,ITA,63,3M,3,-0.0128595470987558,0.18562874251497,False,False,0.0259481037924151,0.2874251497005988,False,False,0.1778637613664722,0.0958083832335329,False,False,228.3500061035156,767.0499877929688
c54cb93ee5984131fcb855dd,CLEAN_SHEET_R4_2026_V1,2026,2026-09-03T01:27:39.770127+00:00,2026-08-31,ITB,63,3M,3,-0.0131539348362506,0.1616766467065868,False,False,-0.0698602794411177,0.155688622754491,False,False,0.2018362970094619,0.7485029940119761,False,False,94.69000244140624,767.0499877929688
e44c6ed94a7d3c29dc3fe9a3,CLEAN_SHEET_R4_2026_V1,2026,2026-09-03T01:27:39.770127+00:00,2026-08-31,ITOT,63,3M,3,-0.0116745790424312,0.2754491017964072,False,False,0.0159680638722554,0.2694610778443114,False,False,0.1983591498541968,0.6467065868263473,False,False,167.9199981689453,767.0499877929688
002aa452d307416e9a6d8558,CLEAN_SHEET_R4_2026_V1,2026,2026-09-03T01:27:39.770127+00:00,2026-08-31,IWB,63,3M,3,-0.0122531918974636,0.2574850299401197,False,False,-0.0219560878243512,0.2215568862275449,False,False,0.1997153478642451,0.688622754491018,False,False,419.8800048828125,767.0499877929688
852d59d247a2fdc76a84d9b8,CLEAN_SHEET_R4_2026_V1,2026,2026-09-03T01:27:39.770127+00:00,2026-08-31,IWD,63,3M,3,-0.0058585910616694,0.7724550898203593,False,False,0.439121756487026,0.8922155688622755,True,False,0.1730134865151752,0.0479041916167664,False,False,256.9100036621094,767.0499877929688
a14c1d42936f4fd36e47cbb7,CLEAN_SHEET_R4_2026_V1,2026,2026-09-03T01:27:39.770127+00:00,2026-08-31,IWF,63,3M,3,-0.0094772512186356,0.5029940119760479,False,False,0.0778443113772455,0.3652694610778443,False,False,0.2206895936481515,0.9221556886227544,True,True,122.70999908447266,767.0499877929688
54cf2a02931c6a44cb3b9d47,CLEAN_SHEET_R4_2026_V1,2026,2026-09-03T01:27:39.770127+00:00,2026-08-31,IWM,63,3M,3,-0.0065946967130867,0.7065868263473054,False,False,0.3612774451097805,0.8023952095808383,True,False,0.1827944219045211,0.1796407185628742,False,False,293.92999267578125,767.0499877929688
6283d3a8f5eec47b0f8a4f40,CLEAN_SHEET_R4_2026_V1,2026,2026-09-03T01:27:39.770127+00:00,2026-08-31,IXC,63,3M,3,-0.0024381516195128,0.9580838323353292,True,True,0.5788423153692616,0.9640718562874252,True,True,0.1876890910136076,0.3053892215568862,False,False,58.18000030517578,767.0499877929688
6e358bad9bc6d513705d53fd,CLEAN_SHEET_R4_2026_V1,2026,2026-09-03T01:27:39.770127+00:00,2026-08-31,IXG,63,3M,3,-0.0115804293525363,0.2934131736526946,False,False,0.0838323353293412,0.3832335329341317,False,False,0.1793865269090128,0.1257485029940119,False,False,134.2100067138672,767.0499877929688
e858522925b820341c0d9ff3,CLEAN_SHEET_R4_2026_V1,2026,2026-09-03T01:27:39.770127+00:00,2026-08-31,IXJ,63,3M,3,-0.0083161902686135,0.6047904191616766,False,False,0.1417165668662674,0.4790419161676646,False,False,0.2194747751043297,0.9041916167664672,True,True,104.23999786376952,767.0499877929688
7340d17258d8a6b13310d871,CLEAN_SHEET_R4_2026_V1,2026,2026-09-03T01:27:39.770127+00:00,2026-08-31,IXN,63,3M,3,-0.0060955266109726,0.7425149700598802,False,False,0.3273453093812375,0.7664670658682635,False,False,0.1973699415147149,0.6227544910179641,False,False,141.1300048828125,767.0499877929688
85f9acea2f1ddeca1e144b13,CLEAN_SHEET_R4_2026_V1,2026,2026-09-03T01:27:39.770127+00:00,2026-08-31,IXP,63,3M,3,-0.0153299431191637,0.0359281437125748,False,False,-0.1696606786427145,0.0479041916167664,False,False,0.1938938022501306,0.5568862275449101,False,False,116.56999969482422,767.0499877929688
3ae92f6a3aedcba411e2d3c2,CLEAN_SHEET_R4_2026_V1,2026,2026-09-03T01:27:39.770127+00:00,2026-08-31,IXUS,63,3M,3,-0.0108343688664719,0.3473053892215569,False,False,0.0818363273453093,0.3712574850299401,False,False,0.1916200696315899,0.467065868263473,False,False,97.41999816894533,767.0499877929688
efad753074a49d16e479bb26,CLEAN_SHEET_R4_2026_V1,2026,2026-09-03T01:27:39.770127+00:00,2026-08-31,IYG,63,3M,3,-0.0099819656093057,0.4431137724550898,False,False,0.0538922155688622,0.3143712574850299,False,False,0.2173152323976956,0.8862275449101796,True,False,97.3000030517578,767.0499877929688
b635ef767e17d7eaa7f73375,CLEAN_SHEET_R4_2026_V1,2026,2026-09-03T01:27:39.770127+00:00,2026-08-31,IYJ,63,3M,3,-0.0106890573673936,0.3592814371257485,False,False,0.1377245508982035,0.4610778443113772,False,False,0.1826481253103971,0.1676646706586826,False,False,161.1999969482422,767.0499877929688
fbd6298012681d50a1f1bd1f,CLEAN_SHEET_R4_2026_V1,2026,2026-09-03T01:27:39.770127+00:00,2026-08-31,IYK,63,3M,3,-0.0119607906822498,0.2634730538922156,False,False,0.0538922155688622,0.3143712574850299,False,False,0.1853773149737435,0.2215568862275449,False,False,74.66000366210938,767.0499877929688
f727db75069285ec2b1dbb5d,CLEAN_SHEET_R4_2026_V1,2026,2026-09-03T01:27:39.770127+00:00,2026-08-31,IYT,63,3M,3,-0.0070567435958688,0.6706586826347305,False,False,0.3792415169660678,0.8143712574850299,True,False,0.1719608707946238,0.0419161676646706,False,False,85.13999938964844,767.0499877929688
5c88dc2385344fa89610bb3f,CLEAN_SHEET_R4_2026_V1,2026,2026-09-03T01:27:39.770127+00:00,2026-08-31,IYW,63,3M,3,-0.0046989716183899,0.8682634730538922,True,False,0.3932135728542913,0.8203592814371258,True,False,0.2031680057490764,0.7724550898203593,False,False,251.27999877929688,767.0499877929688
02cb9c51e64d545d8979386d,CLEAN_SHEET_R4_2026_V1,2026,2026-09-03T01:27:39.770127+00:00,2026-08-31,IYZ,63,3M,3,-0.0050689429963135,0.8323353293413174,True,False,0.4371257485029939,0.8862275449101796,True,False,0.1844938771693801,0.1916167664670658,False,False,43.119998931884766,767.0499877929688
f3ecf786b44e973ee352f96d,CLEAN_SHEET_R4_2026_V1,2026,2026-09-03T01:27:39.770127+00:00,2026-08-31,JXI,63,3M,3,-0.0137930488189564,0.1137724550898203,False,False,-0.1017964071856287,0.1107784431137724,False,False,0.1993964593267358,0.6826347305389222,False,False,80.91000366210938,767.0499877929688
6eba77a69b60fdb660c50e2c,CLEAN_SHEET_R4_2026_V1,2026,2026-09-03T01:27:39.770127+00:00,2026-08-31,KBA,63,3M,3,-0.0109109597211457,0.3353293413173652,False,False,0.0638722554890219,0.3293413173652694,False,False,0.1993878096963947,0.6766467065868264,False,False,32.91999816894531,767.0499877929688
a95757b2d7d2534f1fc26cf1,CLEAN_SHEET_R4_2026_V1,2026,2026-09-03T01:27:39.770127+00:00,2026-08-31,KBE,63,3M,3,-0.0094422962651583,0.5209580838323353,False,False,0.2574850299401197,0.6616766467065869,False,False,0.1668183083788656,0.0179640718562874,False,False,67.80999755859375,767.0499877929688
e4385d2ead85677f47e0c479,CLEAN_SHEET_R4_2026_V1,2026,2026-09-03T01:27:39.770127+00:00,2026-08-31,KIE,63,3M,3,-0.0124965073530028,0.2335329341317365,False,False,0.0019960079840319,0.2335329341317365,False,False,0.1902499721011259,0.3952095808383233,False,False,63.150001525878906,767.0499877929688
c05645a43b8bbdd717fb96ec,CLEAN_SHEET_R4_2026_V1,2026,2026-09-03T01:27:39.770127+00:00,2026-08-31,KRE,63,3M,3,-0.0083844672210063,0.5808383233532934,False,False,0.3093812375249501,0.7245508982035929,False,False,0.1684568154142736,0.029940119760479,False,False,73.55999755859375,767.0499877929688
e33d47f88bca6857c356fe57,CLEAN_SHEET_R4_2026_V1,2026,2026-09-03T01:27:39.770127+00:00,2026-08-31,KSA,63,3M,3,-0.0130608674148104,0.1676646706586826,False,False,-0.0578842315369261,0.1796407185628742,False,False,0.2000088930636684,0.6946107784431138,False,False,38.79999923706055,767.0499877929688
7da0ec551b0341a0e31e197b,CLEAN_SHEET_R4_2026_V1,2026,2026-09-03T01:27:39.770127+00:00,2026-08-31,KWEB,63,3M,3,-0.0146886627350761,0.0658682634730539,False,False,-0.1796407185628742,0.0419161676646706,False,False,0.2077296990582706,0.8323353293413174,True,False,25.809999465942383,767.0499877929688
610c5c865dde2274965085d8,CLEAN_SHEET_R4_2026_V1,2026,2026-09-03T01:27:39.770127+00:00,2026-08-31,KXI,63,3M,3,-0.0159470606389933,0.0239520958083832,False,False,-0.1956087824351297,0.0359281437125748,False,False,0.189961183783686,0.3892215568862275,False,False,68.3499984741211,767.0499877929688
5c14774d0b85df9ef7c49561,CLEAN_SHEET_R4_2026_V1,2026,2026-09-03T01:27:39.770127+00:00,2026-08-31,MCHI,63,3M,3,-0.0135428794745739,0.1377245508982036,False,False,-0.091816367265469,0.1287425149700598,False,False,0.2020559667483064,0.7604790419161677,False,False,54.720001220703125,767.0499877929688
f426fb46cc07353f310f41c1,CLEAN_SHEET_R4_2026_V1,2026,2026-09-03T01:27:39.770127+00:00,2026-08-31,MDY,63,3M,3,-0.010245263923876,0.4011976047904191,False,False,0.18562874251497,0.5778443113772455,False,False,0.1745381093769761,0.0538922155688622,False,False,687.1300048828125,767.0499877929688
e47384e8e4340d3c872adda3,CLEAN_SHEET_R4_2026_V1,2026,2026-09-03T01:27:39.770127+00:00,2026-08-31,MTUM,63,3M,3,-0.005608780955575,0.7964071856287425,False,False,0.3952095808383233,0.8263473053892215,True,False,0.1891562440572649,0.3473053892215569,False,False,300.3599853515625,767.0499877929688
858f0b702046840f332c88f2,CLEAN_SHEET_R4_2026_V1,2026,2026-09-03T01:27:39.770127+00:00,2026-08-31,MXI,63,3M,3,-0.0093941056521291,0.5329341317365269,False,False,0.1816367265469061,0.562874251497006,False,False,0.1853155079709906,0.2155688622754491,False,False,115.4499969482422,767.0499877929688
637a0452f1a57a99c5ccce86,CLEAN_SHEET_R4_2026_V1,2026,2026-09-03T01:27:39.770127+00:00,2026-08-31,OIH,63,3M,3,-0.0031378715547832,0.9221556886227544,True,True,0.5129740518962076,0.934131736526946,True,True,0.1936647135063995,0.5389221556886228,False,False,429.1799926757813,767.0499877929688
32a00a8ef915a4d120815971,CLEAN_SHEET_R4_2026_V1,2026,2026-09-03T01:27:39.770127+00:00,2026-08-31,PAVE,63,3M,3,-0.0097867233333585,0.4730538922155688,False,False,0.2694610778443114,0.6826347305389222,False,False,0.1606188004016266,0.0119760479041916,False,False,54.70000076293945,767.0499877929688
73d7b9718931332438fc6052,CLEAN_SHEET_R4_2026_V1,2026,2026-09-03T01:27:39.770127+00:00,2026-08-31,PBJ,63,3M,3,-0.0156800654089842,0.029940119760479,False,False,-0.2135728542914171,0.0179640718562874,False,False,0.1990309363088135,0.6586826347305389,False,False,47.70000076293945,767.0499877929688
c665eb98413e77216a49c8d7,CLEAN_SHEET_R4_2026_V1,2026,2026-09-03T01:27:39.770127+00:00,2026-08-31,PEJ,63,3M,3,-0.0140985790043581,0.0958083832335329,False,False,-0.0359281437125748,0.1976047904191616,False,False,0.1745589527425599,0.059880239520958,False,False,65.37000274658203,767.0499877929688
1686b641d8830dd568bdec3b,CLEAN_SHEET_R4_2026_V1,2026,2026-09-03T01:27:39.770127+00:00,2026-08-31,QAT,63,3M,3,-0.0123962697035726,0.2455089820359281,False,False,0.0139720558882235,0.2604790419161676,False,False,0.1914885794464538,0.4431137724550898,False,False,17.40999984741211,767.0499877929688
ae070a484031e021220130e5,CLEAN_SHEET_R4_2026_V1,2026,2026-09-03T01:27:39.770127+00:00,2026-08-31,QQQ,63,3M,3,-0.0068804378716627,0.6766467065868264,False,False,0.2335329341317365,0.6227544910179641,False,False,0.2157364622898053,0.8802395209580839,True,False,716.760009765625,767.0499877929688
1d384e215e34557fb094c3f6,CLEAN_SHEET_R4_2026_V1,2026,2026-09-03T01:27:39.770127+00:00,2026-08-31,QUAL,63,3M,3,-0.0105728348158541,0.3772455089820359,False,False,0.1337325349301397,0.4491017964071856,False,False,0.1845316508680712,0.1976047904191616,False,False,222.6199951171875,767.0499877929688
6c6ca382b2a16680af662f91,CLEAN_SHEET_R4_2026_V1,2026,2026-09-03T01:27:39.770127+00:00,2026-08-31,REET,63,3M,3,-0.0151486037976676,0.0479041916167664,False,False,-0.1317365269461078,0.0748502994011976,False,False,0.1845916187394437,0.2035928143712574,False,False,27.5,767.0499877929688
42759f09a4f91f0130d5e3ce,CLEAN_SHEET_R4_2026_V1,2026,2026-09-03T01:27:39.770127+00:00,2026-08-31,REM,63,3M,3,-0.0142016455041456,0.0838323353293413,False,False,-0.0798403193612774,0.1377245508982036,False,False,0.1871165621799922,0.281437125748503,False,False,21.700000762939453,767.0499877929688
8263fb2bc67f4ccd3968db29,CLEAN_SHEET_R4_2026_V1,2026,2026-09-03T01:27:39.770127+00:00,2026-08-31,REMX,63,3M,3,-0.0047640245981239,0.8562874251497006,True,False,0.1497005988023952,0.4910179640718562,False,False,0.285065730085457,0.9880239520958084,True,True,77.5199966430664,767.0499877929688
5c82474c2bee71991bbd07ce,CLEAN_SHEET_R4_2026_V1,2026,2026-09-03T01:27:39.770127+00:00,2026-08-31,REZ,63,3M,3,-0.015228019469022,0.0419161676646706,False,False,-0.1097804391217565,0.0958083832335329,False,False,0.1764193532722645,0.0898203592814371,False,False,93.7699966430664,767.0499877929688
1cb455810ec0ba5ff8482ffe,CLEAN_SHEET_R4_2026_V1,2026,2026-09-03T01:27:39.770127+00:00,2026-08-31,RSP,63,3M,3,-0.0092958992885938,0.5568862275449101,False,False,0.2395209580838323,0.6287425149700598,False,False,0.1751458646725052,0.0658682634730539,False,False,219.38999938964844,767.0499877929688
8ed18c60f346b267e87ce78b,CLEAN_SHEET_R4_2026_V1,2026,2026-09-03T01:27:39.770127+00:00,2026-08-31,RWO,63,3M,3,-0.0113460939771988,0.2994011976047904,False,False,0.1077844311377245,0.4101796407185629,False,False,0.1807431718529497,0.1377245508982036,False,False,49.470001220703125,767.0499877929688
eac576f8413b24ee17afd4d1,CLEAN_SHEET_R4_2026_V1,2026,2026-09-03T01:27:39.770127+00:00,2026-08-31,RXI,63,3M,3,-0.0162805396114059,0.0119760479041916,False,False,-0.2534930139720558,0.0119760479041916,False,False,0.2010809626347814,0.718562874251497,False,False,198.4600067138672,767.0499877929688
b0a6beea50859bf90bf9d0c4,CLEAN_SHEET_R4_2026_V1,2026,2026-09-03T01:27:39.770127+00:00,2026-08-31,SCHD,63,3M,3,-0.0081164484392611,0.6467065868263473,False,False,0.2654690618762475,0.6766467065868264,False,False,0.1826089179877319,0.1616766467065868,False,False,34.88999938964844,767.0499877929688
1cbb98a097d6cee916faf9ea,CLEAN_SHEET_R4_2026_V1,2026,2026-09-03T01:27:39.770127+00:00,2026-08-31,SCHY,63,3M,3,-0.0108205978184763,0.3532934131736527,False,False,0.1257485029940119,0.4431137724550898,False,False,0.1801999719220309,0.1317365269461078,False,False,33.220001220703125,767.0499877929688
991930fe44737b4a5b8a5a08,CLEAN_SHEET_R4_2026_V1,2026,2026-09-03T01:27:39.770127+00:00,2026-08-31,SCZ,63,3M,3,-0.0081737194037929,0.6347305389221557,False,False,0.2435129740518961,0.6347305389221557,False,False,0.1922639421106111,0.5029940119760479,False,False,86.80000305175781,767.0499877929688
72e41c6d02f84fee4b965930,CLEAN_SHEET_R4_2026_V1,2026,2026-09-03T01:27:39.770127+00:00,2026-08-31,SKYY,63,3M,3,-0.0043067764457576,0.8922155688622755,True,False,0.2754491017964072,0.688622754491018,False,False,0.2472420780913135,0.9520958083832336,True,True,165.33999633789062,767.0499877929688
1f6f76e24bbb1f77a723decd,CLEAN_SHEET_R4_2026_V1,2026,2026-09-03T01:27:39.770127+00:00,2026-08-31,SLV,63,3M,3,-0.0048967572160569,0.8502994011976048,True,False,0.3253493013972056,0.7544910179640718,False,False,0.2188871592477613,0.8922155688622755,True,False,60.130001068115234,767.0499877929688
e6adf3e397d4005dedb2ac9a,CLEAN_SHEET_R4_2026_V1,2026,2026-09-03T01:27:39.770127+00:00,2026-08-31,SMH,63,3M,3,-0.0012247688485252,1.0,True,True,0.6327345309381237,1.0,True,True,0.1917054299079809,0.4730538922155688,False,False,556.6300048828125,767.0499877929688
6bd85327ef9d101dd0cd666d,CLEAN_SHEET_R4_2026_V1,2026,2026-09-03T01:27:39.770127+00:00,2026-08-31,SOXX,63,3M,3,-0.001769537444658,0.9760479041916168,True,True,0.6007984031936128,0.9850299401197604,True,True,0.1914973949397487,0.4491017964071856,False,False,511.0400085449219,767.0499877929688
2118143db06c49acc0822d84,CLEAN_SHEET_R4_2026_V1,2026,2026-09-03T01:27:39.770127+00:00,2026-08-31,SPGM,63,3M,3,-0.0065317747706348,0.718562874251497,False,False,0.3273453093812374,0.7604790419161677,False,False,0.195059894591421,0.5868263473053892,False,False,87.44000244140625,767.0499877929688
0706dc5c23c5f99f359e4ae9,CLEAN_SHEET_R4_2026_V1,2026,2026-09-03T01:27:39.770127+00:00,2026-08-31,SPY,63,3M,3,-0.0099473409480797,0.4491017964071856,False,False,0.1197604790419161,0.437125748502994,False,False,0.198118797570712,0.6347305389221557,False,False,767.0499877929688,767.0499877929688
fdcb56bf8f59264bcedd9c08,CLEAN_SHEET_R4_2026_V1,2026,2026-09-03T01:27:39.770127+00:00,2026-08-31,THD,63,3M,3,-0.0051431577998227,0.8203592814371258,True,False,0.4570858283433134,0.9041916167664672,True,True,0.1793004320778228,0.1197604790419161,False,False,72.37000274658203,767.0499877929688
a22a2bf8ad35342956f96821,CLEAN_SHEET_R4_2026_V1,2026,2026-09-03T01:27:39.770127+00:00,2026-08-31,TUR,63,3M,3,-0.0050926241153423,0.8263473053892215,True,False,0.407185628742515,0.8622754491017964,True,False,0.1949818288210234,0.5808383233532934,False,False,40.33000183105469,767.0499877929688
3ea1590a1a8d354bf6ce8d2c,CLEAN_SHEET_R4_2026_V1,2026,2026-09-03T01:27:39.770127+00:00,2026-08-31,UAE,63,3M,3,-0.0136105363572188,0.1257485029940119,False,False,-0.1157684630738523,0.0838323353293413,False,False,0.206230934421874,0.8203592814371258,True,False,19.450000762939453,767.0499877929688
6680e8836eed1b72a5d0363b,CLEAN_SHEET_R4_2026_V1,2026,2026-09-03T01:27:39.770127+00:00,2026-08-31,URA,63,3M,3,-0.0116603230401748,0.281437125748503,False,False,-0.1357285429141716,0.059880239520958,False,False,0.2473781366592397,0.9580838323353292,True,True,45.5099983215332,767.0499877929688
103034f1d57ed0ae404ff31a,CLEAN_SHEET_R4_2026_V1,2026,2026-09-03T01:27:39.770127+00:00,2026-08-31,URTH,63,3M,3,-0.0098338410774473,0.467065868263473,False,False,0.1477045908183633,0.4850299401197604,False,False,0.1921360609054776,0.4850299401197604,False,False,208.82000732421875,767.0499877929688
2781b7113e338b6755c34cfb,CLEAN_SHEET_R4_2026_V1,2026,2026-09-03T01:27:39.770127+00:00,2026-08-31,USMV,63,3M,3,-0.013578031989202,0.1317365269461078,False,False,-0.0499001996007983,0.18562874251497,False,False,0.1883578134277365,0.3233532934131736,False,False,101.5199966430664,767.0499877929688
c23ad823aeb3bcf9eb7fa2cd,CLEAN_SHEET_R4_2026_V1,2026,2026-09-03T01:27:39.770127+00:00,2026-08-31,VEA,63,3M,3,-0.0083165671889514,0.5988023952095808,False,False,0.2475049900199601,0.6407185628742516,False,False,0.1861070942413467,0.2514970059880239,False,False,72.91999816894531,767.0499877929688
cdc7c028024e8ba78e7e61a1,CLEAN_SHEET_R4_2026_V1,2026,2026-09-03T01:27:39.770127+00:00,2026-08-31,VEU,63,3M,3,-0.0093574510495672,0.5389221556886228,False,False,0.1776447105788423,0.5568862275449101,False,False,0.1892693004972082,0.3532934131736527,False,False,85.25,767.0499877929688
78c83f78616442a75763ca76,CLEAN_SHEET_R4_2026_V1,2026,2026-09-03T01:27:39.770127+00:00,2026-08-31,VGK,63,3M,3,-0.0099948975382565,0.4311377245508982,False,False,0.1516966067864271,0.497005988023952,False,False,0.1876662285046326,0.2994011976047904,False,False,91.66000366210938,767.0499877929688
44637cf897866414d94171de,CLEAN_SHEET_R4_2026_V1,2026,2026-09-03T01:27:39.770127+00:00,2026-08-31,VNM,63,3M,3,-0.0136868556363598,0.1197604790419161,False,False,-0.1017964071856287,0.1107784431137724,False,False,0.2016672383986051,0.7425149700598802,False,False,18.059999465942383,767.0499877929688
b24f55b4fdf7b2181864dc91,CLEAN_SHEET_R4_2026_V1,2026,2026-09-03T01:27:39.770127+00:00,2026-08-31,VNQ,63,3M,3,-0.0139744487216437,0.1017964071856287,False,False,-0.0678642714570858,0.1616766467065868,False,False,0.1864761620689844,0.2634730538922156,False,False,96.44000244140624,767.0499877929688
011d49639d313b8229a14066,CLEAN_SHEET_R4_2026_V1,2026,2026-09-03T01:27:39.770127+00:00,2026-08-31,VPL,63,3M,3,-0.0047596697873002,0.8622754491017964,True,False,0.4431137724550898,0.8982035928143712,True,False,0.1881145304437426,0.3173652694610778,False,False,115.4499969482422,767.0499877929688
5c200f7ab8c32a0ffbf16cdc,CLEAN_SHEET_R4_2026_V1,2026,2026-09-03T01:27:39.770127+00:00,2026-08-31,VSS,63,3M,3,-0.0132218922404651,0.155688622754491,False,False,-0.0658682634730539,0.1736526946107784,False,False,0.1963448472439746,0.6047904191616766,False,False,160.10000610351562,767.0499877929688
2839a0a4d207831f05c3ddb8,CLEAN_SHEET_R4_2026_V1,2026,2026-09-03T01:27:39.770127+00:00,2026-08-31,VT,63,3M,3,-0.0093017309702599,0.5508982035928144,False,False,0.155688622754491,0.5029940119760479,False,False,0.1978006664910963,0.6287425149700598,False,False,160.5500030517578,767.0499877929688
725ab7f6612c1f46bd7f2c00,CLEAN_SHEET_R4_2026_V1,2026,2026-09-03T01:27:39.770127+00:00,2026-08-31,VWO,63,3M,3,-0.0105391843891599,0.3832335329341317,False,False,0.0538922155688622,0.3053892215568862,False,False,0.2079259671319356,0.8383233532934131,True,False,60.52000045776367,767.0499877929688
5431dcfedf3125aa6f438f4c,CLEAN_SHEET_R4_2026_V1,2026,2026-09-03T01:27:39.770127+00:00,2026-08-31,VXUS,63,3M,3,-0.0096399164567427,0.4850299401197604,False,False,0.1576846307385229,0.5089820359281437,False,False,0.1903218899674316,0.4071856287425149,False,False,87.31999969482422,767.0499877929688
b3cc7bb7113757b453b58864,CLEAN_SHEET_R4_2026_V1,2026,2026-09-03T01:27:39.770127+00:00,2026-08-31,VYMI,63,3M,3,-0.008173853174721,0.6287425149700598,False,False,0.2634730538922156,0.6706586826347305,False,False,0.1831203893862196,0.18562874251497,False,False,105.16999816894533,767.0499877929688
6232ba363b136c6d2fa383ca,CLEAN_SHEET_R4_2026_V1,2026,2026-09-03T01:27:39.770127+00:00,2026-08-31,XAR,63,3M,3,-0.0124509504135665,0.2395209580838323,False,False,0.0039920159680638,0.2395209580838323,False,False,0.1896781168108532,0.3772455089820359,False,False,256.5199890136719,767.0499877929688
73295a5b25e9b5d337044cba,CLEAN_SHEET_R4_2026_V1,2026,2026-09-03T01:27:39.770127+00:00,2026-08-31,XBI,63,3M,3,-0.0049461941590643,0.844311377245509,True,False,0.4011976047904191,0.8413173652694611,True,False,0.1948146164077022,0.5688622754491018,False,False,162.5,767.0499877929688
2a9c5e031be003acf4a7844e,CLEAN_SHEET_R4_2026_V1,2026,2026-09-03T01:27:39.770127+00:00,2026-08-31,XHB,63,3M,3,-0.0126544832391759,0.2095808383233532,False,False,0.0039920159680638,0.2455089820359281,False,False,0.1894945293578647,0.3712574850299401,False,False,102.80999755859376,767.0499877929688
570ae65af08ed17d7d62a5c9,CLEAN_SHEET_R4_2026_V1,2026,2026-09-03T01:27:39.770127+00:00,2026-08-31,XLB,63,3M,3,-0.0102497431061135,0.3952095808383233,False,False,0.1656686626746507,0.5329341317365269,False,False,0.1782078777845026,0.1017964071856287,False,False,52.68999862670898,767.0499877929688
cdbd7b80d4849d193e7d9d5c,CLEAN_SHEET_R4_2026_V1,2026,2026-09-03T01:27:39.770127+00:00,2026-08-31,XLC,63,3M,3,-0.0127695471234923,0.2035928143712574,False,False,-0.0139720558882235,0.2275449101796407,False,False,0.1928226730763941,0.5089820359281437,False,False,111.45999908447266,767.0499877929688
5533e8ff2ed3e9345acd3a4f,CLEAN_SHEET_R4_2026_V1,2026,2026-09-03T01:27:39.770127+00:00,2026-08-31,XLE,63,3M,3,-0.00524969440313,0.8083832335329342,True,False,0.3972055888223553,0.8323353293413174,True,False,0.1915577286223035,0.4610778443113772,False,False,63.959999084472656,767.0499877929688
9f84b10644d6a6d71d5dd2a4,CLEAN_SHEET_R4_2026_V1,2026,2026-09-03T01:27:39.770127+00:00,2026-08-31,XLF,63,3M,3,-0.0110292248225669,0.3173652694610778,False,False,0.0139720558882235,0.2604790419161676,False,False,0.2111373646980971,0.8622754491017964,True,False,57.709999084472656,767.0499877929688
9f49d54b5b752575c7197cd9,CLEAN_SHEET_R4_2026_V1,2026,2026-09-03T01:27:39.770127+00:00,2026-08-31,XLI,63,3M,3,-0.0125857427435174,0.2155688622754491,False,False,0.1077844311377245,0.4101796407185629,False,False,0.1601161953968119,0.0059880239520958,False,False,175.1300048828125,767.0499877929688
4670783ef9d50d62d7f77cb5,CLEAN_SHEET_R4_2026_V1,2026,2026-09-03T01:27:39.770127+00:00,2026-08-31,XLK,63,3M,3,-0.0027135502790308,0.9461077844311376,True,True,0.5429141716566867,0.9461077844311376,True,True,0.1935648048212882,0.5209580838323353,False,False,186.5,767.0499877929688
2e659ce0d37bfe1c3aba5436,CLEAN_SHEET_R4_2026_V1,2026,2026-09-03T01:27:39.770127+00:00,2026-08-31,XLP,63,3M,3,-0.0128272365629444,0.1916167664670658,False,False,0.0059880239520958,0.2514970059880239,False,False,0.1845997008012738,0.2095808383233532,False,False,84.9800033569336,767.0499877929688
b2f1e4e095f46b03be4c89f1,CLEAN_SHEET_R4_2026_V1,2026,2026-09-03T01:27:39.770127+00:00,2026-08-31,XLRE,63,3M,3,-0.0149381867926194,0.0538922155688622,False,False,-0.1337325349301397,0.0658682634730539,False,False,0.1890394124327794,0.3293413173652694,False,False,44.11000061035156,767.0499877929688
ed6ccd6d375fe4ae4ad476fb,CLEAN_SHEET_R4_2026_V1,2026,2026-09-03T01:27:39.770127+00:00,2026-08-31,XLU,63,3M,3,-0.0161350455441088,0.0179640718562874,False,False,-0.2115768463073852,0.0239520958083832,False,False,0.1922607313237146,0.497005988023952,False,False,42.22999954223633,767.0499877929688
95a0e0e9ac51131f7704761a,CLEAN_SHEET_R4_2026_V1,2026,2026-09-03T01:27:39.770127+00:00,2026-08-31,XLV,63,3M,3,-0.0081853543410022,0.6227544910179641,False,False,0.1936127744510978,0.5868263473053892,False,False,0.2041291255358626,0.7964071856287425,False,False,170.5399932861328,767.0499877929688
ea70047a27c2b218e3a64495,CLEAN_SHEET_R4_2026_V1,2026,2026-09-03T01:27:39.770127+00:00,2026-08-31,XLY,63,3M,3,-0.0125079195119699,0.2275449101796407,False,False,-0.0219560878243513,0.2155688622754491,False,False,0.1987091383506666,0.6526946107784432,False,False,116.58999633789062,767.0499877929688
aa87eea706caf8c906a3e6e3,CLEAN_SHEET_R4_2026_V1,2026,2026-09-03T01:27:39.770127+00:00,2026-08-31,XME,63,3M,3,-0.0062306302065661,0.7365269461077845,False,False,0.1816367265469062,0.5688622754491018,False,False,0.2414403829179851,0.9461077844311376,True,True,118.12999725341795,767.0499877929688
9133bcc5d32f2acab2565087,CLEAN_SHEET_R4_2026_V1,2026,2026-09-03T01:27:39.770127+00:00,2026-08-31,XOP,63,3M,3,-0.005174668906699,0.8143712574850299,True,False,0.4011976047904191,0.8413173652694611,True,False,0.1915358719102277,0.4550898203592814,False,False,188.9600067138672,767.0499877929688
f32994c43b09dc627e4be402,CLEAN_SHEET_R4_2026_V1,2026,2026-09-03T01:27:39.770127+00:00,2026-08-31,XPH,63,3M,3,-0.0067199969270109,0.688622754491018,False,False,0.3153692614770459,0.7365269461077845,False,False,0.1898893275656235,0.3832335329341317,False,False,70.62000274658203,767.0499877929688
f58aff1d06c9c7842259f40a,CLEAN_SHEET_R4_2026_V1,2026,2026-09-03T01:27:39.770127+00:00,2026-08-31,XRT,63,3M,3,-0.0139638486001573,0.1077844311377245,False,False,-0.091816367265469,0.1287425149700598,False,False,0.1936896300109643,0.5449101796407185,False,False,86.0999984741211,767.0499877929688
22cd5538b3669d438866c012,CLEAN_SHEET_R4_2026_V1,2026,2026-09-03T01:27:39.770127+00:00,2026-08-31,AAXJ,126,6M,3,-0.0135525848144461,0.8143712574850299,True,False,0.7275449101796406,0.8143712574850299,True,False,0.2011307254558404,0.7844311377245509,False,False,116.76000213623048,767.0499877929688
b5e7cffac093ec7f1f5c487d,CLEAN_SHEET_R4_2026_V1,2026,2026-09-03T01:27:39.770127+00:00,2026-08-31,ACWI,126,6M,3,-0.0156112523233904,0.7245508982035929,False,False,0.6616766467065869,0.7245508982035929,False,False,0.1886730319134602,0.5329341317365269,False,False,160.67999267578125,767.0499877929688
82360afe3954884ac372075c,CLEAN_SHEET_R4_2026_V1,2026,2026-09-03T01:27:39.770127+00:00,2026-08-31,ACWX,126,6M,3,-0.0189069044880519,0.5508982035928144,False,False,0.5459081836327345,0.562874251497006,False,False,0.1889392268614963,0.5389221556886228,False,False,77.4000015258789,767.0499877929688
31170f5791015f56bd0b23bd,CLEAN_SHEET_R4_2026_V1,2026,2026-09-03T01:27:39.770127+00:00,2026-08-31,AFK,126,6M,3,-0.0211921019960287,0.4131736526946107,False,False,0.4381237524950099,0.3712574850299401,False,False,0.2474516912739117,0.934131736526946,True,True,29.1200008392334,767.0499877929688
57385b7878087c7ef3d9182c,CLEAN_SHEET_R4_2026_V1,2026,2026-09-03T01:27:39.770127+00:00,2026-08-31,ARGT,126,6M,3,-0.0233782593435081,0.2634730538922156,False,False,0.4081836327345309,0.3473053892215569,False,False,0.1549809912795789,0.0359281437125748,False,False,94.5500030517578,767.0499877929688
69327d531f30552eca239779,CLEAN_SHEET_R4_2026_V1,2026,2026-09-03T01:27:39.770127+00:00,2026-08-31,ASEA,126,6M,3,-0.0186830313262562,0.562874251497006,False,False,0.5778443113772455,0.5988023952095808,False,False,0.1470955158290268,0.0119760479041916,False,False,21.6299991607666,767.0499877929688
a0b292be31a83b1fcf641f5f,CLEAN_SHEET_R4_2026_V1,2026,2026-09-03T01:27:39.770127+00:00,2026-08-31,CARZ,126,6M,3,-0.0115847930713968,0.9161676646706588,True,True,0.8013972055888224,0.9161676646706588,True,True,0.1916518120471937,0.6467065868263473,False,False,106.43000030517578,767.0499877929688
4723c5fb1cd8612670b59afb,CLEAN_SHEET_R4_2026_V1,2026,2026-09-03T01:27:39.770127+00:00,2026-08-31,CIBR,126,6M,3,-0.0101117951906345,1.0,True,True,0.8552894211576847,1.0,True,True,0.1874108325882897,0.4550898203592814,False,False,100.1500015258789,767.0499877929688
cce87296118d23eb104791f0,CLEAN_SHEET_R4_2026_V1,2026,2026-09-03T01:27:39.770127+00:00,2026-08-31,CORO,126,6M,3,-0.0165405083230845,0.6826347305389222,False,False,0.627744510978044,0.6826347305389222,False,False,0.1912256609675674,0.6287425149700598,False,False,37.060001373291016,767.0499877929688
1df357a0d6e92e6e097f3548,CLEAN_SHEET_R4_2026_V1,2026,2026-09-03T01:27:39.770127+00:00,2026-08-31,CPER,126,6M,3,-0.0145710099828413,0.7664670658682635,False,False,0.689620758483034,0.7544910179640718,False,False,0.2055644678710686,0.7964071856287425,False,False,40.0,767.0499877929688
da7fd9e318997504bfe7591f,CLEAN_SHEET_R4_2026_V1,2026,2026-09-03T01:27:39.770127+00:00,2026-08-31,CQQQ,126,6M,3,-0.0234134208807992,0.2514970059880239,False,False,0.1197604790419161,0.0838323353293413,False,False,0.2458684576916598,0.9161676646706588,True,True,49.13999938964844,767.0499877929688
88e72b19be313e2c44249371,CLEAN_SHEET_R4_2026_V1,2026,2026-09-03T01:27:39.770127+00:00,2026-08-31,DBEF,126,6M,3,-0.0193745675037113,0.497005988023952,False,False,0.5359281437125748,0.5359281437125748,False,False,0.176947051478315,0.18562874251497,False,False,55.7400016784668,767.0499877929688
180b9dbfc306c50f42e9161b,CLEAN_SHEET_R4_2026_V1,2026,2026-09-03T01:27:39.770127+00:00,2026-08-31,DEM,126,6M,3,-0.0178456013325001,0.6047904191616766,False,False,0.5978043912175649,0.6287425149700598,False,False,0.1624729836654126,0.059880239520958,False,False,55.63999938964844,767.0499877929688
e69cc957ce2885e14c414e38,CLEAN_SHEET_R4_2026_V1,2026,2026-09-03T01:27:39.770127+00:00,2026-08-31,DGS,126,6M,3,-0.0239937166555544,0.1916167664670658,False,False,0.3762475049900199,0.2724550898203592,False,False,0.1726539712422839,0.1077844311377245,False,False,64.2699966430664,767.0499877929688
0d0501116652695990c809c3,CLEAN_SHEET_R4_2026_V1,2026,2026-09-03T01:27:39.770127+00:00,2026-08-31,DIA,126,6M,3,-0.017718867851116,0.6107784431137725,False,False,0.5958083832335329,0.6227544910179641,False,False,0.1737170310809934,0.1197604790419161,False,False,531.5700073242188,767.0499877929688
2ec2f70835a73c8d5d663bbd,CLEAN_SHEET_R4_2026_V1,2026,2026-09-03T01:27:39.770127+00:00,2026-08-31,DXJ,126,6M,3,-0.0172914259853763,0.6347305389221557,False,False,0.6017964071856289,0.6347305389221557,False,False,0.190458097113569,0.6047904191616766,False,False,179.61000061035156,767.0499877929688
a4f93c225f51de21036c5460,CLEAN_SHEET_R4_2026_V1,2026,2026-09-03T01:27:39.770127+00:00,2026-08-31,ECH,126,6M,3,-0.0264046974048723,0.0359281437125748,False,False,0.2924151696606786,0.1766467065868263,False,False,0.171306598948025,0.0838323353293413,False,False,40.5,767.0499877929688
88fa8116a7b992734bd65049,CLEAN_SHEET_R4_2026_V1,2026,2026-09-03T01:27:39.770127+00:00,2026-08-31,EDEN,126,6M,3,-0.0153638553922469,0.7365269461077845,False,False,0.6716566866267465,0.7425149700598802,False,False,0.1862011180102668,0.4011976047904191,False,False,117.33000183105467,767.0499877929688
0072509817622adc2de23ff2,CLEAN_SHEET_R4_2026_V1,2026,2026-09-03T01:27:39.770127+00:00,2026-08-31,EEM,126,6M,3,-0.0148428809233754,0.7485029940119761,False,False,0.6796407185628742,0.7485029940119761,False,False,0.2064657501258263,0.8083832335329342,True,False,67.0199966430664,767.0499877929688
57fbac908499e1dcec8fc0f5,CLEAN_SHEET_R4_2026_V1,2026,2026-09-03T01:27:39.770127+00:00,2026-08-31,EEMO,126,6M,3,-0.0116783256745287,0.9101796407185628,True,True,0.7994011976047904,0.9101796407185628,True,True,0.1891775473942646,0.5568862275449101,False,False,22.18000030517578,767.0499877929688
0f0b2940d418ee9b3ca2570c,CLEAN_SHEET_R4_2026_V1,2026,2026-09-03T01:27:39.770127+00:00,2026-08-31,EEMV,126,6M,3,-0.0148043663706496,0.7544910179640718,False,False,0.6956087824351297,0.7604790419161677,False,False,0.1781624483717624,0.2095808383233532,False,False,75.69000244140625,767.0499877929688
a3f6e33036ec977b713955b3,CLEAN_SHEET_R4_2026_V1,2026,2026-09-03T01:27:39.770127+00:00,2026-08-31,EFA,126,6M,3,-0.0208432019500429,0.4251497005988024,False,False,0.4800399201596806,0.4491017964071856,False,False,0.1850155073465522,0.3592814371257485,False,False,107.4499969482422,767.0499877929688
2125b8ca6759c380b67bdd9a,CLEAN_SHEET_R4_2026_V1,2026,2026-09-03T01:27:39.770127+00:00,2026-08-31,EFAV,126,6M,3,-0.0253547779554189,0.0838323353293413,False,False,0.3383233532934132,0.2215568862275449,False,False,0.1558221786349449,0.0419161676646706,False,False,94.12000274658205,767.0499877929688
077a85741a81e978d76d7406,CLEAN_SHEET_R4_2026_V1,2026,2026-09-03T01:27:39.770127+00:00,2026-08-31,EFG,126,6M,3,-0.0214271649810309,0.3892215568862275,False,False,0.4560878243512974,0.4161676646706587,False,False,0.1916245467826794,0.6347305389221557,False,False,124.37999725341795,767.0499877929688
9c2e7a50301d557311211eb2,CLEAN_SHEET_R4_2026_V1,2026,2026-09-03T01:27:39.770127+00:00,2026-08-31,EFNL,126,6M,3,-0.0197373142101405,0.4610778443113772,False,False,0.5339321357285429,0.5269461077844312,False,False,0.1582717442600742,0.0479041916167664,False,False,54.77999877929688,767.0499877929688
035a143a4baa3bcf180721b3,CLEAN_SHEET_R4_2026_V1,2026,2026-09-03T01:27:39.770127+00:00,2026-08-31,EFV,126,6M,3,-0.018886793913092,0.5568862275449101,False,False,0.5479041916167665,0.5688622754491018,False,False,0.1864828105422403,0.4131736526946107,False,False,81.80999755859375,767.0499877929688
a79e2e73362977164e688005,CLEAN_SHEET_R4_2026_V1,2026,2026-09-03T01:27:39.770127+00:00,2026-08-31,EIDO,126,6M,3,-0.0182970149123243,0.5868263473053892,False,False,0.2534930139720558,0.1497005988023952,False,False,0.3660403234921981,0.994011976047904,True,True,12.729999542236328,767.0499877929688
67b25f11f18da6de26e89442,CLEAN_SHEET_R4_2026_V1,2026,2026-09-03T01:27:39.770127+00:00,2026-08-31,EIRL,126,6M,3,-0.0129039266241476,0.8562874251497006,True,False,0.7554890219560878,0.8502994011976048,True,False,0.1909292273892568,0.6227544910179641,False,False,82.98999786376953,767.0499877929688
000c1e519799cc240e7dfc26,CLEAN_SHEET_R4_2026_V1,2026,2026-09-03T01:27:39.770127+00:00,2026-08-31,EIS,126,6M,3,-0.0244221087613369,0.1437125748502994,False,False,0.3483033932135728,0.2365269461077844,False,False,0.1969116507787925,0.7485029940119761,False,False,122.8000030517578,767.0499877929688
9a6ffb5ffb94e53cc8066e07,CLEAN_SHEET_R4_2026_V1,2026,2026-09-03T01:27:39.770127+00:00,2026-08-31,EMXC,126,6M,3,-0.0123759318836085,0.874251497005988,True,False,0.7714570858283433,0.8682634730538922,True,False,0.1959089650109452,0.718562874251497,False,False,98.23999786376952,767.0499877929688
ab033fc020cccca2225c8856,CLEAN_SHEET_R4_2026_V1,2026,2026-09-03T01:27:39.770127+00:00,2026-08-31,ENOR,126,6M,3,-0.0171751259700478,0.6526946107784432,False,False,0.6157684630738522,0.6586826347305389,False,False,0.1721409152696403,0.1017964071856287,False,False,36.900001525878906,767.0499877929688
90afc689e78346d3ab767910,CLEAN_SHEET_R4_2026_V1,2026,2026-09-03T01:27:39.770127+00:00,2026-08-31,ENZL,126,6M,3,-0.0218126790996568,0.3532934131736527,False,False,0.4421157684630739,0.3862275449101796,False,False,0.1924888340898598,0.688622754491018,False,False,48.119998931884766,767.0499877929688
a8a717a19258b90ce8c70ddc,CLEAN_SHEET_R4_2026_V1,2026,2026-09-03T01:27:39.770127+00:00,2026-08-31,EPHE,126,6M,3,-0.0256259527177551,0.0718562874251497,False,False,0.0459081836327345,0.0059880239520958,False,False,0.2372342823306804,0.8862275449101796,True,False,23.75,767.0499877929688
dd7b607c369cc5d0206d0e3b,CLEAN_SHEET_R4_2026_V1,2026,2026-09-03T01:27:39.770127+00:00,2026-08-31,EPOL,126,6M,3,-0.0124292433368206,0.8682634730538922,True,False,0.7734530938123753,0.874251497005988,True,False,0.1884162893002825,0.5209580838323353,False,False,44.09999847412109,767.0499877929688
2228bac47f1ec04bbaf941cc,CLEAN_SHEET_R4_2026_V1,2026,2026-09-03T01:27:39.770127+00:00,2026-08-31,EPP,126,6M,3,-0.0224875178965398,0.3233532934131736,False,False,0.4261477045908184,0.3652694610778443,False,False,0.1779700280468164,0.2035928143712574,False,False,57.790000915527344,767.0499877929688
f358180a955857ff58670b81,CLEAN_SHEET_R4_2026_V1,2026,2026-09-03T01:27:39.770127+00:00,2026-08-31,EPU,126,6M,3,-0.0174559176623352,0.6227544910179641,False,False,0.5538922155688623,0.5808383233532934,False,False,0.2847496066031958,0.9700598802395208,True,True,91.55999755859376,767.0499877929688
f43faffd09513f9387418fe9,CLEAN_SHEET_R4_2026_V1,2026,2026-09-03T01:27:39.770127+00:00,2026-08-31,EWA,126,6M,3,-0.0233879364524125,0.2574850299401197,False,False,0.3902195608782435,0.3233532934131736,False,False,0.1860292043889096,0.3832335329341317,False,False,30.020000457763672,767.0499877929688
38630a99d52f0f73a335d7d2,CLEAN_SHEET_R4_2026_V1,2026,2026-09-03T01:27:39.770127+00:00,2026-08-31,EWC,126,6M,3,-0.0209900460063868,0.4191616766467065,False,False,0.4800399201596806,0.4491017964071856,False,False,0.1755125691329682,0.1437125748502994,False,False,61.43000030517578,767.0499877929688
1a54309562f8eb48f8e3fc5d,CLEAN_SHEET_R4_2026_V1,2026,2026-09-03T01:27:39.770127+00:00,2026-08-31,EWD,126,6M,3,-0.0212357363403363,0.4071856287425149,False,False,0.4580838323353293,0.4251497005988024,False,False,0.200919563324353,0.7724550898203593,False,False,53.40999984741211,767.0499877929688
23779b94239b7f75a65f90ae,CLEAN_SHEET_R4_2026_V1,2026,2026-09-03T01:27:39.770127+00:00,2026-08-31,EWG,126,6M,3,-0.0192059062752135,0.5209580838323353,False,False,0.5259481037924152,0.5059880239520959,False,False,0.2077248100965572,0.8203592814371258,True,False,44.22999954223633,767.0499877929688
3fd459fd467590aeb2485c5f,CLEAN_SHEET_R4_2026_V1,2026,2026-09-03T01:27:39.770127+00:00,2026-08-31,EWH,126,6M,3,-0.0261599573109657,0.0479041916167664,False,False,0.2924151696606786,0.1766467065868263,False,False,0.1870654081213512,0.437125748502994,False,False,22.90999984741211,767.0499877929688
5b50586ea1fd4789e89f4b26,CLEAN_SHEET_R4_2026_V1,2026,2026-09-03T01:27:39.770127+00:00,2026-08-31,EWI,126,6M,3,-0.0132894407427735,0.8383233532934131,True,False,0.7415169660678643,0.8353293413173652,True,False,0.1917911226439589,0.6526946107784432,False,False,62.27999877929688,767.0499877929688
f4505ba3bc38b0f7e251101a,CLEAN_SHEET_R4_2026_V1,2026,2026-09-03T01:27:39.770127+00:00,2026-08-31,EWJ,126,6M,3,-0.0184436049068232,0.5808383233532934,False,False,0.5578842315369262,0.5868263473053892,False,False,0.1972619549868242,0.7604790419161677,False,False,95.87999725341795,767.0499877929688
692473fd82449857a27f78f1,CLEAN_SHEET_R4_2026_V1,2026,2026-09-03T01:27:39.770127+00:00,2026-08-31,EWL,126,6M,3,-0.0233547355741603,0.2694610778443114,False,False,0.3862275449101797,0.3083832335329341,False,False,0.1959756585424761,0.7245508982035929,False,False,62.79999923706055,767.0499877929688
370c2fa5cc4ca8691754e70d,CLEAN_SHEET_R4_2026_V1,2026,2026-09-03T01:27:39.770127+00:00,2026-08-31,EWM,126,6M,3,-0.0261214427582399,0.059880239520958,False,False,0.3083832335329341,0.1976047904191616,False,False,0.1608824076210824,0.0538922155688622,False,False,28.38999938964844,767.0499877929688
1a2f519e03c3eb65b087e323,CLEAN_SHEET_R4_2026_V1,2026,2026-09-03T01:27:39.770127+00:00,2026-08-31,EWN,126,6M,3,-0.0135368376739169,0.8203592814371258,True,False,0.7315369261477046,0.8203592814371258,True,False,0.194319526728975,0.7005988023952096,False,False,68.31999969482422,767.0499877929688
a6068007fbc4f9fd997d0251,CLEAN_SHEET_R4_2026_V1,2026,2026-09-03T01:27:39.770127+00:00,2026-08-31,EWO,126,6M,3,-0.0119056120307123,0.9041916167664672,True,True,0.7914171656686627,0.9041916167664672,True,True,0.1891959340461411,0.562874251497006,False,False,44.040000915527344,767.0499877929688
97230eaea64349ac10f00c33,CLEAN_SHEET_R4_2026_V1,2026,2026-09-03T01:27:39.770127+00:00,2026-08-31,EWP,126,6M,3,-0.0140001372551456,0.8023952095808383,True,False,0.719560878243513,0.8023952095808383,True,False,0.1860921638744347,0.3892215568862275,False,False,62.400001525878906,767.0499877929688
2ef28c741bb4ba3173a0d365,CLEAN_SHEET_R4_2026_V1,2026,2026-09-03T01:27:39.770127+00:00,2026-08-31,EWQ,126,6M,3,-0.0234727421866828,0.2455089820359281,False,False,0.3842315369261477,0.2994011976047904,False,False,0.1917917106240164,0.6586826347305389,False,False,45.86000061035156,767.0499877929688
5a52bb7f85598eedbf978321,CLEAN_SHEET_R4_2026_V1,2026,2026-09-03T01:27:39.770127+00:00,2026-08-31,EWS,126,6M,3,-0.012166099265148,0.8922155688622755,True,False,0.7874251497005988,0.8982035928143712,True,False,0.1795344033462258,0.2574850299401197,False,False,34.16999816894531,767.0499877929688
925329658d6106add0bb3025,CLEAN_SHEET_R4_2026_V1,2026,2026-09-03T01:27:39.770127+00:00,2026-08-31,EWT,126,6M,3,-0.0103836661311686,0.9820359281437124,True,True,0.8453093812375249,0.9820359281437124,True,True,0.1882513821842671,0.497005988023952,False,False,108.02999877929688,767.0499877929688
37863cce446e3697bac1e6f7,CLEAN_SHEET_R4_2026_V1,2026,2026-09-03T01:27:39.770127+00:00,2026-08-31,EWU,126,6M,3,-0.0237577034305093,0.2095808383233532,False,False,0.3802395209580838,0.2904191616766467,False,False,0.1804366382594342,0.2754491017964072,False,False,48.369998931884766,767.0499877929688
61c147ee7c66730a711f4da3,CLEAN_SHEET_R4_2026_V1,2026,2026-09-03T01:27:39.770127+00:00,2026-08-31,EWW,126,6M,3,-0.0250838572549276,0.1077844311377245,False,False,0.3263473053892216,0.2035928143712574,False,False,0.1944327412711176,0.7125748502994012,False,False,76.72000122070312,767.0499877929688
8558bdc9d21b1de8b8fc3e86,CLEAN_SHEET_R4_2026_V1,2026,2026-09-03T01:27:39.770127+00:00,2026-08-31,EWY,126,6M,3,-0.010943155152766,0.9520958083832336,True,True,0.8213572854291417,0.9461077844311376,True,True,0.1966363475285354,0.7365269461077845,False,False,180.8600006103516,767.0499877929688
796a3ccc87d1e531f5f8da28,CLEAN_SHEET_R4_2026_V1,2026,2026-09-03T01:27:39.770127+00:00,2026-08-31,EWZ,126,6M,3,-0.0274100322699752,0.0179640718562874,False,False,0.248502994011976,0.1377245508982036,False,False,0.1871656830786445,0.4491017964071856,False,False,36.02999877929688,767.0499877929688
bd1e790bf511bc70dab61d78,CLEAN_SHEET_R4_2026_V1,2026,2026-09-03T01:27:39.770127+00:00,2026-08-31,EXI,126,6M,3,-0.0235085999021719,0.2395209580838323,False,False,0.3782435129740518,0.281437125748503,False,False,0.2011120760784185,0.7784431137724551,False,False,197.8000030517578,767.0499877929688
14e58ea74b182837a9d36752,CLEAN_SHEET_R4_2026_V1,2026,2026-09-03T01:27:39.770127+00:00,2026-08-31,EZA,126,6M,3,-0.0237167259234384,0.2215568862275449,False,False,0.3502994011976048,0.2455089820359281,False,False,0.2457050564118225,0.9101796407185628,True,True,70.5,767.0499877929688
db1120ab6b2635e4a187bbe6,CLEAN_SHEET_R4_2026_V1,2026,2026-09-03T01:27:39.770127+00:00,2026-08-31,EZU,126,6M,3,-0.0181026753725479,0.592814371257485,False,False,0.5698602794411177,0.592814371257485,False,False,0.1972334857441146,0.7544910179640718,False,False,70.45999908447266,767.0499877929688
f9a0eb442409e70bfb022c8e,CLEAN_SHEET_R4_2026_V1,2026,2026-09-03T01:27:39.770127+00:00,2026-08-31,FDN,126,6M,3,-0.0122264309900277,0.8862275449101796,True,False,0.781437125748503,0.8862275449101796,True,False,0.1867642552980084,0.4251497005988024,False,False,292.489990234375,767.0499877929688
7d56a4933e9154a9d0cad4b6,CLEAN_SHEET_R4_2026_V1,2026,2026-09-03T01:27:39.770127+00:00,2026-08-31,FEZ,126,6M,3,-0.0165073074448323,0.688622754491018,False,False,0.6237524950099801,0.6736526946107785,False,False,0.201381215702962,0.7904191616766467,False,False,70.83999633789062,767.0499877929688
40724c7c9f1f98d40508142a,CLEAN_SHEET_R4_2026_V1,2026,2026-09-03T01:27:39.770127+00:00,2026-08-31,GLD,126,6M,3,-0.022997362721158,0.3053892215568862,False,False,0.1197604790419161,0.0778443113772455,False,False,0.281198371602022,0.9580838323353292,True,True,408.4200134277344,767.0499877929688
edcb2fe687e07e257f64bd63,CLEAN_SHEET_R4_2026_V1,2026,2026-09-03T01:27:39.770127+00:00,2026-08-31,GREK,126,6M,3,-0.0111791683778111,0.940119760479042,True,True,0.8173652694610777,0.940119760479042,True,True,0.1883154995527012,0.5029940119760479,False,False,85.19000244140625,767.0499877929688
890ec58143e474f22e9e8e01,CLEAN_SHEET_R4_2026_V1,2026,2026-09-03T01:27:39.770127+00:00,2026-08-31,HEDJ,126,6M,3,-0.020274986059584,0.4431137724550898,False,False,0.5,0.4790419161676646,False,False,0.1849703272029216,0.3532934131736527,False,False,57.27000045776367,767.0499877929688
71c27347508e2e3e21450dc6,CLEAN_SHEET_R4_2026_V1,2026,2026-09-03T01:27:39.770127+00:00,2026-08-31,HEEM,126,6M,3,-0.0175877709353011,0.6167664670658682,False,False,0.5918163672654689,0.6167664670658682,False,False,0.1896560456536762,0.5808383233532934,False,False,42.27999877929688,767.0499877929688
5fd30c3270454c111ec29627,CLEAN_SHEET_R4_2026_V1,2026,2026-09-03T01:27:39.770127+00:00,2026-08-31,HEFA,126,6M,3,-0.0192810349005794,0.5149700598802395,False,False,0.5379241516966068,0.5508982035928144,False,False,0.1792967253501747,0.2455089820359281,False,False,47.22999954223633,767.0499877929688
2c6235ab298ba4009be2b832,CLEAN_SHEET_R4_2026_V1,2026,2026-09-03T01:27:39.770127+00:00,2026-08-31,IBB,126,6M,3,-0.0121328983868958,0.8982035928143712,True,False,0.7834331337325349,0.8922155688622755,True,False,0.1892143220680366,0.5688622754491018,False,False,209.0500030517578,767.0499877929688
9d3419d895b21790e1c771c5,CLEAN_SHEET_R4_2026_V1,2026,2026-09-03T01:27:39.770127+00:00,2026-08-31,IEFA,126,6M,3,-0.0205914415844686,0.4311377245508982,False,False,0.4880239520958083,0.4610778443113772,False,False,0.1866192312543624,0.4191616766467065,False,False,100.26000213623048,767.0499877929688
24f280488eb5d153854fdcc4,CLEAN_SHEET_R4_2026_V1,2026,2026-09-03T01:27:39.770127+00:00,2026-08-31,IEMG,126,6M,3,-0.0151838104576507,0.7425149700598802,False,False,0.6676646706586826,0.7305389221556886,False,False,0.2064952091929441,0.8143712574850299,True,False,81.7300033569336,767.0499877929688
c68aff87017d3f0ef9c885ce,CLEAN_SHEET_R4_2026_V1,2026,2026-09-03T01:27:39.770127+00:00,2026-08-31,IEUR,126,6M,3,-0.0203353177844637,0.437125748502994,False,False,0.4940119760479042,0.4730538922155688,False,False,0.1923677590864737,0.6826347305389222,False,False,77.5,767.0499877929688
b8c70012c3f23c7400ce5fbd,CLEAN_SHEET_R4_2026_V1,2026,2026-09-03T01:27:39.770127+00:00,2026-08-31,IGV,126,6M,3,-0.0107936542591852,0.9640718562874252,True,True,0.8313373253493014,0.9640718562874252,True,True,0.1874656005911583,0.4730538922155688,False,False,109.9800033569336,767.0499877929688
2ae5797ca9a096d850b701a7,CLEAN_SHEET_R4_2026_V1,2026,2026-09-03T01:27:39.770127+00:00,2026-08-31,IHF,126,6M,3,-0.0112928115559028,0.934131736526946,True,True,0.8133732534930139,0.934131736526946,True,True,0.188324660545733,0.5089820359281437,False,False,56.709999084472656,767.0499877929688
ae97df87f6602a0da177de94,CLEAN_SHEET_R4_2026_V1,2026,2026-09-03T01:27:39.770127+00:00,2026-08-31,IHI,126,6M,3,-0.021353046774661,0.4011976047904191,False,False,0.1736526946107784,0.1077844311377245,False,False,0.2908843655051766,0.9760479041916168,True,True,54.970001220703125,767.0499877929688
09ebade08c1be6b465cd8ec6,CLEAN_SHEET_R4_2026_V1,2026,2026-09-03T01:27:39.770127+00:00,2026-08-31,IJR,126,6M,3,-0.0154573879953788,0.7305389221556886,False,False,0.6696606786427145,0.7365269461077845,False,False,0.1837812241375594,0.3353293413173652,False,False,144.52000427246094,767.0499877929688
757106c484e947042e87a552,CLEAN_SHEET_R4_2026_V1,2026,2026-09-03T01:27:39.770127+00:00,2026-08-31,ILF,126,6M,3,-0.0265297242890625,0.029940119760479,False,False,0.2824351297405189,0.1676646706586826,False,False,0.1814486349303283,0.2934131736526946,False,False,34.900001525878906,767.0499877929688
314c2ff82d897f9ab8ccbdbc,CLEAN_SHEET_R4_2026_V1,2026,2026-09-03T01:27:39.770127+00:00,2026-08-31,IMTM,126,6M,3,-0.0215408081591226,0.3772455089820359,False,False,0.4520958083832336,0.4071856287425149,False,False,0.1916338307457697,0.6407185628742516,False,False,53.2599983215332,767.0499877929688
ff9f500f50ec8f59fd0a3d66,CLEAN_SHEET_R4_2026_V1,2026,2026-09-03T01:27:39.770127+00:00,2026-08-31,INDA,126,6M,3,-0.023308504571569,0.281437125748503,False,False,0.1277445109780439,0.0898203592814371,False,False,0.236044083141855,0.8802395209580839,True,False,49.70000076293945,767.0499877929688
1ee44880921e64df7b681928,CLEAN_SHEET_R4_2026_V1,2026,2026-09-03T01:27:39.770127+00:00,2026-08-31,IOO,126,6M,3,-0.0133383887615548,0.8323353293413174,True,False,0.7415169660678642,0.8263473053892215,True,False,0.1884896169477938,0.5269461077844312,False,False,144.14999389648438,767.0499877929688
678bd28f5d3cab0f76af6a0e,CLEAN_SHEET_R4_2026_V1,2026,2026-09-03T01:27:39.770127+00:00,2026-08-31,IQLT,126,6M,3,-0.0195730164160734,0.4850299401197604,False,False,0.5259481037924152,0.5059880239520959,False,False,0.1825002414082408,0.311377245508982,False,False,51.470001220703125,767.0499877929688
68bcf035e28da50e9db44a0a,CLEAN_SHEET_R4_2026_V1,2026,2026-09-03T01:27:39.770127+00:00,2026-08-31,ITA,126,6M,3,-0.0244807940679758,0.1377245508982036,False,False,0.0818363273453093,0.0479041916167664,False,False,0.2469695459861429,0.9281437125748504,True,True,228.3500061035156,767.0499877929688
ebca8adafac8592600f2ef81,CLEAN_SHEET_R4_2026_V1,2026,2026-09-03T01:27:39.770127+00:00,2026-08-31,ITB,126,6M,3,-0.0238347927149141,0.2035928143712574,False,False,0.0998003992015968,0.0718562874251497,False,False,0.2580461336517451,0.9461077844311376,True,True,94.69000244140624,767.0499877929688
30c58510228513f2af2ebe3e,CLEAN_SHEET_R4_2026_V1,2026,2026-09-03T01:27:39.770127+00:00,2026-08-31,ITOT,126,6M,3,-0.0144547099675127,0.7904191616766467,False,False,0.7035928143712575,0.7754491017964071,False,False,0.1861284764546155,0.3952095808383233,False,False,167.9199981689453,767.0499877929688
50da5f55e36d557da8220e4b,CLEAN_SHEET_R4_2026_V1,2026,2026-09-03T01:27:39.770127+00:00,2026-08-31,IWB,126,6M,3,-0.0146374117393457,0.7604790419161677,False,False,0.6976047904191617,0.7664670658682635,False,False,0.1853314344903735,0.3712574850299401,False,False,419.8800048828125,767.0499877929688
eab02dce741114873594eddb,CLEAN_SHEET_R4_2026_V1,2026,2026-09-03T01:27:39.770127+00:00,2026-08-31,IWD,126,6M,3,-0.0134362847991175,0.8263473053892215,True,False,0.7415169660678643,0.8353293413173652,True,False,0.1820178944404284,0.3053892215568862,False,False,256.9100036621094,767.0499877929688
ee6f82fa417164cfbac926df,CLEAN_SHEET_R4_2026_V1,2026,2026-09-03T01:27:39.770127+00:00,2026-08-31,IWF,126,6M,3,-0.0169303858761411,0.6586826347305389,False,False,0.6157684630738524,0.6646706586826348,False,False,0.1879590667135631,0.4850299401197604,False,False,122.70999908447266,767.0499877929688
63dbad88e33689e6f9220ac7,CLEAN_SHEET_R4_2026_V1,2026,2026-09-03T01:27:39.770127+00:00,2026-08-31,IWM,126,6M,3,-0.0141985861675077,0.7964071856287425,False,False,0.7095808383233534,0.7964071856287425,False,False,0.1918654532029592,0.6646706586826348,False,False,293.92999267578125,767.0499877929688
ecbb5bdd44f3faa33c49c60c,CLEAN_SHEET_R4_2026_V1,2026,2026-09-03T01:27:39.770127+00:00,2026-08-31,IXC,126,6M,3,-0.0159451615859981,0.7065868263473054,False,False,0.6576846307385229,0.7125748502994012,False,False,0.1743540027063388,0.1377245508982036,False,False,58.18000030517578,767.0499877929688
371fe579115db96ff2e6227e,CLEAN_SHEET_R4_2026_V1,2026,2026-09-03T01:27:39.770127+00:00,2026-08-31,IXG,126,6M,3,-0.0132535830272845,0.844311377245509,True,False,0.7475049900199601,0.844311377245509,True,False,0.1828038837284865,0.3233532934131736,False,False,134.2100067138672,767.0499877929688
534d4a361807562affae205c,CLEAN_SHEET_R4_2026_V1,2026,2026-09-03T01:27:39.770127+00:00,2026-08-31,IXJ,126,6M,3,-0.0215740090373748,0.3712574850299401,False,False,0.4560878243512974,0.4161676646706587,False,False,0.1818578969105877,0.2994011976047904,False,False,104.23999786376952,767.0499877929688
df5609e9e6cea6155b2c56d7,CLEAN_SHEET_R4_2026_V1,2026,2026-09-03T01:27:39.770127+00:00,2026-08-31,IXN,126,6M,3,-0.0107691802497945,0.9700598802395208,True,True,0.8313373253493014,0.9640718562874252,True,True,0.1891040144865294,0.5508982035928144,False,False,141.1300048828125,767.0499877929688
b4d3c63d4c5954509e6dfac0,CLEAN_SHEET_R4_2026_V1,2026,2026-09-03T01:27:39.770127+00:00,2026-08-31,IXP,126,6M,3,-0.0246809495775319,0.1317365269461078,False,False,0.0838323353293413,0.0538922155688622,False,False,0.2266308953043594,0.844311377245509,True,False,116.56999969482422,767.0499877929688
f955461f3f0fc3fb045e72a7,CLEAN_SHEET_R4_2026_V1,2026,2026-09-03T01:27:39.770127+00:00,2026-08-31,IXUS,126,6M,3,-0.019178775428586,0.5269461077844312,False,False,0.5359281437125748,0.5359281437125748,False,False,0.1897850303902981,0.5868263473053892,False,False,97.41999816894533,767.0499877929688
62c25e36ae4509db8ce63a5f,CLEAN_SHEET_R4_2026_V1,2026,2026-09-03T01:27:39.770127+00:00,2026-08-31,IYG,126,6M,3,-0.0139843901146165,0.8083832335329342,True,False,0.7235528942115769,0.8083832335329342,True,False,0.1796756969841159,0.2634730538922156,False,False,97.3000030517578,767.0499877929688
8b94e177e0081d75d80f1f92,CLEAN_SHEET_R4_2026_V1,2026,2026-09-03T01:27:39.770127+00:00,2026-08-31,IYJ,126,6M,3,-0.0237201391178263,0.2155688622754491,False,False,0.374251497005988,0.2634730538922156,False,False,0.1943201205967456,0.7065868263473054,False,False,161.1999969482422,767.0499877929688
001187c7749b0359b3b98e36,CLEAN_SHEET_R4_2026_V1,2026,2026-09-03T01:27:39.770127+00:00,2026-08-31,IYK,126,6M,3,-0.0261442101704366,0.0538922155688622,False,False,0.2964071856287425,0.1886227544910179,False,False,0.1806228308209854,0.281437125748503,False,False,74.66000366210938,767.0499877929688
8fe182e180544ca344dcf397,CLEAN_SHEET_R4_2026_V1,2026,2026-09-03T01:27:39.770127+00:00,2026-08-31,IYT,126,6M,3,-0.0198187067500229,0.4550898203592814,False,False,0.5039920159680639,0.4850299401197604,False,False,0.2086627637223572,0.8263473053892215,True,False,85.13999938964844,767.0499877929688
e530035b218bc06d5b513314,CLEAN_SHEET_R4_2026_V1,2026,2026-09-03T01:27:39.770127+00:00,2026-08-31,IYW,126,6M,3,-0.0110209406153687,0.9461077844311376,True,True,0.8233532934131736,0.9520958083832336,True,True,0.1874838593280043,0.4790419161676646,False,False,251.27999877929688,767.0499877929688
778e8bb66db36e608c3d246c,CLEAN_SHEET_R4_2026_V1,2026,2026-09-03T01:27:39.770127+00:00,2026-08-31,IYZ,126,6M,3,-0.0214506887503787,0.3832335329341317,False,False,0.4780439121756487,0.437125748502994,False,False,0.1513687024561397,0.0239520958083832,False,False,43.119998931884766,767.0499877929688
901a8853e2ab9fc57d5b1bc0,CLEAN_SHEET_R4_2026_V1,2026,2026-09-03T01:27:39.770127+00:00,2026-08-31,JXI,126,6M,3,-0.025417448517913,0.0778443113772455,False,False,0.0568862275449101,0.0179640718562874,False,False,0.2290596009784134,0.8562874251497006,True,False,80.91000366210938,767.0499877929688
66daf430f6d119f8393dc615,CLEAN_SHEET_R4_2026_V1,2026,2026-09-03T01:27:39.770127+00:00,2026-08-31,KBA,126,6M,3,-0.0224691139187739,0.3293413173652694,False,False,0.4401197604790419,0.3772455089820359,False,False,0.1549182108654584,0.029940119760479,False,False,32.91999816894531,767.0499877929688
eec5dcd9191e5a706cb2a6dd,CLEAN_SHEET_R4_2026_V1,2026,2026-09-03T01:27:39.770127+00:00,2026-08-31,KBE,126,6M,3,-0.0167896118514219,0.6706586826347305,False,False,0.6297405189620758,0.688622754491018,False,False,0.1713486047003795,0.0898203592814371,False,False,67.80999755859375,767.0499877929688
f739212c95124efb6f9fdf16,CLEAN_SHEET_R4_2026_V1,2026,2026-09-03T01:27:39.770127+00:00,2026-08-31,KIE,126,6M,3,-0.0179173167634781,0.5988023952095808,False,False,0.5858283433133732,0.6107784431137725,False,False,0.179190921684317,0.2335329341317365,False,False,63.150001525878906,767.0499877929688
6cefb1c79132b4a26c2b6bd6,CLEAN_SHEET_R4_2026_V1,2026,2026-09-03T01:27:39.770127+00:00,2026-08-31,KRE,126,6M,3,-0.0172153471199675,0.6467065868263473,False,False,0.6117764471057884,0.6467065868263473,False,False,0.1767812738020928,0.1796407185628742,False,False,73.55999755859375,767.0499877929688
032abc42f4351025f62bdc55,CLEAN_SHEET_R4_2026_V1,2026,2026-09-03T01:27:39.770127+00:00,2026-08-31,KSA,126,6M,3,-0.0240906624530741,0.18562874251497,False,False,0.3982035928143713,0.3353293413173652,False,False,0.1319859914544107,0.0059880239520958,False,False,38.79999923706055,767.0499877929688
639c6fd40a759aab26eab17c,CLEAN_SHEET_R4_2026_V1,2026,2026-09-03T01:27:39.770127+00:00,2026-08-31,KWEB,126,6M,3,-0.024403008605373,0.1497005988023952,False,False,0.0798403193612774,0.0419161676646706,False,False,0.2581035105239388,0.9520958083832336,True,True,25.809999465942383,767.0499877929688
33836dc93cca14de4cc64277,CLEAN_SHEET_R4_2026_V1,2026,2026-09-03T01:27:39.770127+00:00,2026-08-31,KXI,126,6M,3,-0.027670519504411,0.0119760479041916,False,False,0.2445109780439121,0.1317365269461078,False,False,0.1775851219513069,0.1916167664670658,False,False,68.3499984741211,767.0499877929688
ceb9e5836361f76638d51565,CLEAN_SHEET_R4_2026_V1,2026,2026-09-03T01:27:39.770127+00:00,2026-08-31,MCHI,126,6M,3,-0.0243269297399642,0.1676646706586826,False,False,0.0898203592814371,0.0658682634730539,False,False,0.2410152637152469,0.8922155688622755,True,False,54.720001220703125,767.0499877929688
41aaf6aa8488212119b29867,CLEAN_SHEET_R4_2026_V1,2026,2026-09-03T01:27:39.770127+00:00,2026-08-31,MDY,126,6M,3,-0.0218056588279892,0.3592814371257485,False,False,0.4500998003992016,0.3952095808383233,False,False,0.1779174267320562,0.1976047904191616,False,False,687.1300048828125,767.0499877929688
6815081ba9fae8df196b8863,CLEAN_SHEET_R4_2026_V1,2026,2026-09-03T01:27:39.770127+00:00,2026-08-31,MTUM,126,6M,3,-0.0123357107336887,0.8802395209580839,True,False,0.7754491017964072,0.8802395209580839,True,False,0.1908829413703359,0.6167664670658682,False,False,300.3599853515625,767.0499877929688
506c6e01f025f8cda4ce74a9,CLEAN_SHEET_R4_2026_V1,2026,2026-09-03T01:27:39.770127+00:00,2026-08-31,MXI,126,6M,3,-0.0197191041152663,0.467065868263473,False,False,0.4920159680638722,0.467065868263473,False,False,0.2423461301144455,0.8982035928143712,True,False,115.4499969482422,767.0499877929688
a9bef4c5d94eab9781a41fe4,CLEAN_SHEET_R4_2026_V1,2026,2026-09-03T01:27:39.770127+00:00,2026-08-31,OIH,126,6M,3,-0.0172713154104165,0.6407185628742516,False,False,0.6037924151696606,0.6407185628742516,False,False,0.1879865107471469,0.4910179640718562,False,False,429.1799926757813,767.0499877929688
80fb7e0e7faa9119cec5ba33,CLEAN_SHEET_R4_2026_V1,2026,2026-09-03T01:27:39.770127+00:00,2026-08-31,PAVE,126,6M,3,-0.0247228171456924,0.1257485029940119,False,False,0.3403193612774451,0.2275449101796407,False,False,0.1918939210446645,0.6706586826347305,False,False,54.70000076293945,767.0499877929688
1f13fdc86e626952bf8244bf,CLEAN_SHEET_R4_2026_V1,2026,2026-09-03T01:27:39.770127+00:00,2026-08-31,PBJ,126,6M,3,-0.0278733318512039,0.0059880239520958,False,False,0.2365269461077844,0.1257485029940119,False,False,0.1791738503585987,0.2275449101796407,False,False,47.70000076293945,767.0499877929688
80e1e9e515eb5d39c02901bc,CLEAN_SHEET_R4_2026_V1,2026,2026-09-03T01:27:39.770127+00:00,2026-08-31,PEJ,126,6M,3,-0.0195371587005844,0.4910179640718562,False,False,0.5319361277445109,0.5209580838323353,False,False,0.1738547165703027,0.1257485029940119,False,False,65.37000274658203,767.0499877929688
d73a8fd24fc84806f3067e1c,CLEAN_SHEET_R4_2026_V1,2026,2026-09-03T01:27:39.770127+00:00,2026-08-31,QAT,126,6M,3,-0.0250218791118072,0.1137724550898203,False,False,0.0718562874251497,0.029940119760479,False,False,0.2266624097486645,0.8502994011976048,True,False,17.40999984741211,767.0499877929688
651b10a216c9c45200120fa5,CLEAN_SHEET_R4_2026_V1,2026,2026-09-03T01:27:39.770127+00:00,2026-08-31,QQQ,126,6M,3,-0.0125874710992629,0.8622754491017964,True,False,0.7674650698602794,0.8622754491017964,True,False,0.1892511022219693,0.5748502994011976,False,False,716.760009765625,767.0499877929688
4afe841488b805153b39290d,CLEAN_SHEET_R4_2026_V1,2026,2026-09-03T01:27:39.770127+00:00,2026-08-31,QUAL,126,6M,3,-0.0167275735293482,0.6766467065868264,False,False,0.6237524950099801,0.6736526946107785,False,False,0.1863101213348141,0.4071856287425149,False,False,222.6199951171875,767.0499877929688
942e848227d0f4b94fd4b711,CLEAN_SHEET_R4_2026_V1,2026,2026-09-03T01:27:39.770127+00:00,2026-08-31,REET,126,6M,3,-0.0233477153024927,0.2754491017964072,False,False,0.3942115768463074,0.3293413173652694,False,False,0.1811995275486949,0.2874251497005988,False,False,27.5,767.0499877929688
7b1470c4c42aad5d0d45e985,CLEAN_SHEET_R4_2026_V1,2026,2026-09-03T01:27:39.770127+00:00,2026-08-31,REM,126,6M,3,-0.0261686841798272,0.0419161676646706,False,False,0.2964071856287425,0.1886227544910179,False,False,0.1790416742625541,0.2215568862275449,False,False,21.700000762939453,767.0499877929688
34509de92b048116320e22b0,CLEAN_SHEET_R4_2026_V1,2026,2026-09-03T01:27:39.770127+00:00,2026-08-31,REMX,126,6M,3,-0.0184596061091974,0.5748502994011976,False,False,0.249500998003992,0.1437125748502994,False,False,0.3610931947835298,0.9880239520958084,True,True,77.5199966430664,767.0499877929688
bd9887da06ab3ad170aef4b1,CLEAN_SHEET_R4_2026_V1,2026,2026-09-03T01:27:39.770127+00:00,2026-08-31,REZ,126,6M,3,-0.0220084711747821,0.3413173652694611,False,False,0.4421157684630739,0.3862275449101796,False,False,0.1795084791411607,0.2514970059880239,False,False,93.7699966430664,767.0499877929688
3d59a05a2097a8034a5dcae0,CLEAN_SHEET_R4_2026_V1,2026,2026-09-03T01:27:39.770127+00:00,2026-08-31,RSP,126,6M,3,-0.019289761769441,0.5089820359281437,False,False,0.5419161676646707,0.5568862275449101,False,False,0.1715358989357258,0.0958083832335329,False,False,219.38999938964844,767.0499877929688
f4a732c684fecbf7ca2f3c8c,CLEAN_SHEET_R4_2026_V1,2026,2026-09-03T01:27:39.770127+00:00,2026-08-31,RWO,126,6M,3,-0.0243302827553989,0.1616766467065868,False,False,0.3622754491017964,0.2514970059880239,False,False,0.1765464562859438,0.1616766467065868,False,False,49.470001220703125,767.0499877929688
a3b9273ea83bcfe00b752648,CLEAN_SHEET_R4_2026_V1,2026,2026-09-03T01:27:39.770127+00:00,2026-08-31,RXI,126,6M,3,-0.0224928917499667,0.3173652694610778,False,False,0.1576846307385229,0.1017964071856287,False,False,0.2330763003352231,0.8682634730538922,True,False,198.4600067138672,767.0499877929688
dc064b8e5abbee6ebd17303b,CLEAN_SHEET_R4_2026_V1,2026,2026-09-03T01:27:39.770127+00:00,2026-08-31,SCHD,126,6M,3,-0.0185204401293831,0.5688622754491018,False,False,0.5818363273453094,0.6047904191616766,False,False,0.1497981902371468,0.0179640718562874,False,False,34.88999938964844,767.0499877929688
81fd4d780f35db678cc1be1d,CLEAN_SHEET_R4_2026_V1,2026,2026-09-03T01:27:39.770127+00:00,2026-08-31,SCHY,126,6M,3,-0.0251100378615122,0.1017964071856287,False,False,0.3383233532934131,0.2155688622754491,False,False,0.1704495330409564,0.0778443113772455,False,False,33.220001220703125,767.0499877929688
809400f551c8efbf994206a0,CLEAN_SHEET_R4_2026_V1,2026,2026-09-03T01:27:39.770127+00:00,2026-08-31,SCZ,126,6M,3,-0.0216387041966853,0.3652694610778443,False,False,0.4520958083832335,0.4011976047904191,False,False,0.1850787738777871,0.3652694610778443,False,False,86.80000305175781,767.0499877929688
0fdb014c0a01958d98c90fad,CLEAN_SHEET_R4_2026_V1,2026,2026-09-03T01:27:39.770127+00:00,2026-08-31,SKYY,126,6M,3,-0.0102254383687263,0.9880239520958084,True,True,0.8512974051896207,0.9880239520958084,True,True,0.1874199597338187,0.4610778443113772,False,False,165.33999633789062,767.0499877929688
97b661adc33ff6ff7ebbfd97,CLEAN_SHEET_R4_2026_V1,2026,2026-09-03T01:27:39.770127+00:00,2026-08-31,SLV,126,6M,3,-0.0191012440278282,0.5329341317365269,False,False,0.2295409181636727,0.1197604790419161,False,False,0.3537756558443359,0.9820359281437124,True,True,60.130001068115234,767.0499877929688
03f9758c7c1873115187c8ea,CLEAN_SHEET_R4_2026_V1,2026,2026-09-03T01:27:39.770127+00:00,2026-08-31,SMH,126,6M,3,-0.0105663679030016,0.9760479041916168,True,True,0.8393213572854291,0.9760479041916168,True,True,0.1874473432222722,0.467065868263473,False,False,556.6300048828125,767.0499877929688
36e93c3c1983c392ac4ea668,CLEAN_SHEET_R4_2026_V1,2026,2026-09-03T01:27:39.770127+00:00,2026-08-31,SOXX,126,6M,3,-0.0101319057655944,0.994011976047904,True,True,0.8532934131736528,0.994011976047904,True,True,0.1898766199754952,0.592814371257485,False,False,511.0400085449219,767.0499877929688
7ddd8329b59e25749f1f13b2,CLEAN_SHEET_R4_2026_V1,2026,2026-09-03T01:27:39.770127+00:00,2026-08-31,SPGM,126,6M,3,-0.0159766558670564,0.7005988023952096,False,False,0.6497005988023953,0.7065868263473054,False,False,0.1870648312771315,0.4311377245508982,False,False,87.44000244140625,767.0499877929688
fb62d7c374b87bad89a009d7,CLEAN_SHEET_R4_2026_V1,2026,2026-09-03T01:27:39.770127+00:00,2026-08-31,SPY,126,6M,3,-0.0144791839769034,0.7844311377245509,False,False,0.7035928143712575,0.7754491017964071,False,False,0.1845099768699002,0.3413173652694611,False,False,767.0499877929688,767.0499877929688
f0fdabf16c03b1760687717c,CLEAN_SHEET_R4_2026_V1,2026,2026-09-03T01:27:39.770127+00:00,2026-08-31,THD,126,6M,3,-0.0224140958683678,0.3353293413173652,False,False,0.4261477045908183,0.3592814371257485,False,False,0.182723886191781,0.3173652694610778,False,False,72.37000274658203,767.0499877929688
d07909a89beb0a0e3304e17f,CLEAN_SHEET_R4_2026_V1,2026,2026-09-03T01:27:39.770127+00:00,2026-08-31,TUR,126,6M,3,-0.0239779695150252,0.1976047904191616,False,False,0.3802395209580838,0.2904191616766467,False,False,0.1666060067671469,0.0718562874251497,False,False,40.33000183105469,767.0499877929688
0ba52409a2d7566c3e293756,CLEAN_SHEET_R4_2026_V1,2026,2026-09-03T01:27:39.770127+00:00,2026-08-31,UAE,126,6M,3,-0.0232078915178163,0.2934131736526946,False,False,0.3862275449101797,0.3083832335329341,False,False,0.2063093087398193,0.8023952095808383,True,False,19.450000762939453,767.0499877929688
64c1f24770ff507dbf660463,CLEAN_SHEET_R4_2026_V1,2026,2026-09-03T01:27:39.770127+00:00,2026-08-31,URA,126,6M,3,-0.0174482012124697,0.6287425149700598,False,False,0.279441117764471,0.1616766467065868,False,False,0.3772140547359047,1.0,True,True,45.5099983215332,767.0499877929688
a7b4a4efe3adc300a4e4dc84,CLEAN_SHEET_R4_2026_V1,2026,2026-09-03T01:27:39.770127+00:00,2026-08-31,URTH,126,6M,3,-0.0157292589359129,0.718562874251497,False,False,0.6596806387225548,0.718562874251497,False,False,0.1846091930801437,0.3473053892215569,False,False,208.82000732421875,767.0499877929688
cf1645c62d08f5c8c1903551,CLEAN_SHEET_R4_2026_V1,2026,2026-09-03T01:27:39.770127+00:00,2026-08-31,USMV,126,6M,3,-0.0232759998715147,0.2874251497005988,False,False,0.4061876247504989,0.3413173652694611,False,False,0.1643317111324531,0.0658682634730539,False,False,101.5199966430664,767.0499877929688
029bce95c4718c9361663393,CLEAN_SHEET_R4_2026_V1,2026,2026-09-03T01:27:39.770127+00:00,2026-08-31,VEA,126,6M,3,-0.0190808793910233,0.5389221556886228,False,False,0.5359281437125749,0.5449101796407185,False,False,0.1964665864255468,0.7305389221556886,False,False,72.91999816894531,767.0499877929688
a114af70525be9cccfe61d7d,CLEAN_SHEET_R4_2026_V1,2026,2026-09-03T01:27:39.770127+00:00,2026-08-31,VEU,126,6M,3,-0.0193370031910283,0.5029940119760479,False,False,0.5299401197604791,0.5149700598802395,False,False,0.1906244833526275,0.6107784431137725,False,False,85.25,767.0499877929688
36085a2a8e5c5ec31f3c0632,CLEAN_SHEET_R4_2026_V1,2026,2026-09-03T01:27:39.770127+00:00,2026-08-31,VGK,126,6M,3,-0.0198807450720965,0.4491017964071856,False,False,0.5099800399201597,0.4910179640718562,False,False,0.1923305169132199,0.6766467065868264,False,False,91.66000366210938,767.0499877929688
ee9efef87dc6392b493e1068,CLEAN_SHEET_R4_2026_V1,2026,2026-09-03T01:27:39.770127+00:00,2026-08-31,VNM,126,6M,3,-0.0230034327527827,0.2994011976047904,False,False,0.1337325349301397,0.0958083832335329,False,False,0.2468246772118291,0.9221556886227544,True,True,18.059999465942383,767.0499877929688
a526d10c834375ae55715fa6,CLEAN_SHEET_R4_2026_V1,2026,2026-09-03T01:27:39.770127+00:00,2026-08-31,VNQ,126,6M,3,-0.0236038391024977,0.2335329341317365,False,False,0.3882235528942115,0.3173652694610778,False,False,0.17571213003051,0.1497005988023952,False,False,96.44000244140624,767.0499877929688
9a0f7abd24200b457238b3e7,CLEAN_SHEET_R4_2026_V1,2026,2026-09-03T01:27:39.770127+00:00,2026-08-31,VPL,126,6M,3,-0.0157432994792481,0.7125748502994012,False,False,0.6437125748502993,0.7005988023952096,False,False,0.2154770745243104,0.8323353293413174,True,False,115.4499969482422,767.0499877929688
4c009b62d5141a72f8ca4411,CLEAN_SHEET_R4_2026_V1,2026,2026-09-03T01:27:39.770127+00:00,2026-08-31,VSS,126,6M,3,-0.0227017139494311,0.311377245508982,False,False,0.4121756487025947,0.3532934131736527,False,False,0.190070878472985,0.5988023952095808,False,False,160.10000610351562,767.0499877929688
c6ceb1134294f11cd9698b05,CLEAN_SHEET_R4_2026_V1,2026,2026-09-03T01:27:39.770127+00:00,2026-08-31,VT,126,6M,3,-0.0162039422232399,0.6946107784431138,False,False,0.6417165668662675,0.6946107784431138,False,False,0.1870830599673748,0.4431137724550898,False,False,160.5500030517578,767.0499877929688
1ff7345a39e197d893728673,CLEAN_SHEET_R4_2026_V1,2026,2026-09-03T01:27:39.770127+00:00,2026-08-31,VWO,126,6M,3,-0.0213554495500528,0.3952095808383233,False,False,0.468063872255489,0.4311377245508982,False,False,0.1739924882078076,0.1317365269461078,False,False,60.52000045776367,767.0499877929688
10f21cc42365f5c49308e29a,CLEAN_SHEET_R4_2026_V1,2026,2026-09-03T01:27:39.770127+00:00,2026-08-31,VXUS,126,6M,3,-0.0195887635566025,0.4790419161676646,False,False,0.5219560878243513,0.497005988023952,False,False,0.188994337631436,0.5449101796407185,False,False,87.31999969482422,767.0499877929688
950d3f0b479e261889a11d57,CLEAN_SHEET_R4_2026_V1,2026,2026-09-03T01:27:39.770127+00:00,2026-08-31,VYMI,126,6M,3,-0.0189401053663041,0.5449101796407185,False,False,0.5499001996007985,0.5748502994011976,False,False,0.1792702698573085,0.2395209580838323,False,False,105.16999816894533,767.0499877929688
d37c40a112fabec744c84574,CLEAN_SHEET_R4_2026_V1,2026,2026-09-03T01:27:39.770127+00:00,2026-08-31,XAR,126,6M,3,-0.0251871271459171,0.0898203592814371,False,False,0.0578842315369261,0.0239520958083832,False,False,0.2450477629392552,0.9041916167664672,True,True,256.5199890136719,767.0499877929688
c0269a37ffeb7f84b41bcd6b,CLEAN_SHEET_R4_2026_V1,2026,2026-09-03T01:27:39.770127+00:00,2026-08-31,XBI,126,6M,3,-0.0114798767621666,0.9281437125748504,True,True,0.8093812375249501,0.9281437125748504,True,True,0.1834667762003589,0.3293413173652694,False,False,162.5,767.0499877929688
b7c16b64e82a014af1e8a5c5,CLEAN_SHEET_R4_2026_V1,2026,2026-09-03T01:27:39.770127+00:00,2026-08-31,XHB,126,6M,3,-0.0242980922961428,0.1736526946107784,False,False,0.0878243512974051,0.059880239520958,False,False,0.2479509905955077,0.940119760479042,True,True,102.80999755859376,767.0499877929688
e50ebff8f45eaf35ff0d7e1f,CLEAN_SHEET_R4_2026_V1,2026,2026-09-03T01:27:39.770127+00:00,2026-08-31,XLB,126,6M,3,-0.0236266065146944,0.2275449101796407,False,False,0.3762475049900199,0.2724550898203592,False,False,0.196845316398815,0.7425149700598802,False,False,52.68999862670898,767.0499877929688
1a7667463ab6c4d1d3ca37bb,CLEAN_SHEET_R4_2026_V1,2026,2026-09-03T01:27:39.770127+00:00,2026-08-31,XLC,126,6M,3,-0.0247902293211929,0.1197604790419161,False,False,0.0778443113772455,0.0359281437125748,False,False,0.2313786158768965,0.8622754491017964,True,False,111.45999908447266,767.0499877929688
53e00c6fe596c50ea5b65151,CLEAN_SHEET_R4_2026_V1,2026,2026-09-03T01:27:39.770127+00:00,2026-08-31,XLE,126,6M,3,-0.0144879108457649,0.7784431137724551,False,False,0.7075848303393214,0.7904191616766467,False,False,0.1765720447794075,0.1676646706586826,False,False,63.959999084472656,767.0499877929688
58f284499a1bdaa96b69c71e,CLEAN_SHEET_R4_2026_V1,2026,2026-09-03T01:27:39.770127+00:00,2026-08-31,XLF,126,6M,3,-0.0145080214207248,0.7724550898203593,False,False,0.7055888223552894,0.7844311377245509,False,False,0.1789266260545989,0.2155688622754491,False,False,57.709999084472656,767.0499877929688
9c80387502ea54a004a768b0,CLEAN_SHEET_R4_2026_V1,2026,2026-09-03T01:27:39.770127+00:00,2026-08-31,XLI,126,6M,3,-0.0243976347519462,0.155688622754491,False,False,0.3483033932135728,0.2365269461077844,False,False,0.198612441560777,0.7664670658682635,False,False,175.1300048828125,767.0499877929688
080d93b0f1c1518674536d86,CLEAN_SHEET_R4_2026_V1,2026,2026-09-03T01:27:39.770127+00:00,2026-08-31,XLK,126,6M,3,-0.0108181282685758,0.9580838323353292,True,True,0.8313373253493014,0.9640718562874252,True,True,0.185838128818088,0.3772455089820359,False,False,186.5,767.0499877929688
fff19d42161841a6f7c15ba9,CLEAN_SHEET_R4_2026_V1,2026,2026-09-03T01:27:39.770127+00:00,2026-08-31,XLP,126,6M,3,-0.0272404208014346,0.0239520958083832,False,False,0.2604790419161676,0.155688622754491,False,False,0.1759900769103019,0.155688622754491,False,False,84.9800033569336,767.0499877929688
3114447dff7ccadc19d2ce05,CLEAN_SHEET_R4_2026_V1,2026,2026-09-03T01:27:39.770127+00:00,2026-08-31,XLRE,126,6M,3,-0.0242655875960885,0.1796407185628742,False,False,0.3662674650698602,0.2574850299401197,False,False,0.1734424622752043,0.1137724550898203,False,False,44.11000061035156,767.0499877929688
4a7a4c09892c79a91a3269e8,CLEAN_SHEET_R4_2026_V1,2026,2026-09-03T01:27:39.770127+00:00,2026-08-31,XLU,126,6M,3,-0.0256403714396658,0.0658682634730539,False,False,0.0469061876247504,0.0119760479041916,False,False,0.233853554180631,0.874251497005988,True,False,42.22999954223633,767.0499877929688
a577dec0fcd6ca3be8492809,CLEAN_SHEET_R4_2026_V1,2026,2026-09-03T01:27:39.770127+00:00,2026-08-31,XLV,126,6M,3,-0.0169015484323197,0.6646706586826348,False,False,0.6137724550898204,0.6526946107784432,False,False,0.1937577597505611,0.6946107784431138,False,False,170.5399932861328,767.0499877929688
231e1e66e1306e3a1b91c343,CLEAN_SHEET_R4_2026_V1,2026,2026-09-03T01:27:39.770127+00:00,2026-08-31,XLY,126,6M,3,-0.0218197595502775,0.3473053892215569,False,False,0.18562874251497,0.1137724550898203,False,False,0.2235594901928604,0.8383233532934131,True,False,116.58999633789062,767.0499877929688
c3db4ae73e2831411267a139,CLEAN_SHEET_R4_2026_V1,2026,2026-09-03T01:27:39.770127+00:00,2026-08-31,XME,126,6M,3,-0.0195950274711191,0.4730538922155688,False,False,0.4800399201596806,0.4491017964071856,False,False,0.2817102128090415,0.9640718562874252,True,True,118.12999725341795,767.0499877929688
8bad6f0be9100f8e75e3d12a,CLEAN_SHEET_R4_2026_V1,2026,2026-09-03T01:27:39.770127+00:00,2026-08-31,XOP,126,6M,3,-0.013006186096141,0.8502994011976048,True,False,0.7574850299401198,0.8562874251497006,True,False,0.1803917679317649,0.2694610778443114,False,False,188.9600067138672,767.0499877929688
c915bca947267ebcdc285523,CLEAN_SHEET_R4_2026_V1,2026,2026-09-03T01:27:39.770127+00:00,2026-08-31,XPH,126,6M,3,-0.0115200979120864,0.9221556886227544,True,True,0.8053892215568862,0.9221556886227544,True,True,0.1883429835585509,0.5149700598802395,False,False,70.62000274658203,767.0499877929688
e772f86a1ef7faac898dd4d0,CLEAN_SHEET_R4_2026_V1,2026,2026-09-03T01:27:39.770127+00:00,2026-08-31,XRT,126,6M,3,-0.0251257850020414,0.0958083832335329,False,False,0.3343313373253493,0.2095808383233532,False,False,0.1766074543705991,0.1736526946107784,False,False,86.0999984741211,767.0499877929688
d30616ae66f6efdbd566b5e4,CLEAN_SHEET_R4_2026_V1,2026,2026-09-03T01:27:39.770127+00:00,2026-08-31,AAXJ,189,9M,5,-0.0213175548597008,0.7305389221556886,False,False,0.2502994011976048,0.3952095808383233,False,False,0.2957463046934676,0.9101796407185628,True,True,116.76000213623048,767.0499877929688
74f1a235b1da1dbfb419e5de,CLEAN_SHEET_R4_2026_V1,2026,2026-09-03T01:27:39.770127+00:00,2026-08-31,ACWI,189,9M,5,-0.0237108511457623,0.6766467065868264,False,False,0.3161676646706587,0.5299401197604791,False,False,0.1295561864370007,0.0718562874251497,False,False,160.67999267578125,767.0499877929688
58aa516eb2bde52ca0f7e7b3,CLEAN_SHEET_R4_2026_V1,2026,2026-09-03T01:27:39.770127+00:00,2026-08-31,ACWX,189,9M,5,-0.0342803003464507,0.3652694610778443,False,False,0.2215568862275449,0.3233532934131736,False,False,0.1230508644267708,0.0479041916167664,False,False,77.4000015258789,767.0499877929688
6eba78ed4afd2cf34a3c7d6a,CLEAN_SHEET_R4_2026_V1,2026,2026-09-03T01:27:39.770127+00:00,2026-08-31,AFK,189,9M,5,-0.0337453385427603,0.3892215568862275,False,False,0.4011976047904191,0.718562874251497,False,False,0.213192873827565,0.6706586826347305,False,False,29.1200008392334,767.0499877929688
21f62ae4388f5e0c9c830848,CLEAN_SHEET_R4_2026_V1,2026,2026-09-03T01:27:39.770127+00:00,2026-08-31,ARGT,189,9M,5,-0.0344455390199631,0.3592814371257485,False,False,0.1820359281437125,0.281437125748503,False,False,0.2037664021884119,0.6227544910179641,False,False,94.5500030517578,767.0499877929688
04922a5d13df65947ce1862e,CLEAN_SHEET_R4_2026_V1,2026,2026-09-03T01:27:39.770127+00:00,2026-08-31,ASEA,189,9M,5,-0.0397031358503478,0.1736526946107784,False,False,0.525748502994012,0.874251497005988,True,False,0.1226097057973756,0.0419161676646706,False,False,21.6299991607666,767.0499877929688
f7ebb19ee19b284ca7225174,CLEAN_SHEET_R4_2026_V1,2026,2026-09-03T01:27:39.770127+00:00,2026-08-31,CARZ,189,9M,5,-0.0130232063880748,0.9580838323353292,True,True,0.2526946107784431,0.4011976047904191,False,False,0.36111822291162,0.9461077844311376,True,True,106.43000030517578,767.0499877929688
87f88ac259fcafc6a0598fe1,CLEAN_SHEET_R4_2026_V1,2026,2026-09-03T01:27:39.770127+00:00,2026-08-31,CIBR,189,9M,5,-0.016941813583315,0.8862275449101796,True,False,0.6347305389221557,0.9461077844311376,True,True,0.1784482944833597,0.4910179640718562,False,False,100.1500015258789,767.0499877929688
89afb9e50d0b4b255be92a3f,CLEAN_SHEET_R4_2026_V1,2026,2026-09-03T01:27:39.770127+00:00,2026-08-31,CORO,189,9M,5,-0.0197846544602224,0.7844311377245509,False,False,0.4562874251497006,0.7994011976047904,False,False,0.1275388034607223,0.059880239520958,False,False,37.060001373291016,767.0499877929688
485ce314a3a110c13fb6f339,CLEAN_SHEET_R4_2026_V1,2026,2026-09-03T01:27:39.770127+00:00,2026-08-31,CPER,189,9M,5,-0.0228902647189289,0.6946107784431138,False,False,0.3664670658682635,0.6586826347305389,False,False,0.2102864607535081,0.6526946107784432,False,False,40.0,767.0499877929688
b18ce6b29367b81e250efc65,CLEAN_SHEET_R4_2026_V1,2026,2026-09-03T01:27:39.770127+00:00,2026-08-31,CQQQ,189,9M,5,-0.0350141610964042,0.3413173652694611,False,False,-0.0119760479041916,0.0359281437125748,False,False,0.2277616489846773,0.7365269461077845,False,False,49.13999938964844,767.0499877929688
9cdbb3192bddf9a58adbb639,CLEAN_SHEET_R4_2026_V1,2026,2026-09-03T01:27:39.770127+00:00,2026-08-31,DBEF,189,9M,5,-0.0269055713392285,0.5868263473053892,False,False,0.4143712574850299,0.7574850299401198,False,False,0.1430493517966848,0.1796407185628742,False,False,55.7400016784668,767.0499877929688
e358ce5a30c4ad0d2485f116,CLEAN_SHEET_R4_2026_V1,2026,2026-09-03T01:27:39.770127+00:00,2026-08-31,DEM,189,9M,5,-0.0329757477012732,0.4311377245508982,False,False,0.3005988023952096,0.4910179640718562,False,False,0.1082805786252275,0.0179640718562874,False,False,55.63999938964844,767.0499877929688
12ccea1886ee13bf83dad3c5,CLEAN_SHEET_R4_2026_V1,2026,2026-09-03T01:27:39.770127+00:00,2026-08-31,DGS,189,9M,5,-0.0395726158418194,0.18562874251497,False,False,0.2179640718562874,0.311377245508982,False,False,0.1838140485705448,0.5329341317365269,False,False,64.2699966430664,767.0499877929688
586e68fd7cfbb92add4668f2,CLEAN_SHEET_R4_2026_V1,2026,2026-09-03T01:27:39.770127+00:00,2026-08-31,DIA,189,9M,5,-0.0205732177989687,0.7604790419161677,False,False,0.4407185628742516,0.7784431137724551,False,False,0.1585196232823202,0.3233532934131736,False,False,531.5700073242188,767.0499877929688
9f0beb3d70c596a9f88f2556,CLEAN_SHEET_R4_2026_V1,2026,2026-09-03T01:27:39.770127+00:00,2026-08-31,DXJ,189,9M,5,-0.0226625468259891,0.7005988023952096,False,False,0.4730538922155688,0.8323353293413174,True,False,0.1659283563347753,0.3832335329341317,False,False,179.61000061035156,767.0499877929688
d75eac2a3266b14fd9f60278,CLEAN_SHEET_R4_2026_V1,2026,2026-09-03T01:27:39.770127+00:00,2026-08-31,ECH,189,9M,5,-0.0432242373632409,0.0658682634730539,False,False,0.1532934131736527,0.2275449101796407,False,False,0.2590567912604034,0.8502994011976048,True,False,40.5,767.0499877929688
d87d76b694b48af0390e62fc,CLEAN_SHEET_R4_2026_V1,2026,2026-09-03T01:27:39.770127+00:00,2026-08-31,EDEN,189,9M,5,-0.0216724322538351,0.7245508982035929,False,False,0.5005988023952096,0.8502994011976048,True,False,0.2050429749063573,0.6347305389221557,False,False,117.33000183105467,767.0499877929688
867063b81a0ad774a59e76f5,CLEAN_SHEET_R4_2026_V1,2026,2026-09-03T01:27:39.770127+00:00,2026-08-31,EEM,189,9M,5,-0.0220531805129104,0.7065868263473054,False,False,0.2419161676646706,0.3592814371257485,False,False,0.2847158570375316,0.8802395209580839,True,False,67.0199966430664,767.0499877929688
0d46fb6991b7d03c26add7d5,CLEAN_SHEET_R4_2026_V1,2026,2026-09-03T01:27:39.770127+00:00,2026-08-31,EEMO,189,9M,5,-0.0167742366273791,0.8922155688622755,True,False,0.281437125748503,0.4550898203592814,False,False,0.3956679714074374,0.9760479041916168,True,True,22.18000030517578,767.0499877929688
8936b5e2d4d500638486fd2e,CLEAN_SHEET_R4_2026_V1,2026,2026-09-03T01:27:39.770127+00:00,2026-08-31,EEMV,189,9M,5,-0.0207200486286303,0.7544910179640718,False,False,0.4095808383233533,0.7425149700598802,False,False,0.1906454065144914,0.562874251497006,False,False,75.69000244140625,767.0499877929688
962568e82748503f407a3218,CLEAN_SHEET_R4_2026_V1,2026,2026-09-03T01:27:39.770127+00:00,2026-08-31,EFA,189,9M,5,-0.0367731968193881,0.281437125748503,False,False,0.3173652694610778,0.5389221556886228,False,False,0.1348645589995751,0.1437125748502994,False,False,107.4499969482422,767.0499877929688
f753fd5e94a914896b825021,CLEAN_SHEET_R4_2026_V1,2026,2026-09-03T01:27:39.770127+00:00,2026-08-31,EFAV,189,9M,5,-0.0467741246495006,0.0239520958083832,False,False,0.3508982035928144,0.6347305389221557,False,False,0.1300189312560046,0.0838323353293413,False,False,94.12000274658205,767.0499877929688
ff51c49206e848dd38348129,CLEAN_SHEET_R4_2026_V1,2026,2026-09-03T01:27:39.770127+00:00,2026-08-31,EFG,189,9M,5,-0.0334157806767457,0.4071856287425149,False,False,0.1772455089820359,0.2634730538922156,False,False,0.1438270863477923,0.1916167664670658,False,False,124.37999725341795,767.0499877929688
ec36817f10dbd67822ff12d9,CLEAN_SHEET_R4_2026_V1,2026,2026-09-03T01:27:39.770127+00:00,2026-08-31,EFNL,189,9M,5,-0.0291167151306822,0.5568862275449101,False,False,0.2431137724550898,0.3682634730538922,False,False,0.2445534572344211,0.7844311377245509,False,False,54.77999877929688,767.0499877929688
0475ed7c7dffb9d9b7a0ada0,CLEAN_SHEET_R4_2026_V1,2026,2026-09-03T01:27:39.770127+00:00,2026-08-31,EFV,189,9M,5,-0.0287689359716373,0.562874251497006,False,False,0.5473053892215569,0.8922155688622755,True,False,0.1325750068289057,0.1137724550898203,False,False,81.80999755859375,767.0499877929688
c36ae091a543f39e5b729c76,CLEAN_SHEET_R4_2026_V1,2026,2026-09-03T01:27:39.770127+00:00,2026-08-31,EIDO,189,9M,5,-0.0195964597521195,0.7964071856287425,False,False,0.4083832335329342,0.7365269461077845,False,False,0.3896381718614127,0.9580838323353292,True,True,12.729999542236328,767.0499877929688
71b726da903288f0c6e9b57a,CLEAN_SHEET_R4_2026_V1,2026,2026-09-03T01:27:39.770127+00:00,2026-08-31,EIRL,189,9M,5,-0.0236217991573188,0.6826347305389222,False,False,0.4622754491017963,0.8143712574850299,True,False,0.1742877735475011,0.4491017964071856,False,False,82.98999786376953,767.0499877929688
998c54bf4ab9f936a34e6625,CLEAN_SHEET_R4_2026_V1,2026,2026-09-03T01:27:39.770127+00:00,2026-08-31,EIS,189,9M,5,-0.0355192285078525,0.311377245508982,False,False,0.029940119760479,0.0838323353293413,False,False,0.2494054952565205,0.8083832335329342,True,False,122.8000030517578,767.0499877929688
f5a056755197ca1263d84361,CLEAN_SHEET_R4_2026_V1,2026,2026-09-03T01:27:39.770127+00:00,2026-08-31,EMXC,189,9M,5,-0.0164824363668122,0.9101796407185628,True,True,0.3221556886227544,0.5508982035928144,False,False,0.3268875224189744,0.940119760479042,True,True,98.23999786376952,767.0499877929688
f8209ff52f79ceb64f97431b,CLEAN_SHEET_R4_2026_V1,2026,2026-09-03T01:27:39.770127+00:00,2026-08-31,ENOR,189,9M,5,-0.0353850951115733,0.3173652694610778,False,False,0.5023952095808383,0.8562874251497006,True,False,0.1431420680802065,0.18562874251497,False,False,36.900001525878906,767.0499877929688
94138f1d639774a9983b7c6a,CLEAN_SHEET_R4_2026_V1,2026,2026-09-03T01:27:39.770127+00:00,2026-08-31,ENZL,189,9M,5,-0.0353322679288039,0.3293413173652694,False,False,0.4131736526946108,0.7485029940119761,False,False,0.1663323264084064,0.3892215568862275,False,False,48.119998931884766,767.0499877929688
56c9ae9f35fed013e08b0ad8,CLEAN_SHEET_R4_2026_V1,2026,2026-09-03T01:27:39.770127+00:00,2026-08-31,EPHE,189,9M,5,-0.0373872573328864,0.2634730538922156,False,False,0.0592814371257484,0.1077844311377245,False,False,0.1981027519120968,0.5868263473053892,False,False,23.75,767.0499877929688
e416aebb14f39a7aaa5c953b,CLEAN_SHEET_R4_2026_V1,2026,2026-09-03T01:27:39.770127+00:00,2026-08-31,EPOL,189,9M,5,-0.0172466318248742,0.8802395209580839,True,False,0.6455089820359282,0.9640718562874252,True,True,0.1712573887985216,0.4251497005988024,False,False,44.09999847412109,767.0499877929688
e3a11bad942f04a8c1a24033,CLEAN_SHEET_R4_2026_V1,2026,2026-09-03T01:27:39.770127+00:00,2026-08-31,EPP,189,9M,5,-0.0430656484544445,0.0718562874251497,False,False,0.3856287425149701,0.6946107784431138,False,False,0.1571004524275396,0.2994011976047904,False,False,57.790000915527344,767.0499877929688
322e4c553ffb720b739dc47c,CLEAN_SHEET_R4_2026_V1,2026,2026-09-03T01:27:39.770127+00:00,2026-08-31,EPU,189,9M,5,-0.0145669114564102,0.940119760479042,True,True,0.5940119760479041,0.9221556886227544,True,True,0.2517450781411521,0.8203592814371258,True,False,91.55999755859376,767.0499877929688
53d2b8862acb93454f2f8062,CLEAN_SHEET_R4_2026_V1,2026,2026-09-03T01:27:39.770127+00:00,2026-08-31,EWA,189,9M,5,-0.0423448264544381,0.0838323353293413,False,False,0.311377245508982,0.5089820359281437,False,False,0.1517048733450432,0.2574850299401197,False,False,30.020000457763672,767.0499877929688
3bd88d594efb30d52a64f623,CLEAN_SHEET_R4_2026_V1,2026,2026-09-03T01:27:39.770127+00:00,2026-08-31,EWC,189,9M,5,-0.0336746159047262,0.3952095808383233,False,False,0.3413173652694611,0.6077844311377245,False,False,0.1510952431702321,0.2395209580838323,False,False,61.43000030517578,767.0499877929688
78ecb211c94ba345aeac2d12,CLEAN_SHEET_R4_2026_V1,2026,2026-09-03T01:27:39.770127+00:00,2026-08-31,EWD,189,9M,5,-0.0329244323317903,0.437125748502994,False,False,0.4035928143712574,0.7305389221556886,False,False,0.1701547395861712,0.4191616766467065,False,False,53.40999984741211,767.0499877929688
000c2b006a869fea0a266b0a,CLEAN_SHEET_R4_2026_V1,2026,2026-09-03T01:27:39.770127+00:00,2026-08-31,EWG,189,9M,5,-0.0331913966961546,0.4251497005988024,False,False,0.3652694610778443,0.6526946107784432,False,False,0.1545541257419669,0.281437125748503,False,False,44.22999954223633,767.0499877929688
621d9127010364127f96e50f,CLEAN_SHEET_R4_2026_V1,2026,2026-09-03T01:27:39.770127+00:00,2026-08-31,EWH,189,9M,5,-0.0401056058354547,0.1437125748502994,False,False,0.2706586826347306,0.437125748502994,False,False,0.2491982436501209,0.8023952095808383,True,False,22.90999984741211,767.0499877929688
d53f722e21a27084ac2b4d17,CLEAN_SHEET_R4_2026_V1,2026,2026-09-03T01:27:39.770127+00:00,2026-08-31,EWI,189,9M,5,-0.0174560822788095,0.874251497005988,True,False,0.511377245508982,0.8682634730538922,True,False,0.1683933940061922,0.4131736526946107,False,False,62.27999877929688,767.0499877929688
9b015f8a3f89771aaad69bf2,CLEAN_SHEET_R4_2026_V1,2026,2026-09-03T01:27:39.770127+00:00,2026-08-31,EWJ,189,9M,5,-0.0300026383596644,0.5329341317365269,False,False,0.2790419161676646,0.4431137724550898,False,False,0.1881647546488441,0.5568862275449101,False,False,95.87999725341795,767.0499877929688
cae323c91025ba5d8517d4bc,CLEAN_SHEET_R4_2026_V1,2026,2026-09-03T01:27:39.770127+00:00,2026-08-31,EWL,189,9M,5,-0.0297872990855958,0.5449101796407185,False,False,0.2479041916167665,0.3802395209580838,False,False,0.1540127810127567,0.2694610778443114,False,False,62.79999923706055,767.0499877929688
b006436d6ad0d61f7c75b61b,CLEAN_SHEET_R4_2026_V1,2026,2026-09-03T01:27:39.770127+00:00,2026-08-31,EWM,189,9M,5,-0.0401640065317341,0.1377245508982036,False,False,0.1580838323353293,0.2335329341317365,False,False,0.2247963584983128,0.7305389221556886,False,False,28.38999938964844,767.0499877929688
a59cbad2ad8111e253d13389,CLEAN_SHEET_R4_2026_V1,2026,2026-09-03T01:27:39.770127+00:00,2026-08-31,EWN,189,9M,5,-0.0084294804539623,0.9820359281437124,True,True,0.3389221556886228,0.5958083832335329,False,False,0.2073378299005413,0.6467065868263473,False,False,68.31999969482422,767.0499877929688
937400be477df5fdb95d2640,CLEAN_SHEET_R4_2026_V1,2026,2026-09-03T01:27:39.770127+00:00,2026-08-31,EWO,189,9M,5,-0.0240136411331317,0.6526946107784432,False,False,0.5089820359281437,0.8622754491017964,True,False,0.1515409332744537,0.2455089820359281,False,False,44.040000915527344,767.0499877929688
a69b0dcb8c36312fa09148af,CLEAN_SHEET_R4_2026_V1,2026,2026-09-03T01:27:39.770127+00:00,2026-08-31,EWP,189,9M,5,-0.0174985793665144,0.8682634730538922,True,False,0.6419161676646707,0.9580838323353292,True,True,0.1664551670374498,0.3952095808383233,False,False,62.400001525878906,767.0499877929688
468280e0cf7f3e07c20613ce,CLEAN_SHEET_R4_2026_V1,2026,2026-09-03T01:27:39.770127+00:00,2026-08-31,EWQ,189,9M,5,-0.0291673614435647,0.5508982035928144,False,False,0.2071856287425149,0.2994011976047904,False,False,0.1670049034786306,0.4071856287425149,False,False,45.86000061035156,767.0499877929688
91e506eb86babe0a71ef6311,CLEAN_SHEET_R4_2026_V1,2026,2026-09-03T01:27:39.770127+00:00,2026-08-31,EWS,189,9M,5,-0.0185133465982109,0.844311377245509,True,False,0.7281437125748503,1.0,True,True,0.1577605022768728,0.311377245508982,False,False,34.16999816894531,767.0499877929688
b6bb4ed627f4c3adaa7d6759,CLEAN_SHEET_R4_2026_V1,2026,2026-09-03T01:27:39.770127+00:00,2026-08-31,EWT,189,9M,5,-0.0193596319956305,0.8143712574850299,True,False,0.4479041916167664,0.7844311377245509,False,False,0.246572499867632,0.7904191616766467,False,False,108.02999877929688,767.0499877929688
a16d4f32925819b0248232ad,CLEAN_SHEET_R4_2026_V1,2026,2026-09-03T01:27:39.770127+00:00,2026-08-31,EWU,189,9M,5,-0.0419120606518464,0.0958083832335329,False,False,0.2191616766467066,0.3173652694610778,False,False,0.1576464482116249,0.3053892215568862,False,False,48.369998931884766,767.0499877929688
fd5dd2b88b33dba172c689e6,CLEAN_SHEET_R4_2026_V1,2026,2026-09-03T01:27:39.770127+00:00,2026-08-31,EWW,189,9M,5,-0.0373401322240177,0.2694610778443114,False,False,0.104191616766467,0.1497005988023952,False,False,0.1636204314951889,0.3652694610778443,False,False,76.72000122070312,767.0499877929688
77f41034d4c9fefb9cfe218f,CLEAN_SHEET_R4_2026_V1,2026,2026-09-03T01:27:39.770127+00:00,2026-08-31,EWY,189,9M,5,-0.0087127284276626,0.9760479041916168,True,True,0.4215568862275448,0.7664670658682635,False,False,0.4268034486469389,0.9880239520958084,True,True,180.8600006103516,767.0499877929688
1a8d46c7fcae8a58facee339,CLEAN_SHEET_R4_2026_V1,2026,2026-09-03T01:27:39.770127+00:00,2026-08-31,EWZ,189,9M,5,-0.0473127223377282,0.0179640718562874,False,False,0.0443113772455089,0.0958083832335329,False,False,0.2713699759755804,0.8682634730538922,True,False,36.02999877929688,767.0499877929688
28b201bf2f9da5afe8fad612,CLEAN_SHEET_R4_2026_V1,2026,2026-09-03T01:27:39.770127+00:00,2026-08-31,EXI,189,9M,5,-0.034968083968696,0.3473053892215569,False,False,0.1592814371257485,0.2395209580838323,False,False,0.1752995476804769,0.467065868263473,False,False,197.8000030517578,767.0499877929688
4e631ba8be4fb61096ccd1a6,CLEAN_SHEET_R4_2026_V1,2026,2026-09-03T01:27:39.770127+00:00,2026-08-31,EZA,189,9M,5,-0.0426959700297244,0.0778443113772455,False,False,0.2910179640718563,0.4640718562874251,False,False,0.2239261475937188,0.7245508982035929,False,False,70.5,767.0499877929688
a1385b5d5b33b1b1808683dd,CLEAN_SHEET_R4_2026_V1,2026,2026-09-03T01:27:39.770127+00:00,2026-08-31,EZU,189,9M,5,-0.0255469933914785,0.6107784431137725,False,False,0.2958083832335329,0.4790419161676646,False,False,0.1583412057833346,0.3173652694610778,False,False,70.45999908447266,767.0499877929688
0c92d3446c548a3ac3d5b5d4,CLEAN_SHEET_R4_2026_V1,2026,2026-09-03T01:27:39.770127+00:00,2026-08-31,FDN,189,9M,5,-0.0165662793631606,0.8982035928143712,True,False,0.6479041916167665,0.9700598802395208,True,True,0.1649576452397739,0.3772455089820359,False,False,292.489990234375,767.0499877929688
7671a23e583ed353f712f0b2,CLEAN_SHEET_R4_2026_V1,2026,2026-09-03T01:27:39.770127+00:00,2026-08-31,FEZ,189,9M,5,-0.0261881949389211,0.5988023952095808,False,False,0.3724550898203593,0.6646706586826348,False,False,0.1598229700995049,0.3353293413173652,False,False,70.83999633789062,767.0499877929688
9988f2764afbcb04504433a6,CLEAN_SHEET_R4_2026_V1,2026,2026-09-03T01:27:39.770127+00:00,2026-08-31,GLD,189,9M,5,-0.0381851777686314,0.2395209580838323,False,False,0.2263473053892215,0.3323353293413174,False,False,0.3175908802093828,0.934131736526946,True,True,408.4200134277344,767.0499877929688
99f97e242784340ca79854e0,CLEAN_SHEET_R4_2026_V1,2026,2026-09-03T01:27:39.770127+00:00,2026-08-31,GREK,189,9M,5,-0.0194273658463428,0.8083832335329342,True,False,0.6395209580838322,0.9520958083832336,True,True,0.1598585540698596,0.3413173652694611,False,False,85.19000244140625,767.0499877929688
c84e3c225209e3fc84d4918c,CLEAN_SHEET_R4_2026_V1,2026,2026-09-03T01:27:39.770127+00:00,2026-08-31,HEDJ,189,9M,5,-0.0235719775560548,0.688622754491018,False,False,0.3161676646706587,0.5299401197604791,False,False,0.1324917534129909,0.1017964071856287,False,False,57.27000045776367,767.0499877929688
fb4b784b1d247bfa0bdfc2bb,CLEAN_SHEET_R4_2026_V1,2026,2026-09-03T01:27:39.770127+00:00,2026-08-31,HEEM,189,9M,5,-0.0212925464704197,0.7365269461077845,False,False,0.2407185628742515,0.3532934131736527,False,False,0.2918831766056936,0.8982035928143712,True,False,42.27999877929688,767.0499877929688
50b8ae890b866335b192e49a,CLEAN_SHEET_R4_2026_V1,2026,2026-09-03T01:27:39.770127+00:00,2026-08-31,HEFA,189,9M,5,-0.0303939114227319,0.5209580838323353,False,False,0.3796407185628743,0.6826347305389222,False,False,0.1428979610693947,0.1736526946107784,False,False,47.22999954223633,767.0499877929688
5012f1163aa3d9452fafc514,CLEAN_SHEET_R4_2026_V1,2026,2026-09-03T01:27:39.770127+00:00,2026-08-31,IBB,189,9M,5,-0.0141735794485999,0.9461077844311376,True,True,0.6491017964071857,0.9760479041916168,True,True,0.2520974174757194,0.8263473053892215,True,False,209.0500030517578,767.0499877929688
55b8ec8dd62106f1f6afd266,CLEAN_SHEET_R4_2026_V1,2026,2026-09-03T01:27:39.770127+00:00,2026-08-31,IEFA,189,9M,5,-0.0359674333097414,0.2934131736526946,False,False,0.3317365269461078,0.5688622754491018,False,False,0.1291519396723404,0.0658682634730539,False,False,100.26000213623048,767.0499877929688
f67e2a5af77ea724445cc973,CLEAN_SHEET_R4_2026_V1,2026,2026-09-03T01:27:39.770127+00:00,2026-08-31,IEMG,189,9M,5,-0.0202542719526396,0.7784431137724551,False,False,0.3125748502994012,0.5149700598802395,False,False,0.2806131370485229,0.874251497005988,True,False,81.7300033569336,767.0499877929688
49d76c48e08490a6af7874b5,CLEAN_SHEET_R4_2026_V1,2026,2026-09-03T01:27:39.770127+00:00,2026-08-31,IEUR,189,9M,5,-0.0303022585600779,0.5269461077844312,False,False,0.3497005988023952,0.6287425149700598,False,False,0.1427999961062736,0.1676646706586826,False,False,77.5,767.0499877929688
a5d6ddb6f85cfc298338fa18,CLEAN_SHEET_R4_2026_V1,2026,2026-09-03T01:27:39.770127+00:00,2026-08-31,IGV,189,9M,5,-0.0165167946782209,0.9041916167664672,True,True,0.7077844311377246,0.9880239520958084,True,True,0.1728801323866535,0.4311377245508982,False,False,109.9800033569336,767.0499877929688
b869cb372bbfaf9e48756e7c,CLEAN_SHEET_R4_2026_V1,2026,2026-09-03T01:27:39.770127+00:00,2026-08-31,IHF,189,9M,5,-0.0147526432699986,0.934131736526946,True,True,0.5868263473053893,0.9161676646706588,True,True,0.1988833257550897,0.592814371257485,False,False,56.709999084472656,767.0499877929688
c98775cdb9b3fdfa0a1c2a0e,CLEAN_SHEET_R4_2026_V1,2026,2026-09-03T01:27:39.770127+00:00,2026-08-31,IHI,189,9M,5,-0.0324204865367808,0.4730538922155688,False,False,0.4562874251497006,0.7994011976047904,False,False,0.2533627047325357,0.8323353293413174,True,False,54.970001220703125,767.0499877929688
df18ff2de568a024462b4eb7,CLEAN_SHEET_R4_2026_V1,2026,2026-09-03T01:27:39.770127+00:00,2026-08-31,IJR,189,9M,5,-0.0176783435449834,0.8562874251497006,True,False,0.281437125748503,0.4491017964071856,False,False,0.1735521448146925,0.4431137724550898,False,False,144.52000427246094,767.0499877929688
8dd45dcc1d31fe5b53b9633b,CLEAN_SHEET_R4_2026_V1,2026,2026-09-03T01:27:39.770127+00:00,2026-08-31,ILF,189,9M,5,-0.0492827673454452,0.0119760479041916,False,False,0.0251497005988023,0.0778443113772455,False,False,0.2489274003358304,0.7964071856287425,False,False,34.900001525878906,767.0499877929688
ab74d5e9568e71c18a6721d8,CLEAN_SHEET_R4_2026_V1,2026,2026-09-03T01:27:39.770127+00:00,2026-08-31,IMTM,189,9M,5,-0.0357696719629566,0.2994011976047904,False,False,0.1137724550898203,0.1736526946107784,False,False,0.1591616197900049,0.3293413173652694,False,False,53.2599983215332,767.0499877929688
01371fad281407166cfd93f9,CLEAN_SHEET_R4_2026_V1,2026,2026-09-03T01:27:39.770127+00:00,2026-08-31,INDA,189,9M,5,-0.043960395845526,0.059880239520958,False,False,0.0802395209580838,0.1257485029940119,False,False,0.1569625071023258,0.2934131736526946,False,False,49.70000076293945,767.0499877929688
3a85cb635336e836c26ee03d,CLEAN_SHEET_R4_2026_V1,2026,2026-09-03T01:27:39.770127+00:00,2026-08-31,IOO,189,9M,5,-0.0141551704111571,0.9520958083832336,True,True,0.4898203592814371,0.844311377245509,True,False,0.1603509561118278,0.3532934131736527,False,False,144.14999389648438,767.0499877929688
967c257f151b42c497bb1e2d,CLEAN_SHEET_R4_2026_V1,2026,2026-09-03T01:27:39.770127+00:00,2026-08-31,IQLT,189,9M,5,-0.0286033093096642,0.5688622754491018,False,False,0.4502994011976048,0.7904191616766467,False,False,0.1603504799386706,0.3473053892215569,False,False,51.470001220703125,767.0499877929688
8f350dfd331cb847d2a31e59,CLEAN_SHEET_R4_2026_V1,2026,2026-09-03T01:27:39.770127+00:00,2026-08-31,ITA,189,9M,5,-0.0383475533602708,0.2335329341317365,False,False,0.059880239520958,0.1137724550898203,False,False,0.1826236830157147,0.5269461077844312,False,False,228.3500061035156,767.0499877929688
e3d3cb62997ae13ed198ccb0,CLEAN_SHEET_R4_2026_V1,2026,2026-09-03T01:27:39.770127+00:00,2026-08-31,ITB,189,9M,5,-0.0353526721390661,0.3233532934131736,False,False,0.0790419161676646,0.1197604790419161,False,False,0.1942706778354983,0.5748502994011976,False,False,94.69000244140624,767.0499877929688
7a08189862f2192750d20e89,CLEAN_SHEET_R4_2026_V1,2026,2026-09-03T01:27:39.770127+00:00,2026-08-31,ITOT,189,9M,5,-0.0211652086761684,0.7425149700598802,False,False,0.2658682634730539,0.4251497005988024,False,False,0.1465271039182756,0.2095808383233532,False,False,167.9199981689453,767.0499877929688
9935724c28a8b822542bb82e,CLEAN_SHEET_R4_2026_V1,2026,2026-09-03T01:27:39.770127+00:00,2026-08-31,IWB,189,9M,5,-0.0216860541685964,0.718562874251497,False,False,0.2910179640718563,0.4640718562874251,False,False,0.1391563594092414,0.1616766467065868,False,False,419.8800048828125,767.0499877929688
806c2e43994f44dea7fc4487,CLEAN_SHEET_R4_2026_V1,2026,2026-09-03T01:27:39.770127+00:00,2026-08-31,IWD,189,9M,5,-0.0256587982086996,0.6047904191616766,False,False,0.4646706586826347,0.8263473053892215,True,False,0.1345682362299695,0.1377245508982036,False,False,256.9100036621094,767.0499877929688
095f70fe04b353ff5733186c,CLEAN_SHEET_R4_2026_V1,2026,2026-09-03T01:27:39.770127+00:00,2026-08-31,IWF,189,9M,5,-0.0283909055496518,0.5748502994011976,False,False,0.1592814371257485,0.2455089820359281,False,False,0.2339589223470915,0.7664670658682635,False,False,122.70999908447266,767.0499877929688
46dce7db880cd6d3ffa2d257,CLEAN_SHEET_R4_2026_V1,2026,2026-09-03T01:27:39.770127+00:00,2026-08-31,IWM,189,9M,5,-0.0152616685435601,0.9161676646706588,True,True,0.2263473053892215,0.3323353293413174,False,False,0.1804877308717836,0.5149700598802395,False,False,293.92999267578125,767.0499877929688
23698dae66cd790fbf217fb9,CLEAN_SHEET_R4_2026_V1,2026,2026-09-03T01:27:39.770127+00:00,2026-08-31,IXC,189,9M,5,-0.0316413945599971,0.497005988023952,False,False,0.5568862275449102,0.8982035928143712,True,False,0.1515883257529923,0.2514970059880239,False,False,58.18000030517578,767.0499877929688
17d62059c090e32da953cf35,CLEAN_SHEET_R4_2026_V1,2026,2026-09-03T01:27:39.770127+00:00,2026-08-31,IXG,189,9M,5,-0.0186860959243104,0.8383233532934131,True,False,0.6550898203592814,0.9820359281437124,True,True,0.1457480903832303,0.1976047904191616,False,False,134.2100067138672,767.0499877929688
6ae8ea91637eab993b1d3a8f,CLEAN_SHEET_R4_2026_V1,2026,2026-09-03T01:27:39.770127+00:00,2026-08-31,IXJ,189,9M,5,-0.0384121884435146,0.2275449101796407,False,False,0.4263473053892215,0.7724550898203593,False,False,0.2031037767642796,0.6107784431137725,False,False,104.23999786376952,767.0499877929688
0c87d3310b7601a1ed9a6bb0,CLEAN_SHEET_R4_2026_V1,2026,2026-09-03T01:27:39.770127+00:00,2026-08-31,IXN,189,9M,5,-0.0126516351122705,0.9640718562874252,True,True,0.4023952095808383,0.7245508982035929,False,False,0.2891490834106425,0.8862275449101796,True,False,141.1300048828125,767.0499877929688
47ed1f0462e4cf31beb4a715,CLEAN_SHEET_R4_2026_V1,2026,2026-09-03T01:27:39.770127+00:00,2026-08-31,IXP,189,9M,5,-0.0414625690808571,0.1017964071856287,False,False,-2.775557561562893e-18,0.0479041916167664,False,False,0.2168876803816281,0.688622754491018,False,False,116.56999969482422,767.0499877929688
c1e07b2c0987a47537f5110f,CLEAN_SHEET_R4_2026_V1,2026,2026-09-03T01:27:39.770127+00:00,2026-08-31,IXUS,189,9M,5,-0.0333702787318854,0.4191616766467065,False,False,0.2479041916167665,0.3802395209580838,False,False,0.1222633155510788,0.0359281437125748,False,False,97.41999816894533,767.0499877929688
a0a4d712541d2ac8c17e70d3,CLEAN_SHEET_R4_2026_V1,2026,2026-09-03T01:27:39.770127+00:00,2026-08-31,IYG,189,9M,5,-0.0237976339774735,0.6646706586826348,False,False,0.5832335329341317,0.9101796407185628,True,True,0.1537395054791234,0.2634730538922156,False,False,97.3000030517578,767.0499877929688
169bbfd6726cc01734c8fe84,CLEAN_SHEET_R4_2026_V1,2026,2026-09-03T01:27:39.770127+00:00,2026-08-31,IYJ,189,9M,5,-0.0326240250099192,0.4610778443113772,False,False,0.1724550898203592,0.2574850299401197,False,False,0.1782011729379742,0.4850299401197604,False,False,161.1999969482422,767.0499877929688
73db543326e92f761511dc49,CLEAN_SHEET_R4_2026_V1,2026,2026-09-03T01:27:39.770127+00:00,2026-08-31,IYK,189,9M,5,-0.0404436904538031,0.1317365269461078,False,False,0.2431137724550898,0.3682634730538922,False,False,0.1816829630003996,0.5209580838323353,False,False,74.66000366210938,767.0499877929688
51adce885c1ca15d057b4574,CLEAN_SHEET_R4_2026_V1,2026,2026-09-03T01:27:39.770127+00:00,2026-08-31,IYT,189,9M,5,-0.0244562216156305,0.6467065868263473,False,False,0.1125748502994012,0.1676646706586826,False,False,0.1795179297010645,0.497005988023952,False,False,85.13999938964844,767.0499877929688
bfc7c6fc02254dba9e1dfb92,CLEAN_SHEET_R4_2026_V1,2026,2026-09-03T01:27:39.770127+00:00,2026-08-31,IYW,189,9M,5,-0.0203131703364405,0.7724550898203593,False,False,0.3341317365269461,0.5808383233532934,False,False,0.2305650651574538,0.7604790419161677,False,False,251.27999877929688,767.0499877929688
a19a42d3e7a52cfe128d8c51,CLEAN_SHEET_R4_2026_V1,2026,2026-09-03T01:27:39.770127+00:00,2026-08-31,IYZ,189,9M,5,-0.0335057799750411,0.4011976047904191,False,False,0.2562874251497006,0.4071856287425149,False,False,0.2627015410161393,0.8562874251497006,True,False,43.119998931884766,767.0499877929688
cac6a38631dbddc4b9dbacbd,CLEAN_SHEET_R4_2026_V1,2026,2026-09-03T01:27:39.770127+00:00,2026-08-31,JXI,189,9M,5,-0.0392922131935061,0.1976047904191616,False,False,-0.0257485029940119,0.029940119760479,False,False,0.2167405839132147,0.6826347305389222,False,False,80.91000366210938,767.0499877929688
5d49e29743aefaf714d36ab5,CLEAN_SHEET_R4_2026_V1,2026,2026-09-03T01:27:39.770127+00:00,2026-08-31,KBA,189,9M,5,-0.0381730066630576,0.2455089820359281,False,False,-0.0790419161676646,0.0239520958083832,False,False,0.2033694480512915,0.6167664670658682,False,False,32.91999816894531,767.0499877929688
c078335345c4f2aa2593e89e,CLEAN_SHEET_R4_2026_V1,2026,2026-09-03T01:27:39.770127+00:00,2026-08-31,KBE,189,9M,5,-0.0249684862962509,0.6287425149700598,False,False,0.4143712574850299,0.7574850299401198,False,False,0.2291522896906009,0.7485029940119761,False,False,67.80999755859375,767.0499877929688
5f2cb29863657c1376bcafc6,CLEAN_SHEET_R4_2026_V1,2026,2026-09-03T01:27:39.770127+00:00,2026-08-31,KIE,189,9M,5,-0.033930518479507,0.3772455089820359,False,False,0.3844311377245509,0.688622754491018,False,False,0.2397763084784092,0.7724550898203593,False,False,63.150001525878906,767.0499877929688
8d0a93d552add35db861250b,CLEAN_SHEET_R4_2026_V1,2026,2026-09-03T01:27:39.770127+00:00,2026-08-31,KRE,189,9M,5,-0.0271708401356305,0.5808383233532934,False,False,0.3389221556886228,0.5958083832335329,False,False,0.2278505216818555,0.7425149700598802,False,False,73.55999755859375,767.0499877929688
d9c0d3fd92e21b864e936a29,CLEAN_SHEET_R4_2026_V1,2026,2026-09-03T01:27:39.770127+00:00,2026-08-31,KSA,189,9M,5,-0.0509995602101576,0.0059880239520958,False,False,0.0215568862275449,0.0718562874251497,False,False,0.1964112406813911,0.5808383233532934,False,False,38.79999923706055,767.0499877929688
1bd7bd1e53e9acfbdd06f1b8,CLEAN_SHEET_R4_2026_V1,2026,2026-09-03T01:27:39.770127+00:00,2026-08-31,KWEB,189,9M,5,-0.0409983763623257,0.1197604790419161,False,False,0.1784431137724551,0.2694610778443114,False,False,0.2920558607384528,0.9041916167664672,True,True,25.809999465942383,767.0499877929688
294c2252f1a0fd3a40608ce2,CLEAN_SHEET_R4_2026_V1,2026,2026-09-03T01:27:39.770127+00:00,2026-08-31,KXI,189,9M,5,-0.0398407912359031,0.1616766467065868,False,False,0.0922155688622754,0.1437125748502994,False,False,0.184156222338228,0.5389221556886228,False,False,68.3499984741211,767.0499877929688
f489a19f8613f817e3f6df34,CLEAN_SHEET_R4_2026_V1,2026,2026-09-03T01:27:39.770127+00:00,2026-08-31,MCHI,189,9M,5,-0.0443451071494582,0.0538922155688622,False,False,0.1425149700598802,0.2065868263473053,False,False,0.2590500293357937,0.844311377245509,True,False,54.720001220703125,767.0499877929688
edaa74f09380832de115f0bf,CLEAN_SHEET_R4_2026_V1,2026,2026-09-03T01:27:39.770127+00:00,2026-08-31,MDY,189,9M,5,-0.0313562404215242,0.5029940119760479,False,False,0.1305389221556886,0.18562874251497,False,False,0.1552391122575887,0.2874251497005988,False,False,687.1300048828125,767.0499877929688
e028ef8cdac21bdb2e23807e,CLEAN_SHEET_R4_2026_V1,2026,2026-09-03T01:27:39.770127+00:00,2026-08-31,MTUM,189,9M,5,-0.0017968294300887,1.0,True,True,0.2934131736526946,0.4730538922155688,False,False,0.307994936667378,0.9281437125748504,True,True,300.3599853515625,767.0499877929688
22afabeac680edb143297859,CLEAN_SHEET_R4_2026_V1,2026,2026-09-03T01:27:39.770127+00:00,2026-08-31,MXI,189,9M,5,-0.0317934381320936,0.4850299401197604,False,False,0.3221556886227545,0.5598802395209581,False,False,0.2200476563251818,0.7005988023952096,False,False,115.4499969482422,767.0499877929688
c30a65f6aa988fa876bf6616,CLEAN_SHEET_R4_2026_V1,2026,2026-09-03T01:27:39.770127+00:00,2026-08-31,OIH,189,9M,5,-0.0340633281207572,0.3712574850299401,False,False,0.2323353293413173,0.3473053892215569,False,False,0.3053502603860755,0.9221556886227544,True,True,429.1799926757813,767.0499877929688
9e1e4546c0bbde15051fc0d7,CLEAN_SHEET_R4_2026_V1,2026,2026-09-03T01:27:39.770127+00:00,2026-08-31,PAVE,189,9M,5,-0.0333916485949382,0.4131736526946107,False,False,0.0065868263473053,0.0538922155688622,False,False,0.2017841253213615,0.6047904191616766,False,False,54.70000076293945,767.0499877929688
f23cf96013001b01aac7b1f1,CLEAN_SHEET_R4_2026_V1,2026,2026-09-03T01:27:39.770127+00:00,2026-08-31,PBJ,189,9M,5,-0.0404496662102679,0.1257485029940119,False,False,0.0071856287425149,0.059880239520958,False,False,0.212465966364607,0.6586826347305389,False,False,47.70000076293945,767.0499877929688
42ff438e590833d48b54ae7f,CLEAN_SHEET_R4_2026_V1,2026,2026-09-03T01:27:39.770127+00:00,2026-08-31,PEJ,189,9M,5,-0.0264433955512155,0.592814371257485,False,False,0.229940119760479,0.3413173652694611,False,False,0.1746390371822401,0.4610778443113772,False,False,65.37000274658203,767.0499877929688
d0a692935eb21c909e705d08,CLEAN_SHEET_R4_2026_V1,2026,2026-09-03T01:27:39.770127+00:00,2026-08-31,QAT,189,9M,5,-0.0462310024662242,0.029940119760479,False,False,-0.1508982035928144,0.0059880239520958,False,False,0.2213653050602657,0.7125748502994012,False,False,17.40999984741211,767.0499877929688
1e5815321ff80c9b2409fbad,CLEAN_SHEET_R4_2026_V1,2026,2026-09-03T01:27:39.770127+00:00,2026-08-31,QQQ,189,9M,5,-0.0152177355271668,0.9281437125748504,True,True,0.318562874251497,0.5449101796407185,False,False,0.2428161769098265,0.7784431137724551,False,False,716.760009765625,767.0499877929688
ca8179709335a1112d64bb38,CLEAN_SHEET_R4_2026_V1,2026,2026-09-03T01:27:39.770127+00:00,2026-08-31,QUAL,189,9M,5,-0.0197479606903936,0.7904191616766467,False,False,0.3029940119760478,0.497005988023952,False,False,0.1469020481956836,0.2275449101796407,False,False,222.6199951171875,767.0499877929688
aeeb0f0e78c586a5b063a1f1,CLEAN_SHEET_R4_2026_V1,2026,2026-09-03T01:27:39.770127+00:00,2026-08-31,REET,189,9M,5,-0.0324904099056126,0.467065868263473,False,False,0.1065868263473054,0.155688622754491,False,False,0.177718131210295,0.4790419161676646,False,False,27.5,767.0499877929688
e1a76d04376066dfa6b31bbf,CLEAN_SHEET_R4_2026_V1,2026,2026-09-03T01:27:39.770127+00:00,2026-08-31,REM,189,9M,5,-0.0356971809535435,0.3053892215568862,False,False,0.1269461077844311,0.1796407185628742,False,False,0.1801362834576476,0.5089820359281437,False,False,21.700000762939453,767.0499877929688
2b0c41cc1521bfb5284a9ef3,CLEAN_SHEET_R4_2026_V1,2026,2026-09-03T01:27:39.770127+00:00,2026-08-31,REMX,189,9M,5,-0.0204814868768057,0.7664670658682635,False,False,0.3137724550898203,0.5209580838323353,False,False,0.4325240096059942,1.0,True,True,77.5199966430664,767.0499877929688
fdd648fab1c7a100589064fc,CLEAN_SHEET_R4_2026_V1,2026,2026-09-03T01:27:39.770127+00:00,2026-08-31,REZ,189,9M,5,-0.0387190431894918,0.2215568862275449,False,False,0.1712574850299401,0.2514970059880239,False,False,0.2050080153191295,0.6287425149700598,False,False,93.7699966430664,767.0499877929688
6fa720e3e8b047f77e448ba8,CLEAN_SHEET_R4_2026_V1,2026,2026-09-03T01:27:39.770127+00:00,2026-08-31,RSP,189,9M,5,-0.0317624661720641,0.4910179640718562,False,False,0.3377245508982036,0.5868263473053892,False,False,0.1332362538245553,0.1197604790419161,False,False,219.38999938964844,767.0499877929688
8cc5d20eb8417fab7ec6fa82,CLEAN_SHEET_R4_2026_V1,2026,2026-09-03T01:27:39.770127+00:00,2026-08-31,RWO,189,9M,5,-0.032680300603395,0.4550898203592814,False,False,0.1497005988023952,0.2155688622754491,False,False,0.1753878108571344,0.4730538922155688,False,False,49.470001220703125,767.0499877929688
22098c7f46f7b66db8927036,CLEAN_SHEET_R4_2026_V1,2026,2026-09-03T01:27:39.770127+00:00,2026-08-31,RXI,189,9M,5,-0.0392894292634482,0.2035928143712574,False,False,0.111377245508982,0.1616766467065868,False,False,0.1800492984529047,0.5029940119760479,False,False,198.4600067138672,767.0499877929688
53cb42b2a4d295f03dd4a9d5,CLEAN_SHEET_R4_2026_V1,2026,2026-09-03T01:27:39.770127+00:00,2026-08-31,SCHD,189,9M,5,-0.0337529736410745,0.3832335329341317,False,False,0.5365269461077844,0.8862275449101796,True,False,0.1314821539927193,0.0958083832335329,False,False,34.88999938964844,767.0499877929688
0e48de7b2988a3702a32e9be,CLEAN_SHEET_R4_2026_V1,2026,2026-09-03T01:27:39.770127+00:00,2026-08-31,SCHY,189,9M,5,-0.0412263764021561,0.1077844311377245,False,False,0.1904191616766467,0.2874251497005988,False,False,0.1345584213100311,0.1317365269461078,False,False,33.220001220703125,767.0499877929688
9de3ff64421a1d65321e4d43,CLEAN_SHEET_R4_2026_V1,2026,2026-09-03T01:27:39.770127+00:00,2026-08-31,SCZ,189,9M,5,-0.0399582307078228,0.155688622754491,False,False,0.2622754491017964,0.4191616766467065,False,False,0.1056806963177127,0.0119760479041916,False,False,86.80000305175781,767.0499877929688
f6e35d1bcfabafad9908a4bf,CLEAN_SHEET_R4_2026_V1,2026,2026-09-03T01:27:39.770127+00:00,2026-08-31,SKYY,189,9M,5,-0.0208966868717896,0.7485029940119761,False,False,0.5988023952095809,0.9281437125748504,True,True,0.1870456920011214,0.5508982035928144,False,False,165.33999633789062,767.0499877929688
caf0a77a5926d7b248f265f5,CLEAN_SHEET_R4_2026_V1,2026,2026-09-03T01:27:39.770127+00:00,2026-08-31,SLV,189,9M,5,-0.0251158628237432,0.6227544910179641,False,False,0.2574850299401198,0.4131736526946107,False,False,0.4148503252464055,0.9820359281437124,True,True,60.130001068115234,767.0499877929688
03a623b28918697f0c5fe660,CLEAN_SHEET_R4_2026_V1,2026,2026-09-03T01:27:39.770127+00:00,2026-08-31,SMH,189,9M,5,-0.0044535555565422,0.9880239520958084,True,True,0.3904191616766467,0.7065868263473054,False,False,0.3774118722924706,0.9520958083832336,True,True,556.6300048828125,767.0499877929688
578f32f9958eb2f47dd07030,CLEAN_SHEET_R4_2026_V1,2026,2026-09-03T01:27:39.770127+00:00,2026-08-31,SOXX,189,9M,5,-0.0044173540416559,0.994011976047904,True,True,0.3329341317365269,0.5748502994011976,False,False,0.3943691457642433,0.9640718562874252,True,True,511.0400085449219,767.0499877929688
641ab58a0c2d84d5ea0c2a8c,CLEAN_SHEET_R4_2026_V1,2026,2026-09-03T01:27:39.770127+00:00,2026-08-31,SPGM,189,9M,5,-0.0246524877121885,0.6347305389221557,False,False,0.2491017964071856,0.3892215568862275,False,False,0.1342712312298684,0.1257485029940119,False,False,87.44000244140625,767.0499877929688
d417d977f01c1d97cd0c50ee,CLEAN_SHEET_R4_2026_V1,2026,2026-09-03T01:27:39.770127+00:00,2026-08-31,SPY,189,9M,5,-0.0180449382476337,0.8502994011976048,True,False,0.3520958083832335,0.6407185628742516,False,False,0.1374037761494302,0.155688622754491,False,False,767.0499877929688,767.0499877929688
eae1572e7c71c1588045b16d,CLEAN_SHEET_R4_2026_V1,2026,2026-09-03T01:27:39.770127+00:00,2026-08-31,THD,189,9M,5,-0.0329165110778644,0.4431137724550898,False,False,0.1425149700598802,0.2065868263473053,False,False,0.164886364261347,0.3712574850299401,False,False,72.37000274658203,767.0499877929688
c508345cbe4141465ceb74d5,CLEAN_SHEET_R4_2026_V1,2026,2026-09-03T01:27:39.770127+00:00,2026-08-31,TUR,189,9M,5,-0.0448138362663009,0.0419161676646706,False,False,0.0550898203592814,0.1017964071856287,False,False,0.2297159422077798,0.7544910179640718,False,False,40.33000183105469,767.0499877929688
34bdde109d2969e0c96b9fd5,CLEAN_SHEET_R4_2026_V1,2026,2026-09-03T01:27:39.770127+00:00,2026-08-31,UAE,189,9M,5,-0.0350171810636876,0.3353293413173652,False,False,0.3221556886227545,0.5598802395209581,False,False,0.2072356536417528,0.6407185628742516,False,False,19.450000762939453,767.0499877929688
bfb1917f603cea598d8bc1d7,CLEAN_SHEET_R4_2026_V1,2026,2026-09-03T01:27:39.770127+00:00,2026-08-31,URA,189,9M,5,-0.0176614799955068,0.8622754491017964,True,False,0.3544910179640718,0.6467065868263473,False,False,0.4301168339775211,0.994011976047904,True,True,45.5099983215332,767.0499877929688
5bb37a81ff44a44706e5796e,CLEAN_SHEET_R4_2026_V1,2026,2026-09-03T01:27:39.770127+00:00,2026-08-31,URTH,189,9M,5,-0.0237629690526849,0.6706586826347305,False,False,0.3413173652694611,0.6077844311377245,False,False,0.1357755100112732,0.1497005988023952,False,False,208.82000732421875,767.0499877929688
8df9519322ae3b8afc639fb8,CLEAN_SHEET_R4_2026_V1,2026,2026-09-03T01:27:39.770127+00:00,2026-08-31,USMV,189,9M,5,-0.0397872662934612,0.1676646706586826,False,False,0.4574850299401197,0.8083832335329342,True,False,0.0999241724976497,0.0059880239520958,False,False,101.5199966430664,767.0499877929688
1b55f9b4bf9b5cd46f585f78,CLEAN_SHEET_R4_2026_V1,2026,2026-09-03T01:27:39.770127+00:00,2026-08-31,VEA,189,9M,5,-0.0299227326017082,0.5389221556886228,False,False,0.2994011976047904,0.4850299401197604,False,False,0.1325028863627532,0.1077844311377245,False,False,72.91999816894531,767.0499877929688
8873fa31abcc11cbf97c2987,CLEAN_SHEET_R4_2026_V1,2026,2026-09-03T01:27:39.770127+00:00,2026-08-31,VEU,189,9M,5,-0.0245627954746146,0.6407185628742516,False,False,0.3736526946107784,0.6706586826347305,False,False,0.1251288862421835,0.0538922155688622,False,False,85.25,767.0499877929688
afde9d634af6cc0f8d226a25,CLEAN_SHEET_R4_2026_V1,2026,2026-09-03T01:27:39.770127+00:00,2026-08-31,VGK,189,9M,5,-0.0305477658673756,0.5149700598802395,False,False,0.3437125748502994,0.6167664670658682,False,False,0.146317020565196,0.2035928143712574,False,False,91.66000366210938,767.0499877929688
a3e471bd437caeae07941d22,CLEAN_SHEET_R4_2026_V1,2026,2026-09-03T01:27:39.770127+00:00,2026-08-31,VNM,189,9M,5,-0.0445127427500277,0.0479041916167664,False,False,0.1413173652694611,0.1976047904191616,False,False,0.29769327736259,0.9161676646706588,True,True,18.059999465942383,767.0499877929688
8ece938e3223d3e9cb54aef3,CLEAN_SHEET_R4_2026_V1,2026,2026-09-03T01:27:39.770127+00:00,2026-08-31,VNQ,189,9M,5,-0.0374350424869727,0.2574850299401197,False,False,0.029940119760479,0.0898203592814371,False,False,0.1734556606424234,0.437125748502994,False,False,96.44000244140624,767.0499877929688
1fb0127ea852d73d8de60449,CLEAN_SHEET_R4_2026_V1,2026,2026-09-03T01:27:39.770127+00:00,2026-08-31,VPL,189,9M,5,-0.0190802381312387,0.8263473053892215,True,False,0.3461077844311377,0.6227544910179641,False,False,0.2706618203801351,0.8622754491017964,True,False,115.4499969482422,767.0499877929688
e77d56eea8be82b72a7b803f,CLEAN_SHEET_R4_2026_V1,2026,2026-09-03T01:27:39.770127+00:00,2026-08-31,VSS,189,9M,5,-0.0394739013649012,0.1916167664670658,False,False,0.3077844311377245,0.5029940119760479,False,False,0.1467857964642773,0.2215568862275449,False,False,160.10000610351562,767.0499877929688
bc904edcdb71636ce3208b24,CLEAN_SHEET_R4_2026_V1,2026,2026-09-03T01:27:39.770127+00:00,2026-08-31,VT,189,9M,5,-0.0195791771815735,0.8023952095808383,True,False,0.3892215568862275,0.7005988023952096,False,False,0.1297342421023254,0.0778443113772455,False,False,160.5500030517578,767.0499877929688
98324e0b9c3cb42bbe44aae6,CLEAN_SHEET_R4_2026_V1,2026,2026-09-03T01:27:39.770127+00:00,2026-08-31,VWO,189,9M,5,-0.0391533690733815,0.2095808383233532,False,False,0.1952095808383233,0.2934131736526946,False,False,0.1303909305533171,0.0898203592814371,False,False,60.52000045776367,767.0499877929688
5edef750b42243232485dd9d,CLEAN_SHEET_R4_2026_V1,2026,2026-09-03T01:27:39.770127+00:00,2026-08-31,VXUS,189,9M,5,-0.0327608948980656,0.4491017964071856,False,False,0.2706586826347305,0.4311377245508982,False,False,0.1167082312599043,0.0239520958083832,False,False,87.31999969482422,767.0499877929688
89d72df1db133851c8908112,CLEAN_SHEET_R4_2026_V1,2026,2026-09-03T01:27:39.770127+00:00,2026-08-31,VYMI,189,9M,5,-0.0370782622300214,0.2754491017964072,False,False,0.3952095808383233,0.7125748502994012,False,False,0.1192423653959216,0.029940119760479,False,False,105.16999816894533,767.0499877929688
4742e214406eefb7b1f74a24,CLEAN_SHEET_R4_2026_V1,2026,2026-09-03T01:27:39.770127+00:00,2026-08-31,XAR,189,9M,5,-0.04201755520984,0.0898203592814371,False,False,-0.0892215568862275,0.0179640718562874,False,False,0.2127075622306863,0.6646706586826348,False,False,256.5199890136719,767.0499877929688
e80acd170b70e27d21a8ed22,CLEAN_SHEET_R4_2026_V1,2026,2026-09-03T01:27:39.770127+00:00,2026-08-31,XBI,189,9M,5,-0.015219909513347,0.9221556886227544,True,True,0.62874251497006,0.940119760479042,True,True,0.2498447273062212,0.8143712574850299,True,False,162.5,767.0499877929688
db47ade70f4f670f660430ab,CLEAN_SHEET_R4_2026_V1,2026,2026-09-03T01:27:39.770127+00:00,2026-08-31,XHB,189,9M,5,-0.0364749473135123,0.2874251497005988,False,False,0.018562874251497,0.0658682634730539,False,False,0.2000142530487743,0.5988023952095808,False,False,102.80999755859376,767.0499877929688
74723219c144cdf7dd0faffa,CLEAN_SHEET_R4_2026_V1,2026,2026-09-03T01:27:39.770127+00:00,2026-08-31,XLB,189,9M,5,-0.039638955708671,0.1796407185628742,False,False,0.2119760479041915,0.3053892215568862,False,False,0.1493532124100652,0.2335329341317365,False,False,52.68999862670898,767.0499877929688
0ff7e0141aec62d167466bcb,CLEAN_SHEET_R4_2026_V1,2026,2026-09-03T01:27:39.770127+00:00,2026-08-31,XLC,189,9M,5,-0.0387356223766896,0.2155688622754491,False,False,0.0898203592814371,0.1377245508982036,False,False,0.2234607457462648,0.718562874251497,False,False,111.45999908447266,767.0499877929688
e3772f4d2e5661b7a1d0d32a,CLEAN_SHEET_R4_2026_V1,2026,2026-09-03T01:27:39.770127+00:00,2026-08-31,XLE,189,9M,5,-0.0309762813171672,0.5089820359281437,False,False,0.5718562874251496,0.9041916167664672,True,True,0.1467840611631884,0.2155688622754491,False,False,63.959999084472656,767.0499877929688
169458de4fe859beadb2673a,CLEAN_SHEET_R4_2026_V1,2026,2026-09-03T01:27:39.770127+00:00,2026-08-31,XLF,189,9M,5,-0.0238561125641608,0.6586826347305389,False,False,0.6035928143712574,0.934131736526946,True,True,0.1544313384789371,0.2754491017964072,False,False,57.709999084472656,767.0499877929688
b7482579289e680f24034b30,CLEAN_SHEET_R4_2026_V1,2026,2026-09-03T01:27:39.770127+00:00,2026-08-31,XLI,189,9M,5,-0.0345368900833633,0.3532934131736527,False,False,0.0802395209580838,0.1317365269461078,False,False,0.1859762392104547,0.5449101796407185,False,False,175.1300048828125,767.0499877929688
9313d2e8be4e0778c5305169,CLEAN_SHEET_R4_2026_V1,2026,2026-09-03T01:27:39.770127+00:00,2026-08-31,XLK,189,9M,5,-0.0092965460163652,0.9700598802395208,True,True,0.4622754491017964,0.8203592814371258,True,False,0.2914274562161384,0.8922155688622755,True,False,186.5,767.0499877929688
a40dfa38b75bdac9b26b2496,CLEAN_SHEET_R4_2026_V1,2026,2026-09-03T01:27:39.770127+00:00,2026-08-31,XLP,189,9M,5,-0.0380253083928049,0.2514970059880239,False,False,0.1520958083832335,0.2215568862275449,False,False,0.1745768740629997,0.4550898203592814,False,False,84.9800033569336,767.0499877929688
985021cf1dd3fc1483e60d3d,CLEAN_SHEET_R4_2026_V1,2026,2026-09-03T01:27:39.770127+00:00,2026-08-31,XLRE,189,9M,5,-0.0399803151809217,0.1497005988023952,False,False,-0.0059880239520958,0.0419161676646706,False,False,0.1665481160321312,0.4011976047904191,False,False,44.11000061035156,767.0499877929688
c43ee0dc6884b737bf12f32e,CLEAN_SHEET_R4_2026_V1,2026,2026-09-03T01:27:39.770127+00:00,2026-08-31,XLU,189,9M,5,-0.0462269905993478,0.0359281437125748,False,False,-0.1502994011976048,0.0119760479041916,False,False,0.2152013610128644,0.6766467065868264,False,False,42.22999954223633,767.0499877929688
0a71132864ba0ae63594d985,CLEAN_SHEET_R4_2026_V1,2026,2026-09-03T01:27:39.770127+00:00,2026-08-31,XLV,189,9M,5,-0.0253989183695701,0.6167664670658682,False,False,0.5269461077844311,0.8802395209580839,True,False,0.221223641908147,0.7065868263473054,False,False,170.5399932861328,767.0499877929688
e9f18d85072b23b59781d9d7,CLEAN_SHEET_R4_2026_V1,2026,2026-09-03T01:27:39.770127+00:00,2026-08-31,XLY,189,9M,5,-0.0410507814105718,0.1137724550898203,False,False,0.1365269461077844,0.1916167664670658,False,False,0.2192665378462656,0.6946107784431138,False,False,116.58999633789062,767.0499877929688
e3f0ba43caec8a356bfc394c,CLEAN_SHEET_R4_2026_V1,2026,2026-09-03T01:27:39.770127+00:00,2026-08-31,XME,189,9M,5,-0.0188878131718594,0.8323353293413174,True,False,0.3748502994011976,0.6766467065868264,False,False,0.3945177668635909,0.9700598802395208,True,True,118.12999725341795,767.0499877929688
7fa2cd171c9cf85c51ed8b7a,CLEAN_SHEET_R4_2026_V1,2026,2026-09-03T01:27:39.770127+00:00,2026-08-31,XOP,189,9M,5,-0.01930348930729,0.8203592814371258,True,False,0.725748502994012,0.994011976047904,True,True,0.161306391674368,0.3592814371257485,False,False,188.9600067138672,767.0499877929688
ad046a36d6de0747c4fe692e,CLEAN_SHEET_R4_2026_V1,2026,2026-09-03T01:27:39.770127+00:00,2026-08-31,XPH,189,9M,5,-0.0219399220572898,0.7125748502994012,False,False,0.488622754491018,0.8383233532934131,True,False,0.254159775014396,0.8383233532934131,True,False,70.62000274658203,767.0499877929688
02c2c169934e160cdaf4fe85,CLEAN_SHEET_R4_2026_V1,2026,2026-09-03T01:27:39.770127+00:00,2026-08-31,XRT,189,9M,5,-0.0320026335993351,0.4790419161676646,False,False,0.1820359281437125,0.2754491017964072,False,False,0.1908161296800452,0.5688622754491018,False,False,86.0999984741211,767.0499877929688
a8a2a5c24fcf3c5d8aa15853,CLEAN_SHEET_R4_2026_V1,2026,2026-10-02T01:42:16.119823+00:00,2026-09-30,AAXJ,21,1M,2,-0.0001480667070097295,0.8682634730538922,True,False,0.07634730538922152,0.6107784431137725,False,False,0.25577797826882515,0.8922155688622755,True,False,116.44000244140625,762.6300048828125
81d32e06959ee0cc49d8ea1a,CLEAN_SHEET_R4_2026_V1,2026,2026-10-02T01:42:16.119823+00:00,2026-09-30,ACWI,21,1M,2,-0.0023243242472991694,0.5269461077844312,False,False,0.016467065868263464,0.46107784431137727,False,False,0.19523492032092857,0.5269461077844312,False,False,158.77000427246094,762.6300048828125
338bcca3f294668b941cb192,CLEAN_SHEET_R4_2026_V1,2026,2026-10-02T01:42:16.119823+00:00,2026-09-30,ACWX,21,1M,2,-0.0024069900764297123,0.5209580838323353,False,False,0.23502994011976047,0.8353293413173652,True,False,0.15467323918723355,0.11976047904191617,False,False,75.62000274658203,762.6300048828125
4ab40bd1add683a15f01ca95,CLEAN_SHEET_R4_2026_V1,2026,2026-10-02T01:42:16.119823+00:00,2026-09-30,AFK,21,1M,2,-0.001681517265534804,0.6706586826347305,False,False,-0.15119760479041916,0.2694610778443114,False,False,0.2520270365651851,0.8562874251497006,True,False,27.530000686645508,762.6300048828125
a6a86f1836a54f45ce4f31f9,CLEAN_SHEET_R4_2026_V1,2026,2026-10-02T01:42:16.119823+00:00,2026-09-30,ARGT,21,1M,2,-0.00010060321778730544,0.8802395209580839,True,False,-0.08682634730538924,0.33532934131736525,False,False,0.29729590138381584,0.9940119760479041,True,True,86.18000030517578,762.6300048828125
f285c75fa7a16aca87055252,CLEAN_SHEET_R4_2026_V1,2026,2026-10-02T01:42:16.119823+00:00,2026-09-30,ASEA,21,1M,2,-0.0014270120715074502,0.7125748502994012,False,False,0.33532934131736525,0.9101796407185628,True,True,0.16371637622482316,0.2215568862275449,False,False,20.959999084472656,762.6300048828125
ea85780d134e94287f4c4012,CLEAN_SHEET_R4_2026_V1,2026,2026-10-02T01:42:16.119823+00:00,2026-09-30,CARZ,21,1M,2,0.0007755611819901275,0.9580838323353293,True,True,0.10479041916167664,0.6736526946107785,False,False,0.28416645015356073,0.9520958083832335,True,True,107.69000244140625,762.6300048828125
16ae02828e834120ce93e464,CLEAN_SHEET_R4_2026_V1,2026,2026-10-02T01:42:16.119823+00:00,2026-09-30,CIBR,21,1M,2,-0.0001626263301906473,0.8622754491017964,True,False,0.4820359281437126,1.0,True,True,0.1729729674300042,0.3532934131736527,False,False,103.08999633789062,762.6300048828125
59d7e624f9480ae3c12b4855,CLEAN_SHEET_R4_2026_V1,2026,2026-10-02T01:42:16.119823+00:00,2026-09-30,CORO,21,1M,2,-0.0018659909786859284,0.5808383233532934,False,False,0.2769461077844312,0.874251497005988,True,False,0.16182320951151477,0.20958083832335328,False,False,36.349998474121094,762.6300048828125
751ffcc17408c9caf8853771,CLEAN_SHEET_R4_2026_V1,2026,2026-10-02T01:42:16.119823+00:00,2026-09-30,CPER,21,1M,2,-0.0012975341888127527,0.7365269461077845,False,False,0.38473053892215564,0.9401197604790419,True,True,0.15897033252740786,0.17964071856287425,False,False,39.779998779296875,762.6300048828125
530b2bc04be297b8bfcdc65b,CLEAN_SHEET_R4_2026_V1,2026,2026-10-02T01:42:16.119823+00:00,2026-09-30,CQQQ,21,1M,2,-0.004717520237667694,0.10179640718562874,False,False,-0.4820359281437126,0.005988023952095809,False,False,0.2187943472335737,0.7125748502994012,False,False,44.900001525878906,762.6300048828125
2d0773b06307594a736c08d9,CLEAN_SHEET_R4_2026_V1,2026,2026-10-02T01:42:16.119823+00:00,2026-09-30,DBEF,21,1M,2,-0.0017833251495553862,0.6287425149700598,False,False,0.05838323353293412,0.5449101796407185,False,False,0.2038078413541819,0.6047904191616766,False,False,54.95000076293945,762.6300048828125
c1b42e6b76011851065057fa,CLEAN_SHEET_R4_2026_V1,2026,2026-10-02T01:42:16.119823+00:00,2026-09-30,DEM,21,1M,2,-0.001413462566900706,0.718562874251497,False,False,0.37574850299401197,0.9341317365269461,True,True,0.1574383303957621,0.15568862275449102,False,False,55.310001373291016,762.6300048828125
ad07a8e1b34c7b681a94a1af,CLEAN_SHEET_R4_2026_V1,2026,2026-10-02T01:42:16.119823+00:00,2026-09-30,DGS,21,1M,2,-0.002200292538516586,0.5449101796407185,False,False,-0.11077844311377247,0.31736526946107785,False,False,0.22488160306773522,0.7664670658682635,False,False,63.18000030517578,762.6300048828125
04e14f6c147ee6a81060a0b8,CLEAN_SHEET_R4_2026_V1,2026,2026-10-02T01:42:16.119823+00:00,2026-09-30,DIA,21,1M,2,-0.0034971575327854493,0.32934131736526945,False,False,-0.11377245508982037,0.30538922155688625,False,False,0.18470304553896483,0.4491017964071856,False,False,508.54998779296875,762.6300048828125
d3f8cbde7878cd4f1ec3264b,CLEAN_SHEET_R4_2026_V1,2026,2026-10-02T01:42:16.119823+00:00,2026-09-30,DXJ,21,1M,2,3.288610715588636e-05,0.9101796407185628,True,True,0.19910179640718562,0.8023952095808383,True,False,0.23461403403418077,0.8143712574850299,True,False,180.5500030517578,762.6300048828125
86a97b7254a17bfbb3c5cad6,CLEAN_SHEET_R4_2026_V1,2026,2026-10-02T01:42:16.119823+00:00,2026-09-30,ECH,21,1M,2,-0.0009121018644029802,0.7604790419161677,False,False,-0.14970059880239522,0.2754491017964072,False,False,0.2807521461562276,0.9461077844311377,True,True,37.810001373291016,762.6300048828125
c1ee76660078d1a10d2175b9,CLEAN_SHEET_R4_2026_V1,2026,2026-10-02T01:42:16.119823+00:00,2026-09-30,EDEN,21,1M,2,-0.0030760982553781134,0.437125748502994,False,False,-0.31736526946107785,0.1497005988023952,False,False,0.23949150477861078,0.8263473053892215,True,False,109.26000213623047,762.6300048828125
56d9d325137743960a3977a5,CLEAN_SHEET_R4_2026_V1,2026,2026-10-02T01:42:16.119823+00:00,2026-09-30,EEM,21,1M,2,-0.0003412806704896523,0.8383233532934131,True,False,0.06137724550898199,0.5568862275449101,False,False,0.2521454453456342,0.8622754491017964,True,False,66.79000091552734,762.6300048828125
802d74ac6b9bffddaed19f8c,CLEAN_SHEET_R4_2026_V1,2026,2026-10-02T01:42:16.119823+00:00,2026-09-30,EEMO,21,1M,2,0.00016107563455814702,0.9281437125748503,True,True,0.10029940119760478,0.6586826347305389,False,False,0.2616610373013468,0.9101796407185628,True,True,22.360000610351562,762.6300048828125
cc3ff3902eb79ac094ccce58,CLEAN_SHEET_R4_2026_V1,2026,2026-10-02T01:42:16.119823+00:00,2026-09-30,EEMV,21,1M,2,-0.0018483495856330483,0.5988023952095808,False,False,-0.05538922155688625,0.3532934131736527,False,False,0.2250021312673172,0.7724550898203593,False,False,74.05000305175781,762.6300048828125
28401f8b9fd915877768ffa6,CLEAN_SHEET_R4_2026_V1,2026,2026-10-02T01:42:16.119823+00:00,2026-09-30,EFA,21,1M,2,-0.003027997846521521,0.4431137724550898,False,False,0.09880239520958084,0.6526946107784432,False,False,0.160734869466933,0.19760479041916168,False,False,103.88999938964844,762.6300048828125
ebf685564b29d9397897d27e,CLEAN_SHEET_R4_2026_V1,2026,2026-10-02T01:42:16.119823+00:00,2026-09-30,EFAV,21,1M,2,-0.004217608782857689,0.18562874251497005,False,False,0.062874251497006,0.5688622754491018,False,False,0.13713630396020537,0.029940119760479042,False,False,91.12000274658203,762.6300048828125
c27a7d0320ec8af429feec7c,CLEAN_SHEET_R4_2026_V1,2026,2026-10-02T01:42:16.119823+00:00,2026-09-30,EFG,21,1M,2,-0.003831393162442566,0.281437125748503,False,False,-0.1002994011976048,0.32934131736526945,False,False,0.17280240363353094,0.3473053892215569,False,False,119.83000183105469,762.6300048828125
70e72e3ad7c969b1ec9861ad,CLEAN_SHEET_R4_2026_V1,2026,2026-10-02T01:42:16.119823+00:00,2026-09-30,EFNL,21,1M,2,-0.000644830461774232,0.7844311377245509,False,False,0.005988023952095856,0.4431137724550898,False,False,0.253784804410912,0.8682634730538922,True,False,53.33000183105469,762.6300048828125
a2a1798d2a032479a3fb7a3c,CLEAN_SHEET_R4_2026_V1,2026,2026-10-02T01:42:16.119823+00:00,2026-09-30,EFV,21,1M,2,-0.001860398428402633,0.592814371257485,False,False,0.24550898203592814,0.844311377245509,True,False,0.16723200134785837,0.25748502994011974,False,False,79.13999938964844,762.6300048828125
72d9a9dcb46c1884a9527aa3,CLEAN_SHEET_R4_2026_V1,2026,2026-10-02T01:42:16.119823+00:00,2026-09-30,EIDO,21,1M,2,-0.003394632282933057,0.3652694610778443,False,False,-0.3532934131736527,0.12874251497005987,False,False,0.2362436999916681,0.8203592814371258,True,False,11.729999542236328,762.6300048828125
0beeafb6ac4a79fe8e992059,CLEAN_SHEET_R4_2026_V1,2026,2026-10-02T01:42:16.119823+00:00,2026-09-30,EIRL,21,1M,2,-0.0017114198079019906,0.6526946107784432,False,False,0.2889221556886228,0.8802395209580839,True,False,0.16391444227457577,0.2275449101796407,False,False,81.9800033569336,762.6300048828125
b7dbe59ef9274bb9425d6396,CLEAN_SHEET_R4_2026_V1,2026,2026-10-02T01:42:16.119823+00:00,2026-09-30,EIS,21,1M,2,-0.0008857202210213024,0.7664670658682635,False,False,-0.03892215568862273,0.3712574850299401,False,False,0.25531164000483636,0.8802395209580839,True,False,121.31999969482422,762.6300048828125
5cb569bb13e3b7c9886d27e8,CLEAN_SHEET_R4_2026_V1,2026,2026-10-02T01:42:16.119823+00:00,2026-09-30,EMXC,21,1M,2,0.0005475035615179927,0.9520958083832335,True,True,0.13023952095808383,0.7425149700598802,False,False,0.26913660978973253,0.9161676646706587,True,True,99.08000183105469,762.6300048828125
dcb042f64a08b409c7707f58,CLEAN_SHEET_R4_2026_V1,2026,2026-10-02T01:42:16.119823+00:00,2026-09-30,ENOR,21,1M,2,-0.0008282281261776426,0.7724550898203593,False,False,0.3892215568862275,0.9520958083832335,True,True,0.1707185960147454,0.32335329341317365,False,False,35.0099983215332,762.6300048828125
f2a1916bd7dc5fcaab5358e0,CLEAN_SHEET_R4_2026_V1,2026,2026-10-02T01:42:16.119823+00:00,2026-09-30,ENZL,21,1M,2,-0.00472828072514484,0.09580838323353294,False,False,-0.032934131736526956,0.3772455089820359,False,False,0.13925503406492445,0.041916167664670656,False,False,45.08000183105469,762.6300048828125
c30b05f2132f291f67a4b2d8,CLEAN_SHEET_R4_2026_V1,2026,2026-10-02T01:42:16.119823+00:00,2026-09-30,EPHE,21,1M,2,-0.00497067114622907,0.023952095808383235,False,False,-0.41916167664670656,0.059880239520958084,False,False,0.19809531496925367,0.5568862275449101,False,False,22.739999771118164,762.6300048828125
86a6bae01aab75955ebd44aa,CLEAN_SHEET_R4_2026_V1,2026,2026-10-02T01:42:16.119823+00:00,2026-09-30,EPOL,21,1M,2,-0.0005768706321957902,0.7964071856287425,False,False,0.40119760479041916,0.9640718562874252,True,True,0.17559641910139812,0.38323353293413176,False,False,44.31999969482422,762.6300048828125
329da23d25c455875efeec75,CLEAN_SHEET_R4_2026_V1,2026,2026-10-02T01:42:16.119823+00:00,2026-09-30,EPP,21,1M,2,-0.003414425773481366,0.3592814371257485,False,False,0.06886227544910178,0.592814371257485,False,False,0.15562912306335636,0.1317365269461078,False,False,55.029998779296875,762.6300048828125
7bc2ea00d205cc1f8b42b5d4,CLEAN_SHEET_R4_2026_V1,2026,2026-10-02T01:42:16.119823+00:00,2026-09-30,EPU,21,1M,2,-5.250280893071306e-05,0.8922155688622755,True,False,0.32934131736526945,0.9041916167664671,True,True,0.20464544670771304,0.6227544910179641,False,False,88.7300033569336,762.6300048828125
aa22bfdf36724e880457b0b9,CLEAN_SHEET_R4_2026_V1,2026,2026-10-02T01:42:16.119823+00:00,2026-09-30,EWA,21,1M,2,-0.003259854602697428,0.40119760479041916,False,False,0.08083832335329341,0.6227544910179641,False,False,0.15765536605676073,0.16167664670658682,False,False,28.309999465942383,762.6300048828125
0b254348e5e2aa48776cf52d,CLEAN_SHEET_R4_2026_V1,2026,2026-10-02T01:42:16.119823+00:00,2026-09-30,EWC,21,1M,2,-0.0027574982976496295,0.47904191616766467,False,False,0.11976047904191617,0.7215568862275449,False,False,0.16438888153886205,0.23353293413173654,False,False,58.380001068115234,762.6300048828125
132251f9c26893d7420bfe0c,CLEAN_SHEET_R4_2026_V1,2026,2026-10-02T01:42:16.119823+00:00,2026-09-30,EWD,21,1M,2,-0.003916782078529165,0.25748502994011974,False,False,0.029940119760479028,0.49700598802395207,False,False,0.14919035347082038,0.0718562874251497,False,False,49.9900016784668,762.6300048828125
d6c4e0d5b9d98b34cca4fe49,CLEAN_SHEET_R4_2026_V1,2026,2026-10-02T01:42:16.119823+00:00,2026-09-30,EWG,21,1M,2,-0.004565035234205645,0.11976047904191617,False,False,0.020958083832335328,0.47305389221556887,False,False,0.13522847037350852,0.011976047904191617,False,False,41.310001373291016,762.6300048828125
845910904c7ca5213d54509a,CLEAN_SHEET_R4_2026_V1,2026,2026-10-02T01:42:16.119823+00:00,2026-09-30,EWH,21,1M,2,-0.0034166438011503358,0.3532934131736527,False,False,-0.24251497005988026,0.18562874251497005,False,False,0.21206907209003575,0.6706586826347305,False,False,22.110000610351562,762.6300048828125
ab80aab9fde88cbd360df90b,CLEAN_SHEET_R4_2026_V1,2026,2026-10-02T01:42:16.119823+00:00,2026-09-30,EWI,21,1M,2,-0.0020095893554479974,0.5688622754491018,False,False,0.008982035928143672,0.4491017964071856,False,False,0.2064728620980489,0.6407185628742516,False,False,58.720001220703125,762.6300048828125
1b5138adccd5a25cf40d1711,CLEAN_SHEET_R4_2026_V1,2026,2026-10-02T01:42:16.119823+00:00,2026-09-30,EWJ,21,1M,2,-0.001452105359596691,0.7065868263473054,False,False,0.37275449101796404,0.9221556886227545,True,True,0.15693033769456322,0.1437125748502994,False,False,97.45999908447266,762.6300048828125
87fc2b6a93bab766ec4b3997,CLEAN_SHEET_R4_2026_V1,2026,2026-10-02T01:42:16.119823+00:00,2026-09-30,EWL,21,1M,2,-0.004689637932448856,0.10778443113772455,False,False,-0.029940119760479056,0.38922155688622756,False,False,0.13971529272814454,0.04790419161676647,False,False,59.150001525878906,762.6300048828125
b28173890c789e14bb11d940,CLEAN_SHEET_R4_2026_V1,2026,2026-10-02T01:42:16.119823+00:00,2026-09-30,EWM,21,1M,2,-0.0034549279109304153,0.3413173652694611,False,False,-0.26047904191616766,0.17964071856287425,False,False,0.21449504513558376,0.6826347305389222,False,False,27.3799991607666,762.6300048828125
f1f2da8dad9a5e464255099e,CLEAN_SHEET_R4_2026_V1,2026,2026-10-02T01:42:16.119823+00:00,2026-09-30,EWN,21,1M,2,-0.001031046082189355,0.7544910179640718,False,False,0.16916167664670656,0.7724550898203593,False,False,0.20555764912169755,0.6287425149700598,False,False,67.75,762.6300048828125
2a5dff780f40e452d2875bf9,CLEAN_SHEET_R4_2026_V1,2026,2026-10-02T01:42:16.119823+00:00,2026-09-30,EWO,21,1M,2,-0.0006294216124144237,0.7904191616766467,False,False,0.3727544910179641,0.9281437125748503,True,True,0.1791644665251043,0.4251497005988024,False,False,42.560001373291016,762.6300048828125
d864f2fe096828a96c6aac54,CLEAN_SHEET_R4_2026_V1,2026,2026-10-02T01:42:16.119823+00:00,2026-09-30,EWP,21,1M,2,-0.0015055860121918564,0.7005988023952096,False,False,0.1811377245508982,0.7784431137724551,False,False,0.18872150056442388,0.46706586826347307,False,False,59.20000076293945,762.6300048828125
997877899d835da82f558975,CLEAN_SHEET_R4_2026_V1,2026,2026-10-02T01:42:16.119823+00:00,2026-09-30,EWQ,21,1M,2,-0.004946441600342821,0.029940119760479042,False,False,-0.218562874251497,0.20359281437125748,False,False,0.16277205531092007,0.2155688622754491,False,False,42.599998474121094,762.6300048828125
9af7621e86c8b8b18181c485,CLEAN_SHEET_R4_2026_V1,2026,2026-10-02T01:42:16.119823+00:00,2026-09-30,EWS,21,1M,2,-0.0016341342225100215,0.688622754491018,False,False,0.2949101796407186,0.8862275449101796,True,False,0.16496818009851566,0.24550898203592814,False,False,33.2599983215332,762.6300048828125
3b3be9e5021c067c2e82501f,CLEAN_SHEET_R4_2026_V1,2026,2026-10-02T01:42:16.119823+00:00,2026-09-30,EWT,21,1M,2,-3.171371583233053e-05,0.8982035928143712,True,False,0.47155688622754494,0.9940119760479041,True,True,0.17849055345115242,0.41317365269461076,False,False,112.9000015258789,762.6300048828125
49c8c45a072a39ac5d197b94,CLEAN_SHEET_R4_2026_V1,2026,2026-10-02T01:42:16.119823+00:00,2026-09-30,EWU,21,1M,2,-0.0034530685661773508,0.3473053892215569,False,False,0.06586826347305388,0.5748502994011976,False,False,0.15512589319970377,0.12574850299401197,False,False,46.529998779296875,762.6300048828125
33aeacd6d179c5a2faa3bb18,CLEAN_SHEET_R4_2026_V1,2026,2026-10-02T01:42:16.119823+00:00,2026-09-30,EWW,21,1M,2,-0.0029128527644389176,0.46706586826347307,False,False,-0.2634730538922156,0.17365269461077845,False,False,0.23335235534703933,0.8023952095808383,True,False,71.08999633789062,762.6300048828125
6822b0f3973b576f4c8e6a14,CLEAN_SHEET_R4_2026_V1,2026,2026-10-02T01:42:16.119823+00:00,2026-09-30,EWY,21,1M,2,0.001113237264435111,1.0,True,True,0.14970059880239522,0.7485029940119761,False,False,0.2863452357437292,0.9760479041916168,True,True,182.77999877929688,762.6300048828125
142d89fc868a21598f1bae3f,CLEAN_SHEET_R4_2026_V1,2026,2026-10-02T01:42:16.119823+00:00,2026-09-30,EWZ,21,1M,2,0.00020187052474956047,0.9341317365269461,True,True,0.013473053892215592,0.4550898203592814,False,False,0.2841920760871502,0.9580838323353293,True,True,37.25,762.6300048828125
1c2b949f43486006fcd0ec06,CLEAN_SHEET_R4_2026_V1,2026,2026-10-02T01:42:16.119823+00:00,2026-09-30,EXI,21,1M,2,-0.0033882564366444112,0.3712574850299401,False,False,-0.013473053892215592,0.41317365269461076,False,False,0.16997248623973404,0.2994011976047904,False,False,189.25999450683594,762.6300048828125
f058e0f7fa1d6a5241928f42,CLEAN_SHEET_R4_2026_V1,2026,2026-10-02T01:42:16.119823+00:00,2026-09-30,EZA,21,1M,2,-0.0033431573514621383,0.38922155688622756,False,False,-0.27994011976047906,0.16766467065868262,False,False,0.2222302205575375,0.7604790419161677,False,False,63.97999954223633,762.6300048828125
e90c858192c7a84f9124358a,CLEAN_SHEET_R4_2026_V1,2026,2026-10-02T01:42:16.119823+00:00,2026-09-30,EZU,21,1M,2,-0.00346554202203638,0.33532934131736525,False,False,-0.019461077844311392,0.40119760479041916,False,False,0.16889324855484747,0.2754491017964072,False,False,67.33000183105469,762.6300048828125
a6a9353b9d3851ac7977652d,CLEAN_SHEET_R4_2026_V1,2026,2026-10-02T01:42:16.119823+00:00,2026-09-30,FDN,21,1M,2,-0.0016547110090636805,0.6826347305389222,False,False,0.34580838323353297,0.9161676646706587,True,True,0.1560838964781534,0.1377245508982036,False,False,288.45001220703125,762.6300048828125
f48a281876495090a3f755ed,CLEAN_SHEET_R4_2026_V1,2026,2026-10-02T01:42:16.119823+00:00,2026-09-30,FEZ,21,1M,2,-0.003542827607428349,0.32335329341317365,False,False,-0.025449101796407192,0.39520958083832336,False,False,0.16781947797646238,0.2634730538922156,False,False,67.30999755859375,762.6300048828125
696396700d5f72f3c9964b22,CLEAN_SHEET_R4_2026_V1,2026,2026-10-02T01:42:16.119823+00:00,2026-09-30,GLD,21,1M,2,-0.003931473562057164,0.25149700598802394,False,False,-0.3667664670658683,0.11377245508982035,False,False,0.22082098110131448,0.7365269461077845,False,False,380.8399963378906,762.6300048828125
3b5b1f07bf98eb68c67dd96a,CLEAN_SHEET_R4_2026_V1,2026,2026-10-02T01:42:16.119823+00:00,2026-09-30,GREK,21,1M,2,-0.0007606929096886459,0.7784431137724551,False,False,0.39820359281437123,0.9580838323353293,True,True,0.17102139141486053,0.33532934131736525,False,False,85.69999694824219,762.6300048828125
8860c28b0388742c1168bcfc,CLEAN_SHEET_R4_2026_V1,2026,2026-10-02T01:42:16.119823+00:00,2026-09-30,HEDJ,21,1M,2,-0.0037746843636042565,0.2934131736526946,False,False,-0.04341317365269462,0.3652694610778443,False,False,0.16463086680145828,0.23952095808383234,False,False,55.459999084472656,762.6300048828125
fae2ae5ed55118dd9d8f2a62,CLEAN_SHEET_R4_2026_V1,2026,2026-10-02T01:42:16.119823+00:00,2026-09-30,HEEM,21,1M,2,-0.00018670949970571362,0.8502994011976048,True,False,0.07335329341317365,0.6047904191616766,False,False,0.2550487314393096,0.874251497005988,True,False,42.2400016784668,762.6300048828125
b628898f79f754f08a374c42,CLEAN_SHEET_R4_2026_V1,2026,2026-10-02T01:42:16.119823+00:00,2026-09-30,HEFA,21,1M,2,-0.0016673967714674323,0.6766467065868264,False,False,0.06736526946107785,0.5868263473053892,False,False,0.20568090902510913,0.6347305389221557,False,False,46.38999938964844,762.6300048828125
101db25ad8cdd29cef47e325,CLEAN_SHEET_R4_2026_V1,2026,2026-10-02T01:42:16.119823+00:00,2026-09-30,IBB,21,1M,2,-0.00012383716112348122,0.874251497005988,True,False,0.27694610778443113,0.8682634730538922,True,False,0.2128998311996157,0.6766467065868264,False,False,210.52999877929688,762.6300048828125
9991f1314f209d4442e63b13,CLEAN_SHEET_R4_2026_V1,2026,2026-10-02T01:42:16.119823+00:00,2026-09-30,IEFA,21,1M,2,-0.0029893550538255364,0.4491017964071856,False,False,0.10179640718562874,0.6646706586826348,False,False,0.16125282209249947,0.20359281437125748,False,False,96.87999725341797,762.6300048828125
25afefda4d24bd0e1fb071bb,CLEAN_SHEET_R4_2026_V1,2026,2026-10-02T01:42:16.119823+00:00,2026-09-30,IEMG,21,1M,2,-0.00045720904857760513,0.8263473053892215,True,False,0.05239520958083832,0.5359281437125748,False,False,0.24998240725644877,0.8502994011976048,True,False,81.16000366210938,762.6300048828125
f9ea648d2342ac6a5bf54a2d,CLEAN_SHEET_R4_2026_V1,2026,2026-10-02T01:42:16.119823+00:00,2026-09-30,IEUR,21,1M,2,-0.0038008537004412114,0.2874251497005988,False,False,0.038922155688622756,0.5089820359281437,False,False,0.1506564471306534,0.08383233532934131,False,False,73.69999694824219,762.6300048828125
75a7ece73f16255075de1a7f,CLEAN_SHEET_R4_2026_V1,2026,2026-10-02T01:42:16.119823+00:00,2026-09-30,IGV,21,1M,2,0.0007888983800521492,0.9640718562874252,True,True,-0.047904191616766456,0.3592814371257485,False,False,0.3240048715474748,1.0,True,True,106.4800033569336,762.6300048828125
e9ef787721d901420ab43d44,CLEAN_SHEET_R4_2026_V1,2026,2026-10-02T01:42:16.119823+00:00,2026-09-30,IHF,21,1M,2,-0.00024105389450387133,0.844311377245509,True,False,0.11976047904191617,0.7215568862275449,False,False,0.24252696958354278,0.8323353293413174,True,False,54.88999938964844,762.6300048828125
0aec19b5c28f8150c0d88553,CLEAN_SHEET_R4_2026_V1,2026,2026-10-02T01:42:16.119823+00:00,2026-09-30,IHI,21,1M,2,-0.003703415941585028,0.31137724550898205,False,False,-0.39221556886227543,0.08383233532934131,False,False,0.2340165841701258,0.8083832335329342,True,False,51.150001525878906,762.6300048828125
5649b7da8b74f0df9a05f901,CLEAN_SHEET_R4_2026_V1,2026,2026-10-02T01:42:16.119823+00:00,2026-09-30,IJR,21,1M,2,-0.0016879735580210915,0.6646706586826348,False,False,0.11826347305389223,0.7125748502994012,False,False,0.195116382745627,0.5209580838323353,False,False,136.0399932861328,762.6300048828125
25ec07a9f3e0ff58e1b0344e,CLEAN_SHEET_R4_2026_V1,2026,2026-10-02T01:42:16.119823+00:00,2026-09-30,ILF,21,1M,2,-6.862902412233104e-05,0.8862275449101796,True,False,-0.007485029940119736,0.4251497005988024,False,False,0.27876347367568466,0.9401197604790419,True,True,34.5,762.6300048828125
fec9df83ba6382f724bb3fee,CLEAN_SHEET_R4_2026_V1,2026,2026-10-02T01:42:16.119823+00:00,2026-09-30,IMTM,21,1M,2,-0.0026498855568010287,0.48502994011976047,False,False,0.07185628742514968,0.5988023952095808,False,False,0.17555105461199652,0.3772455089820359,False,False,52.630001068115234,762.6300048828125
f1b18c461149d850b983cd8b,CLEAN_SHEET_R4_2026_V1,2026,2026-10-02T01:42:16.119823+00:00,2026-09-30,INDA,21,1M,2,-0.004495413850394758,0.1317365269461078,False,False,-0.4610778443113772,0.017964071856287425,False,False,0.2217959985555806,0.7544910179640718,False,False,46.68000030517578,762.6300048828125
51e622d6877445257c07f435,CLEAN_SHEET_R4_2026_V1,2026,2026-10-02T01:42:16.119823+00:00,2026-09-30,IOO,21,1M,2,-0.0013140190869202757,0.7305389221556886,False,False,0.06287425149700598,0.562874251497006,False,False,0.21801075151423896,0.7065868263473054,False,False,144.00999450683594,762.6300048828125
62abe48a740f7057bb42a7f0,CLEAN_SHEET_R4_2026_V1,2026,2026-10-02T01:42:16.119823+00:00,2026-09-30,IQLT,21,1M,2,-0.0031052834319134906,0.4251497005988024,False,False,0.09281437125748501,0.6407185628742516,False,False,0.15970300043437546,0.19161676646706588,False,False,49.470001220703125,762.6300048828125
122ffca59dca47f30fcdeda9,CLEAN_SHEET_R4_2026_V1,2026,2026-10-02T01:42:16.119823+00:00,2026-09-30,ITA,21,1M,2,-0.0051271821079637145,0.005988023952095809,False,False,-0.14820359281437126,0.281437125748503,False,False,0.14699364681799795,0.059880239520958084,False,False,207.17999267578125,762.6300048828125
f232f3714717b3f28a79c90a,CLEAN_SHEET_R4_2026_V1,2026,2026-10-02T01:42:16.119823+00:00,2026-09-30,ITB,21,1M,2,-0.004781973684284728,0.0658682634730539,False,False,-0.4176646706586826,0.0658682634730539,False,False,0.20366528232419834,0.5988023952095808,False,False,87.0199966430664,762.6300048828125
2f45434f089703723f7b2d0f,CLEAN_SHEET_R4_2026_V1,2026,2026-10-02T01:42:16.119823+00:00,2026-09-30,ITOT,21,1M,2,-0.001976539113035309,0.5748502994011976,False,False,0.04341317365269459,0.5149700598802395,False,False,0.20071432665700667,0.5688622754491018,False,False,166.27999877929688,762.6300048828125
343cf1d6c32fdcd3533ec541,CLEAN_SHEET_R4_2026_V1,2026,2026-10-02T01:42:16.119823+00:00,2026-09-30,IWB,21,1M,2,-0.002053824698427278,0.562874251497006,False,False,0.03742514970059879,0.5029940119760479,False,False,0.19948680678635164,0.562874251497006,False,False,416.1300048828125,762.6300048828125
f59cafe904ae7b04fe9bc1b4,CLEAN_SHEET_R4_2026_V1,2026,2026-10-02T01:42:16.119823+00:00,2026-09-30,IWD,21,1M,2,-0.0017058272576186942,0.6586826347305389,False,False,0.2574850299401198,0.8562874251497006,True,False,0.16937900672823952,0.2874251497005988,False,False,247.92999267578125,762.6300048828125
3346b1f84f24361a19a0aa28,CLEAN_SHEET_R4_2026_V1,2026,2026-10-02T01:42:16.119823+00:00,2026-09-30,IWF,21,1M,2,-0.001320541309580104,0.7245508982035929,False,False,-0.06886227544910178,0.3473053892215569,False,False,0.24634662595981735,0.844311377245509,True,False,125.26000213623047,762.6300048828125
e7b653c9a417f63bc4dc0f6f,CLEAN_SHEET_R4_2026_V1,2026,2026-10-02T01:42:16.119823+00:00,2026-09-30,IWM,21,1M,2,-0.0017266163507170763,0.6467065868263473,False,False,0.1152694610778443,0.7005988023952096,False,False,0.19451488390968624,0.5149700598802395,False,False,277.8900146484375,762.6300048828125
9ea174b13f5cbaf640441b80,CLEAN_SHEET_R4_2026_V1,2026,2026-10-02T01:42:16.119823+00:00,2026-09-30,IXC,21,1M,2,-0.0005483368913186831,0.8023952095808383,True,False,0.4221556886227545,0.9700598802395209,True,True,0.1727213432355688,0.3413173652694611,False,False,56.970001220703125,762.6300048828125
5d786aa7b6ef3cb6bbc6aad3,CLEAN_SHEET_R4_2026_V1,2026,2026-10-02T01:42:16.119823+00:00,2026-09-30,IXG,21,1M,2,-0.003367467343546029,0.3772455089820359,False,False,0.1287425149700599,0.7365269461077845,False,False,0.14742759189153953,0.0658682634730539,False,False,127.0,762.6300048828125
f9655459fd1ff1cd69256455,CLEAN_SHEET_R4_2026_V1,2026,2026-10-02T01:42:16.119823+00:00,2026-09-30,IXJ,21,1M,2,-0.0032984973953934125,0.39520958083832336,False,False,0.07784431137724551,0.6167664670658682,False,False,0.1571468036769469,0.1497005988023952,False,False,102.12000274658203,762.6300048828125
4c0262341c58cbef84f467fa,CLEAN_SHEET_R4_2026_V1,2026,2026-10-02T01:42:16.119823+00:00,2026-09-30,IXN,21,1M,2,0.0008528467673820967,0.9760479041916168,True,True,0.11077844311377244,0.6946107784431138,False,False,0.285729051206274,0.9700598802395209,True,True,148.22000122070312,762.6300048828125
f2bbc1cd99af7f2f8cdc7d76,CLEAN_SHEET_R4_2026_V1,2026,2026-10-02T01:42:16.119823+00:00,2026-09-30,IXP,21,1M,2,-0.003970116354753148,0.23952095808383234,False,False,-0.3697604790419162,0.10778443113772455,False,False,0.2201619160070641,0.7245508982035929,False,False,118.2699966430664,762.6300048828125
3e1bd1da938e3f6de48391ba,CLEAN_SHEET_R4_2026_V1,2026,2026-10-02T01:42:16.119823+00:00,2026-09-30,IXUS,21,1M,2,-0.0025229184545176656,0.5029940119760479,False,False,0.2260479041916168,0.8203592814371258,True,False,0.15317510613403448,0.10778443113772455,False,False,94.98999786376953,762.6300048828125
dbc7432f11a967a598ac56a1,CLEAN_SHEET_R4_2026_V1,2026,2026-10-02T01:42:16.119823+00:00,2026-09-30,IYG,21,1M,2,-0.004178965990161704,0.20359281437125748,False,False,0.0658682634730539,0.5808383233532934,False,False,0.13759067929383303,0.03592814371257485,False,False,89.91999816894531,762.6300048828125
6ea82a5fc5059e8a77f8baf2,CLEAN_SHEET_R4_2026_V1,2026,2026-10-02T01:42:16.119823+00:00,2026-09-30,IYJ,21,1M,2,-0.00390760269908682,0.2634730538922156,False,False,-0.1511976047904192,0.2634730538922156,False,False,0.17965517420546306,0.4311377245508982,False,False,153.3699951171875,762.6300048828125
eb5229cccca212807a37827c,CLEAN_SHEET_R4_2026_V1,2026,2026-10-02T01:42:16.119823+00:00,2026-09-30,IYK,21,1M,2,-0.0040280475787103556,0.2155688622754491,False,False,-0.17365269461077845,0.25748502994011974,False,False,0.18024887733749143,0.4431137724550898,False,False,70.7300033569336,762.6300048828125
4f30e94a051e15853f0a64c6,CLEAN_SHEET_R4_2026_V1,2026,2026-10-02T01:42:16.119823+00:00,2026-09-30,IYT,21,1M,2,-0.002926189962500939,0.46107784431137727,False,False,-0.11077844311377244,0.32335329341317365,False,False,0.20134038198819015,0.5748502994011976,False,False,78.5199966430664,762.6300048828125
d33a6ac4c29ee4608c11cf2f,CLEAN_SHEET_R4_2026_V1,2026,2026-10-02T01:42:16.119823+00:00,2026-09-30,IYW,21,1M,2,-0.00044287624796551144,0.8323353293413174,True,False,0.46407185628742514,0.9880239520958084,True,True,0.16839070186179056,0.2694610778443114,False,False,264.8999938964844,762.6300048828125
1e45913cf06a5b3c6e05e72c,CLEAN_SHEET_R4_2026_V1,2026,2026-10-02T01:42:16.119823+00:00,2026-09-30,IYZ,21,1M,2,4.134812076642125e-05,0.9161676646706587,True,True,0.047904191616766456,0.5269461077844312,False,False,0.26958202878245496,0.9221556886227545,True,True,41.18000030517578,762.6300048828125
2c550853186d76819305215e,CLEAN_SHEET_R4_2026_V1,2026,2026-10-02T01:42:16.119823+00:00,2026-09-30,JXI,21,1M,2,-0.004922995350461923,0.04790419161676647,False,False,-0.38922155688622756,0.08982035928143713,False,False,0.19380694428890333,0.5029940119760479,False,False,76.88999938964844,762.6300048828125
a59dfb0e730162ef1eeffb4a,CLEAN_SHEET_R4_2026_V1,2026,2026-10-02T01:42:16.119823+00:00,2026-09-30,KBA,21,1M,2,-0.003935060391216213,0.24550898203592814,False,False,-0.21706586826347307,0.20958083832335328,False,False,0.19095498572904027,0.47305389221556887,False,False,30.940000534057617,762.6300048828125
59c8701e95d0614d3fa17d6f,CLEAN_SHEET_R4_2026_V1,2026,2026-10-02T01:42:16.119823+00:00,2026-09-30,KBE,21,1M,2,-0.0028472573389006274,0.47305389221556887,False,False,0.028443113772455092,0.49101796407185627,False,False,0.1776810303811727,0.39520958083832336,False,False,63.220001220703125,762.6300048828125
1baa73ad718b25c841b9657c,CLEAN_SHEET_R4_2026_V1,2026,2026-10-02T01:42:16.119823+00:00,2026-09-30,KIE,21,1M,2,-0.004105333164102325,0.20958083832335328,False,False,-0.17964071856287428,0.23652694610778444,False,False,0.17911847065426467,0.41916167664670656,False,False,58.5,762.6300048828125
b31b58bd0a80a641bfdeb2eb,CLEAN_SHEET_R4_2026_V1,2026,2026-10-02T01:42:16.119823+00:00,2026-09-30,KRE,21,1M,2,-0.00184254472880503,0.6047904191616766,False,False,0.10628742514970058,0.6826347305389222,False,False,0.1927188304905098,0.49101796407185627,False,False,69.44000244140625,762.6300048828125
54e24d4b6c5a19464d63a860,CLEAN_SHEET_R4_2026_V1,2026,2026-10-02T01:42:16.119823+00:00,2026-09-30,KSA,21,1M,2,-0.004759032493690917,0.07784431137724551,False,False,-0.3652694610778443,0.11976047904191617,False,False,0.19420994962621865,0.5089820359281437,False,False,36.31999969482422,762.6300048828125
74e45afbb64ad0f7028036ad,CLEAN_SHEET_R4_2026_V1,2026,2026-10-02T01:42:16.119823+00:00,2026-09-30,KWEB,21,1M,2,-0.004277823964657405,0.16167664670658682,False,False,-0.4535928143712575,0.03293413173652695,False,False,0.2275445616634667,0.7844311377245509,False,False,24.510000228881836,762.6300048828125
656c441b7d9861452e76378d,CLEAN_SHEET_R4_2026_V1,2026,2026-10-02T01:42:16.119823+00:00,2026-09-30,KXI,21,1M,2,-0.004270584376165767,0.16766467065868262,False,False,-0.3517964071856287,0.1377245508982036,False,False,0.20673062838974615,0.6467065868263473,False,False,65.43000030517578,762.6300048828125
539db238b7ecd9e4d37300cd,CLEAN_SHEET_R4_2026_V1,2026,2026-10-02T01:42:16.119823+00:00,2026-09-30,MCHI,21,1M,2,-0.004355109550049374,0.1437125748502994,False,False,-0.4595808383233533,0.023952095808383235,False,False,0.22619939160658056,0.7784431137724551,False,False,52.189998626708984,762.6300048828125
dcdd4a82f4e6fd9e7037c76d,CLEAN_SHEET_R4_2026_V1,2026,2026-10-02T01:42:16.119823+00:00,2026-09-30,MDY,21,1M,2,-0.003156399680468504,0.41916167664670656,False,False,0.004491017964071836,0.437125748502994,False,False,0.1732430996106621,0.3592814371257485,False,False,656.7100219726562,762.6300048828125
7df5b278323db2fa264ebed1,CLEAN_SHEET_R4_2026_V1,2026,2026-10-02T01:42:16.119823+00:00,2026-09-30,MTUM,21,1M,2,6.504463774208765e-06,0.9041916167664671,True,True,0.08832335329341312,0.6347305389221557,False,False,0.25870862143173895,0.8982035928143712,True,False,317.3399963378906,762.6300048828125
1a88c475e9e6e0e7e7d3b38e,CLEAN_SHEET_R4_2026_V1,2026,2026-10-02T01:42:16.119823+00:00,2026-09-30,MXI,21,1M,2,-0.0017914284802500167,0.6227544910179641,False,False,0.19461077844311375,0.7964071856287425,False,False,0.17798426375079224,0.40119760479041916,False,False,106.98999786376953,762.6300048828125
ed4d25b2100684aea77fbc42,CLEAN_SHEET_R4_2026_V1,2026,2026-10-02T01:42:16.119823+00:00,2026-09-30,OIH,21,1M,2,0.0010175269899849117,0.9940119760479041,True,True,0.10479041916167664,0.6736526946107785,False,False,0.2937883345311574,0.9880239520958084,True,True,378.3699951171875,762.6300048828125
ded11cb0f66e2e85383d70e4,CLEAN_SHEET_R4_2026_V1,2026,2026-10-02T01:42:16.119823+00:00,2026-09-30,PAVE,21,1M,2,-0.0029550823862939508,0.4550898203592814,False,False,-0.11676646706586827,0.2964071856287425,False,False,0.20161344804578127,0.5868263473053892,False,False,52.5,762.6300048828125
cf3c9644f87965f81bdad247,CLEAN_SHEET_R4_2026_V1,2026,2026-10-02T01:42:16.119823+00:00,2026-09-30,PBJ,21,1M,2,-0.004193298790773798,0.19760479041916168,False,False,-0.3458083832335329,0.1437125748502994,False,False,0.2079911409805429,0.6586826347305389,False,False,44.779998779296875,762.6300048828125
f4ae71cf6e48d53eb75694ff,CLEAN_SHEET_R4_2026_V1,2026,2026-10-02T01:42:16.119823+00:00,2026-09-30,PEJ,21,1M,2,-0.0039859643332265035,0.2275449101796407,False,False,-0.1122754491017964,0.31137724550898205,False,False,0.17062091788560504,0.31736526946107785,False,False,61.97999954223633,762.6300048828125
09468a50d9cf3abad6b36a05,CLEAN_SHEET_R4_2026_V1,2026,2026-10-02T01:42:16.119823+00:00,2026-09-30,QAT,21,1M,2,-0.004979883490758185,0.017964071856287425,False,False,-0.43862275449101795,0.04491017964071856,False,False,0.20159841296273812,0.5808383233532934,False,False,16.290000915527344,762.6300048828125
afb15111ddeef63a286ba9d1,CLEAN_SHEET_R4_2026_V1,2026,2026-10-02T01:42:16.119823+00:00,2026-09-30,QQQ,21,1M,2,-0.0012588913961167681,0.7425149700598802,False,False,0.38772455089820357,0.9461077844311377,True,True,0.15948367961018278,0.18562874251497005,False,False,739.77001953125,762.6300048828125
a026e062c82f4247c11b899e,CLEAN_SHEET_R4_2026_V1,2026,2026-10-02T01:42:16.119823+00:00,2026-09-30,QUAL,21,1M,2,-0.0022083958692112157,0.5389221556886228,False,False,0.025449101796407192,0.47904191616766467,False,False,0.19704869896405106,0.5449101796407185,False,False,222.24000549316406,762.6300048828125
173c02927ca0cffa0d616b9f,CLEAN_SHEET_R4_2026_V1,2026,2026-10-02T01:42:16.119823+00:00,2026-09-30,REET,21,1M,2,-0.004336831237362327,0.1497005988023952,False,False,-0.2125748502994012,0.2155688622754491,False,False,0.17842631543008508,0.40718562874251496,False,False,25.780000686645508,762.6300048828125
138fa3d28e647bbc90196aa3,CLEAN_SHEET_R4_2026_V1,2026,2026-10-02T01:42:16.119823+00:00,2026-09-30,REM,21,1M,2,-0.004892130170631434,0.05389221556886228,False,False,-0.4655688622754491,0.011976047904191617,False,False,0.20973103853545066,0.6646706586826348,False,False,18.209999084472656,762.6300048828125
f1330ac91463f3e4df0114ae,CLEAN_SHEET_R4_2026_V1,2026,2026-10-02T01:42:16.119823+00:00,2026-09-30,REMX,21,1M,2,-0.004749640807703849,0.08383233532934131,False,False,-0.3532934131736527,0.12874251497005987,False,False,0.19222074117163943,0.48502994011976047,False,False,64.26000213623047,762.6300048828125
fa6a7b1687bd561cb479c84e,CLEAN_SHEET_R4_2026_V1,2026,2026-10-02T01:42:16.119823+00:00,2026-09-30,REZ,21,1M,2,-0.0038731177250105123,0.2754491017964072,False,False,-0.17664670658682635,0.24850299401197604,False,False,0.18527172079945406,0.4550898203592814,False,False,88.33999633789062,762.6300048828125
8a33d09c286dd0f8383ebeaa,CLEAN_SHEET_R4_2026_V1,2026,2026-10-02T01:42:16.119823+00:00,2026-09-30,RSP,21,1M,2,-0.0033496136439484262,0.38323353293413176,False,False,-0.010479041916167664,0.41916167664670656,False,False,0.17051415834319175,0.31137724550898205,False,False,208.02000427246094,762.6300048828125
e38bc66d266acb8e98b9e8c4,CLEAN_SHEET_R4_2026_V1,2026,2026-10-02T01:42:16.119823+00:00,2026-09-30,RWO,21,1M,2,-0.004220902859274373,0.17964071856287425,False,False,-0.20359281437125748,0.2215568862275449,False,False,0.18011888826660558,0.437125748502994,False,False,46.400001525878906,762.6300048828125
0999d6eb9188d6b98ac9bf57,CLEAN_SHEET_R4_2026_V1,2026,2026-10-02T01:42:16.119823+00:00,2026-09-30,RXI,21,1M,2,-0.004568182934251147,0.11377245508982035,False,False,-0.4535928143712575,0.03293413173652695,False,False,0.21781815221250164,0.7005988023952096,False,False,184.8699951171875,762.6300048828125
4b85bf0f426ebaf41bc935ae,CLEAN_SHEET_R4_2026_V1,2026,2026-10-02T01:42:16.119823+00:00,2026-09-30,SCHD,21,1M,2,-0.0012350864633199647,0.7485029940119761,False,False,0.20209580838323352,0.8083832335329342,True,False,0.19286553104802476,0.49700598802395207,False,False,32.529998779296875,762.6300048828125
55544c4275285925ca88165f,CLEAN_SHEET_R4_2026_V1,2026,2026-10-02T01:42:16.119823+00:00,2026-09-30,SCHY,21,1M,2,-0.0031825690173054593,0.41317365269461076,False,False,0.08682634730538921,0.6287425149700598,False,False,0.15867650326031668,0.17365269461077845,False,False,31.399999618530273,762.6300048828125
872238b5b256abeea8960d82,CLEAN_SHEET_R4_2026_V1,2026,2026-10-02T01:42:16.119823+00:00,2026-09-30,SCZ,21,1M,2,-0.0031025603449574336,0.4311377245508982,False,False,0.18113772455089822,0.7844311377245509,False,False,0.1458621453408783,0.05389221556886228,False,False,84.41999816894531,762.6300048828125
053edf4eadc2636166ce27c3,CLEAN_SHEET_R4_2026_V1,2026,2026-10-02T01:42:16.119823+00:00,2026-09-30,SKYY,21,1M,2,0.0004965996195077007,0.9461077844311377,True,True,0.23502994011976047,0.8353293413173652,True,False,0.24297757530754896,0.8383233532934131,True,False,163.99000549316406,762.6300048828125
fbcf165a181c0c4385cdb456,CLEAN_SHEET_R4_2026_V1,2026,2026-10-02T01:42:16.119823+00:00,2026-09-30,SLV,21,1M,2,-0.00016362193274072024,0.8562874251497006,True,False,-0.08233532934131738,0.3413173652694611,False,False,0.29361891897565306,0.9820359281437125,True,True,54.5099983215332,762.6300048828125
28dd7339aba05151e403860c,CLEAN_SHEET_R4_2026_V1,2026,2026-10-02T01:42:16.119823+00:00,2026-09-30,SMH,21,1M,2,0.0009339314884778374,0.9820359281437125,True,True,0.16017964071856283,0.7604790419161677,False,False,0.2767457044922577,0.9281437125748503,True,True,609.0,762.6300048828125
7e5337fc38e003c7a1327dbf,CLEAN_SHEET_R4_2026_V1,2026,2026-10-02T01:42:16.119823+00:00,2026-09-30,SOXX,21,1M,2,0.0010112170738698061,0.9880239520958084,True,True,0.16616766467065863,0.7664670658682635,False,False,0.27828336311958546,0.9341317365269461,True,True,568.6400146484375,762.6300048828125
46a2c3ce02a7682eddd8c5c3,CLEAN_SHEET_R4_2026_V1,2026,2026-10-02T01:42:16.119823+00:00,2026-09-30,SPGM,21,1M,2,-0.0021697530765152316,0.5508982035928144,False,False,0.028443113772455064,0.48502994011976047,False,False,0.1976561104308544,0.5508982035928144,False,False,86.5,762.6300048828125
6913bd9a5cf87fa9549e5698,CLEAN_SHEET_R4_2026_V1,2026,2026-10-02T01:42:16.119823+00:00,2026-09-30,SPY,21,1M,2,-0.001860610734947355,0.5868263473053892,False,False,0.05239520958083832,0.5359281437125748,False,False,0.20256619706667695,0.592814371257485,False,False,762.6300048828125,762.6300048828125
472fec293a7bc973ce7daf27,CLEAN_SHEET_R4_2026_V1,2026,2026-10-02T01:42:16.119823+00:00,2026-09-30,THD,21,1M,2,-0.0018134399984672954,0.6167664670658682,False,False,0.3053892215568862,0.8922155688622755,True,False,0.15853381208789089,0.16766467065868262,False,False,70.51000213623047,762.6300048828125
b7230dccb5aec126dae32bdb,CLEAN_SHEET_R4_2026_V1,2026,2026-10-02T01:42:16.119823+00:00,2026-09-30,TUR,21,1M,2,-0.00397678495378416,0.23353293413173654,False,False,-0.2934131736526946,0.16167664670658682,False,False,0.20441049528589245,0.6167664670658682,False,False,33.79999923706055,762.6300048828125
8c446120896677d0a4367cf1,CLEAN_SHEET_R4_2026_V1,2026,2026-10-02T01:42:16.119823+00:00,2026-09-30,UAE,21,1M,2,-0.0017438186146564098,0.6407185628742516,False,False,-0.17664670658682635,0.24850299401197604,False,False,0.25561062114065375,0.8862275449101796,True,False,20.06999969482422,762.6300048828125
b66a422514d7ea1515ecf777,CLEAN_SHEET_R4_2026_V1,2026,2026-10-02T01:42:16.119823+00:00,2026-09-30,URA,21,1M,2,-0.004027901202339173,0.2215568862275449,False,False,-0.3817365269461078,0.10179640718562874,False,False,0.22074528583871078,0.7305389221556886,False,False,39.849998474121094,762.6300048828125
a402e9ed492522e65182038a,CLEAN_SHEET_R4_2026_V1,2026,2026-10-02T01:42:16.119823+00:00,2026-09-30,URTH,21,1M,2,-0.002594823796171061,0.49700598802395207,False,False,-0.004491017964071864,0.4311377245508982,False,False,0.19105203029538892,0.47904191616766467,False,False,206.22999572753906,762.6300048828125
ebc810a0bd80aba02bffe74c,CLEAN_SHEET_R4_2026_V1,2026,2026-10-02T01:42:16.119823+00:00,2026-09-30,USMV,21,1M,2,-0.005018998377654486,0.011976047904191617,False,False,-0.017964071856287414,0.40718562874251496,False,False,0.13056384807385496,0.005988023952095809,False,False,97.44000244140625,762.6300048828125
e9133c7ee745325dec5067b6,CLEAN_SHEET_R4_2026_V1,2026,2026-10-02T01:42:16.119823+00:00,2026-09-30,VEA,21,1M,2,-0.0018300712729460004,0.6107784431137725,False,False,0.19161676646706588,0.7904191616766467,False,False,0.1774239371906552,0.38922155688622756,False,False,70.61000061035156,762.6300048828125
d8ff5d3de4c05f57700cb22c,CLEAN_SHEET_R4_2026_V1,2026,2026-10-02T01:42:16.119823+00:00,2026-09-30,VEU,21,1M,2,-0.0024842756618216814,0.5149700598802395,False,False,0.22904191616766467,0.8263473053892215,True,False,0.15367315868609852,0.11377245508982035,False,False,82.97000122070312,762.6300048828125
e8a5c8e24163f080b9d48d8a,CLEAN_SHEET_R4_2026_V1,2026,2026-10-02T01:42:16.119823+00:00,2026-09-30,VGK,21,1M,2,-0.0037235681150492427,0.30538922155688625,False,False,0.044910179640718556,0.5209580838323353,False,False,0.15164041296134925,0.08982035928143713,False,False,86.80000305175781,762.6300048828125
ca83160a5ca911faef4b8dc6,CLEAN_SHEET_R4_2026_V1,2026,2026-10-02T01:42:16.119823+00:00,2026-09-30,VNM,21,1M,2,-0.004312308938733714,0.15568862275449102,False,False,-0.4281437125748503,0.05389221556886228,False,False,0.22099411390932278,0.7425149700598802,False,False,16.950000762939453,762.6300048828125
7b16734787670acdb96d7102,CLEAN_SHEET_R4_2026_V1,2026,2026-10-02T01:42:16.119823+00:00,2026-09-30,VNQ,21,1M,2,-0.004762260639934061,0.0718562874251497,False,False,-0.23053892215568864,0.19760479041916168,False,False,0.16973325051764174,0.2934131736526946,False,False,89.62999725341797,762.6300048828125
c27ffe0e571b62d4d84dbc27,CLEAN_SHEET_R4_2026_V1,2026,2026-10-02T01:42:16.119823+00:00,2026-09-30,VPL,21,1M,2,8.379004916617833e-05,0.9221556886227545,True,True,0.09431137724550898,0.6467065868263473,False,False,0.26018211434733574,0.9041916167664671,True,True,115.80999755859375,762.6300048828125
827af76d3b408b7b34208ca0,CLEAN_SHEET_R4_2026_V1,2026,2026-10-02T01:42:16.119823+00:00,2026-09-30,VSS,21,1M,2,-0.0025083588313367473,0.5089820359281437,False,False,-0.17964071856287428,0.23652694610778444,False,False,0.22912831861549862,0.7904191616766467,False,False,155.25,762.6300048828125
34b9830011d521183bce466f,CLEAN_SHEET_R4_2026_V1,2026,2026-10-02T01:42:16.119823+00:00,2026-09-30,VT,21,1M,2,-0.0022856814546031844,0.5329341317365269,False,False,0.019461077844311392,0.46706586826347307,False,False,0.19583810437972687,0.5329341317365269,False,False,157.85000610351562,762.6300048828125
36396fcda0c3636934b8dfa7,CLEAN_SHEET_R4_2026_V1,2026,2026-10-02T01:42:16.119823+00:00,2026-09-30,VWO,21,1M,2,-0.003875416198877124,0.2694610778443114,False,False,0.12125748502994012,0.7305389221556886,False,False,0.1365645307604331,0.017964071856287425,False,False,59.310001373291016,762.6300048828125
78fb1ba0ca465ea433215ab1,CLEAN_SHEET_R4_2026_V1,2026,2026-10-02T01:42:16.119823+00:00,2026-09-30,VXUS,21,1M,2,-0.0026002040399096342,0.49101796407185627,False,False,0.220059880239521,0.8143712574850299,True,False,0.15218296834617936,0.09580838323353294,False,False,84.95999908447266,762.6300048828125
416ea27e7d301a831222c64b,CLEAN_SHEET_R4_2026_V1,2026,2026-10-02T01:42:16.119823+00:00,2026-09-30,VYMI,21,1M,2,-0.001589898879530741,0.6946107784431138,False,False,0.26646706586826346,0.8622754491017964,True,False,0.17100361924326646,0.32934131736526945,False,False,101.12999725341797,762.6300048828125
2b5dd845ea5a79cf1f123dc5,CLEAN_SHEET_R4_2026_V1,2026,2026-10-02T01:42:16.119823+00:00,2026-09-30,XAR,21,1M,2,-0.004933968144483792,0.03592814371257485,False,False,-0.13323353293413176,0.2874251497005988,False,False,0.149413966468129,0.07784431137724551,False,False,231.25,762.6300048828125
92aed5ea8173a3e3780f739b,CLEAN_SHEET_R4_2026_V1,2026,2026-10-02T01:42:16.119823+00:00,2026-09-30,XBI,21,1M,2,0.0003012335585323494,0.9401197604790419,True,True,0.3098802395209581,0.8982035928143712,True,False,0.220053686548285,0.718562874251497,False,False,157.67999267578125,762.6300048828125
9f831da9c8f02abf064ca2a4,CLEAN_SHEET_R4_2026_V1,2026,2026-10-02T01:42:16.119823+00:00,2026-09-30,XHB,21,1M,2,-0.004743330891588744,0.08982035928143713,False,False,-0.4146706586826347,0.0718562874251497,False,False,0.20428790055146748,0.6107784431137725,False,False,96.02999877929688,762.6300048828125
e33388b8e4ff342479dc1dd1,CLEAN_SHEET_R4_2026_V1,2026,2026-10-02T01:42:16.119823+00:00,2026-09-30,XLB,21,1M,2,-0.003231679544736226,0.40718562874251496,False,False,0.11676646706586825,0.7065868263473054,False,False,0.15263775733091053,0.10179640718562874,False,False,48.70000076293945,762.6300048828125
24000c909571924b860270aa,CLEAN_SHEET_R4_2026_V1,2026,2026-10-02T01:42:16.119823+00:00,2026-09-30,XLC,21,1M,2,-0.004216598664283514,0.19161676646706588,False,False,-0.38323353293413176,0.09580838323353294,False,False,0.21483422137227418,0.688622754491018,False,False,110.97000122070312,762.6300048828125
787c0e5811eb5a45ade2ceab,CLEAN_SHEET_R4_2026_V1,2026,2026-10-02T01:42:16.119823+00:00,2026-09-30,XLE,21,1M,2,-0.000471051305926714,0.8203592814371258,True,False,0.4281437125748503,0.9820359281437125,True,True,0.17381992667173335,0.3712574850299401,False,False,61.5,762.6300048828125
bd0aeb08ce56b270695bbac4,CLEAN_SHEET_R4_2026_V1,2026,2026-10-02T01:42:16.119823+00:00,2026-09-30,XLF,21,1M,2,-0.004256251575553673,0.17365269461077845,False,False,0.05988023952095807,0.5508982035928144,False,False,0.13668319132546472,0.023952095808383235,False,False,53.400001525878906,762.6300048828125
271a1793fb0e644857036ac3,CLEAN_SHEET_R4_2026_V1,2026,2026-10-02T01:42:16.119823+00:00,2026-09-30,XLI,21,1M,2,-0.003620113192820318,0.31736526946107785,False,False,-0.03143712574850299,0.38323353293413176,False,False,0.1667511644048426,0.25149700598802394,False,False,166.97999572753906,762.6300048828125
a8935f15a79baf48e8aeed83,CLEAN_SHEET_R4_2026_V1,2026,2026-10-02T01:42:16.119823+00:00,2026-09-30,XLK,21,1M,2,0.0008142039746861125,0.9700598802395209,True,True,0.10778443113772457,0.688622754491018,False,False,0.2849471063937469,0.9640718562874252,True,True,195.75,762.6300048828125
770781e4536154c61be81b81,CLEAN_SHEET_R4_2026_V1,2026,2026-10-02T01:42:16.119823+00:00,2026-09-30,XLP,21,1M,2,-0.0037295852784219835,0.2994011976047904,False,False,-0.30988023952095806,0.15568862275449102,False,False,0.21567305506169698,0.6946107784431138,False,False,80.5999984741211,762.6300048828125
74d2ae2720cce9e049088448,CLEAN_SHEET_R4_2026_V1,2026,2026-10-02T01:42:16.119823+00:00,2026-09-30,XLRE,21,1M,2,-0.004800903432630045,0.059880239520958084,False,False,-0.23353293413173654,0.19161676646706588,False,False,0.16919355312291615,0.281437125748503,False,False,40.90999984741211,762.6300048828125
9326e4cb8ddc5dd422acc774,CLEAN_SHEET_R4_2026_V1,2026,2026-10-02T01:42:16.119823+00:00,2026-09-30,XLU,21,1M,2,-0.0049275118519975045,0.041916167664670656,False,False,-0.4026946107784431,0.07784431137724551,False,False,0.19624449859845294,0.5389221556886228,False,False,39.439998626708984,762.6300048828125
f1348c6d71d272072101c53c,CLEAN_SHEET_R4_2026_V1,2026,2026-10-02T01:42:16.119823+00:00,2026-09-30,XLV,21,1M,2,-0.0017468344543548312,0.6347305389221557,False,False,0.15119760479041916,0.7544910179640718,False,False,0.18715772026542504,0.46107784431137727,False,False,168.4199981689453,762.6300048828125
65c46b415f0edd7c8f1d6e67,CLEAN_SHEET_R4_2026_V1,2026,2026-10-02T01:42:16.119823+00:00,2026-09-30,XLY,21,1M,2,-0.004374968970771224,0.1377245508982036,False,False,-0.43862275449101795,0.04491017964071856,False,False,0.22110235808508097,0.7485029940119761,False,False,108.83999633789062,762.6300048828125
8c59adb3a7f57be0dac1d427,CLEAN_SHEET_R4_2026_V1,2026,2026-10-02T01:42:16.119823+00:00,2026-09-30,XME,21,1M,2,-0.002084005477512727,0.5568862275449101,False,False,-0.11676646706586827,0.2964071856287425,False,False,0.23011796941359067,0.7964071856287425,False,False,103.55999755859375,762.6300048828125
d9b2c61541a722bb888ea6d5,CLEAN_SHEET_R4_2026_V1,2026,2026-10-02T01:42:16.119823+00:00,2026-09-30,XOP,21,1M,2,-0.0005096940986226985,0.8083832335329342,True,False,0.42514970059880236,0.9760479041916168,True,True,0.17326994676495225,0.3652694610778443,False,False,179.3300018310547,762.6300048828125
3ab63176ea55d2f053c46145,CLEAN_SHEET_R4_2026_V1,2026,2026-10-02T01:42:16.119823+00:00,2026-09-30,XPH,21,1M,2,-0.00047162229538734164,0.8143712574850299,True,False,0.25,0.8502994011976048,True,False,0.20717399107606835,0.6526946107784432,False,False,65.0,762.6300048828125
10abbe331da605f36450fd65,CLEAN_SHEET_R4_2026_V1,2026,2026-10-02T01:42:16.119823+00:00,2026-09-30,XRT,21,1M,2,-0.004564530174918558,0.12574850299401197,False,False,-0.20209580838323354,0.2275449101796407,False,False,0.17024766485553902,0.30538922155688625,False,False,82.1500015258789,762.6300048828125
554677b1032ce4e5bbf7dae1,CLEAN_SHEET_R4_2026_V1,2026,2026-10-02T01:42:16.119823+00:00,2026-09-30,AAXJ,63,3M,3,-0.005219820499674518,0.8263473053892215,True,False,0.4111776447105788,0.8532934131736527,True,False,0.18940725153906784,0.31736526946107785,False,False,116.44000244140625,762.6300048828125
dca79ce01022e791d64d5678,CLEAN_SHEET_R4_2026_V1,2026,2026-10-02T01:42:16.119823+00:00,2026-09-30,ACWI,63,3M,3,-0.0075001890650851916,0.6766467065868264,False,False,0.2854291417165669,0.7005988023952096,False,False,0.1904071576033805,0.3592814371257485,False,False,158.77000427246094,762.6300048828125
2ab023e28662c0ca70b87e70,CLEAN_SHEET_R4_2026_V1,2026,2026-10-02T01:42:16.119823+00:00,2026-09-30,ACWX,63,3M,3,-0.010795743559206249,0.3652694610778443,False,False,0.10379241516966065,0.41317365269461076,False,False,0.1853799374321147,0.11377245508982035,False,False,75.62000274658203,762.6300048828125
c24e9e27bb179ad7af255457,CLEAN_SHEET_R4_2026_V1,2026,2026-10-02T01:42:16.119823+00:00,2026-09-30,AFK,63,3M,3,-0.007670432566761018,0.6467065868263473,False,False,0.30538922155688625,0.7245508982035929,False,False,0.1818489144704217,0.04790419161676647,False,False,27.530000686645508,762.6300048828125
52365e24245d37448de51037,CLEAN_SHEET_R4_2026_V1,2026,2026-10-02T01:42:16.119823+00:00,2026-09-30,ARGT,63,3M,3,-0.005597738778969105,0.7784431137724551,False,False,0.08782435129740518,0.38922155688622756,False,False,0.29033607204855116,0.9940119760479041,True,True,86.18000030517578,762.6300048828125
64d96e33decf98bdc56b193d,CLEAN_SHEET_R4_2026_V1,2026,2026-10-02T01:42:16.119823+00:00,2026-09-30,ASEA,63,3M,3,-0.006405101686114356,0.7425149700598802,False,False,0.32534930139720564,0.7544910179640718,False,False,0.19450251970469323,0.562874251497006,False,False,20.959999084472656,762.6300048828125
541d7977856bb95c4374ea08,CLEAN_SHEET_R4_2026_V1,2026,2026-10-02T01:42:16.119823+00:00,2026-09-30,CARZ,63,3M,3,-0.004029847272182838,0.874251497005988,True,False,0.46706586826347296,0.8922155688622755,True,False,0.19200949416327504,0.46107784431137727,False,False,107.69000244140625,762.6300048828125
ac6e61edecbc38047ea1fbc1,CLEAN_SHEET_R4_2026_V1,2026,2026-10-02T01:42:16.119823+00:00,2026-09-30,CIBR,63,3M,3,-0.004692475623275847,0.844311377245509,True,False,0.39720558882235535,0.8383233532934131,True,False,0.20039485882083274,0.7305389221556886,False,False,103.08999633789062,762.6300048828125
add0e632ded16e54933f4212,CLEAN_SHEET_R4_2026_V1,2026,2026-10-02T01:42:16.119823+00:00,2026-09-30,CORO,63,3M,3,-0.009823088678337824,0.46107784431137727,False,False,0.14570858283433133,0.48502994011976047,False,False,0.18877437813813666,0.2994011976047904,False,False,36.349998474121094,762.6300048828125
ce69786107a79b845783c863,CLEAN_SHEET_R4_2026_V1,2026,2026-10-02T01:42:16.119823+00:00,2026-09-30,CPER,63,3M,3,-0.007560477333944144,0.6646706586826348,False,False,0.2415169660678643,0.6467065868263473,False,False,0.19843374243379489,0.6946107784431138,False,False,39.779998779296875,762.6300048828125
e274ee4d6cef49be082376cd,CLEAN_SHEET_R4_2026_V1,2026,2026-10-02T01:42:16.119823+00:00,2026-09-30,CQQQ,63,3M,3,-0.013131397911426654,0.1497005988023952,False,False,-0.04790419161676646,0.17964071856287425,False,False,0.19649251841069704,0.6467065868263473,False,False,44.900001525878906,762.6300048828125
ca21f80d9603aff24778997b,CLEAN_SHEET_R4_2026_V1,2026,2026-10-02T01:42:16.119823+00:00,2026-09-30,DBEF,63,3M,3,-0.008928286799698754,0.5209580838323353,False,False,0.17564870259481036,0.5389221556886228,False,False,0.19646529827984713,0.6407185628742516,False,False,54.95000076293945,762.6300048828125
fabdc3bc79540154bdc4327f,CLEAN_SHEET_R4_2026_V1,2026,2026-10-02T01:42:16.119823+00:00,2026-09-30,DEM,63,3M,3,-0.004582540761626682,0.8562874251497006,True,False,0.44510978043912175,0.8802395209580839,True,False,0.1909974368949006,0.3712574850299401,False,False,55.310001373291016,762.6300048828125
a28c2806366aa1a563a9c28e,CLEAN_SHEET_R4_2026_V1,2026,2026-10-02T01:42:16.119823+00:00,2026-09-30,DGS,63,3M,3,-0.008822425773826236,0.5568862275449101,False,False,0.21556886227544905,0.5988023952095808,False,False,0.188389872802041,0.281437125748503,False,False,63.18000030517578,762.6300048828125
7307a35ae4e5bc10f6bf949e,CLEAN_SHEET_R4_2026_V1,2026,2026-10-02T01:42:16.119823+00:00,2026-09-30,DIA,63,3M,3,-0.011030413780385604,0.3532934131736527,False,False,0.0718562874251497,0.3532934131736527,False,False,0.19403605119123285,0.5508982035928144,False,False,508.54998779296875,762.6300048828125
8967a016d33e530d44641d5c,CLEAN_SHEET_R4_2026_V1,2026,2026-10-02T01:42:16.119823+00:00,2026-09-30,DXJ,63,3M,3,-0.00433486542175965,0.8682634730538922,True,False,0.4311377245508982,0.874251497005988,True,False,0.1978710609835752,0.6766467065868264,False,False,180.5500030517578,762.6300048828125
1cb6efbf926755beb87aa212,CLEAN_SHEET_R4_2026_V1,2026,2026-10-02T01:42:16.119823+00:00,2026-09-30,ECH,63,3M,3,-0.007567782157507464,0.6586826347305389,False,False,0.05988023952095808,0.3413173652694611,False,False,0.25966046173736473,0.9760479041916168,True,True,37.810001373291016,762.6300048828125
ca7951b84a372f9211d33d6f,CLEAN_SHEET_R4_2026_V1,2026,2026-10-02T01:42:16.119823+00:00,2026-09-30,EDEN,63,3M,3,-0.009965082351519529,0.4311377245508982,False,False,0.08383233532934131,0.37425149700598803,False,False,0.20970342149372903,0.9041916167664671,True,True,109.26000213623047,762.6300048828125
47747db57be1180b249f180a,CLEAN_SHEET_R4_2026_V1,2026,2026-10-02T01:42:16.119823+00:00,2026-09-30,EEM,63,3M,3,-0.005294710880618521,0.8083832335329342,True,False,0.4111776447105788,0.8532934131736527,True,False,0.1885337703570323,0.2874251497005988,False,False,66.79000091552734,762.6300048828125
fc9925fd0fac4270c147df05,CLEAN_SHEET_R4_2026_V1,2026,2026-10-02T01:42:16.119823+00:00,2026-09-30,EEMO,63,3M,3,-0.002622181986761513,0.9401197604790419,True,True,0.5608782435129741,0.9520958083832335,True,True,0.19013650488641418,0.3473053892215569,False,False,22.360000610351562,762.6300048828125
30025c4728e7e8e219604a59,CLEAN_SHEET_R4_2026_V1,2026,2026-10-02T01:42:16.119823+00:00,2026-09-30,EEMV,63,3M,3,-0.008312809692321586,0.592814371257485,False,False,0.28942115768463067,0.7065868263473054,False,False,0.17560888443288797,0.017964071856287425,False,False,74.05000305175781,762.6300048828125
bc681eca56e058fb144075a0,CLEAN_SHEET_R4_2026_V1,2026,2026-10-02T01:42:16.119823+00:00,2026-09-30,EFA,63,3M,3,-0.011683193986195488,0.31736526946107785,False,False,0.03592814371257488,0.32934131736526945,False,False,0.19132965511404165,0.40718562874251496,False,False,103.88999938964844,762.6300048828125
8abb80baa7a839542dc11ce3,CLEAN_SHEET_R4_2026_V1,2026,2026-10-02T01:42:16.119823+00:00,2026-09-30,EFAV,63,3M,3,-0.011279772431846297,0.33532934131736525,False,False,0.08582834331337329,0.38323353293413176,False,False,0.18609068028055772,0.1377245508982036,False,False,91.12000274658203,762.6300048828125
1bab6d315f3fab6c9a800b11,CLEAN_SHEET_R4_2026_V1,2026,2026-10-02T01:42:16.119823+00:00,2026-09-30,EFG,63,3M,3,-0.014175346529101285,0.10778443113772455,False,False,-0.12175648702594814,0.08383233532934131,False,False,0.19642857598820873,0.6347305389221557,False,False,119.83000183105469,762.6300048828125
8b026c2095ead82e25379648,CLEAN_SHEET_R4_2026_V1,2026,2026-10-02T01:42:16.119823+00:00,2026-09-30,EFNL,63,3M,3,-0.008904575390074406,0.5329341317365269,False,False,0.16966067864271459,0.5239520958083832,False,False,0.19703194212581235,0.6526946107784432,False,False,53.33000183105469,762.6300048828125
a26d0d81a14fe0aad1ad69fa,CLEAN_SHEET_R4_2026_V1,2026,2026-10-02T01:42:16.119823+00:00,2026-09-30,EFV,63,3M,3,-0.005398815405160501,0.8023952095808383,True,False,0.4231536926147705,0.8682634730538922,True,False,0.1848963652336371,0.09580838323353294,False,False,79.13999938964844,762.6300048828125
18122acf0a561937d0ece34c,CLEAN_SHEET_R4_2026_V1,2026,2026-10-02T01:42:16.119823+00:00,2026-09-30,EIDO,63,3M,3,-0.011901247971531045,0.2754491017964072,False,False,-0.10379241516966066,0.11976047904191617,False,False,0.23353974832362787,0.9580838323353293,True,True,11.729999542236328,762.6300048828125
73c1f4d8bbee2e346310ae50,CLEAN_SHEET_R4_2026_V1,2026,2026-10-02T01:42:16.119823+00:00,2026-09-30,EIRL,63,3M,3,-0.005271722501160753,0.8143712574850299,True,False,0.4031936127744511,0.844311377245509,True,False,0.19220061868966065,0.47305389221556887,False,False,81.9800033569336,762.6300048828125
7f7e5a301910d577eafc6e01,CLEAN_SHEET_R4_2026_V1,2026,2026-10-02T01:42:16.119823+00:00,2026-09-30,EIS,63,3M,3,-0.004749641762916286,0.8383233532934131,True,False,0.4151696606786428,0.8622754491017964,True,False,0.19812035956547622,0.6826347305389222,False,False,121.31999969482422,762.6300048828125
29f23fabcfb2afe6e3b0070a,CLEAN_SHEET_R4_2026_V1,2026,2026-10-02T01:42:16.119823+00:00,2026-09-30,EMXC,63,3M,3,-0.002947241712087996,0.9341317365269461,True,True,0.5508982035928144,0.9461077844311377,True,True,0.1867299439971388,0.15568862275449102,False,False,99.08000183105469,762.6300048828125
9298928fc5b5b1fd74809242,CLEAN_SHEET_R4_2026_V1,2026,2026-10-02T01:42:16.119823+00:00,2026-09-30,ENOR,63,3M,3,-0.007710693732888626,0.6347305389221557,False,False,0.2654690618762476,0.6586826347305389,False,False,0.18819075606789093,0.25748502994011974,False,False,35.0099983215332,762.6300048828125
4e102d40575c0e6b630179f4,CLEAN_SHEET_R4_2026_V1,2026,2026-10-02T01:42:16.119823+00:00,2026-09-30,ENZL,63,3M,3,-0.009910686345517845,0.4431137724550898,False,False,0.1157684630738523,0.437125748502994,False,False,0.2022779303375983,0.7664670658682635,False,False,45.08000183105469,762.6300048828125
387c830e77742537c7c7ae05,CLEAN_SHEET_R4_2026_V1,2026,2026-10-02T01:42:16.119823+00:00,2026-09-30,EPHE,63,3M,3,-0.012375972369867354,0.23353293413173654,False,False,0.025948103792415172,0.3023952095808383,False,False,0.18827768322506033,0.2754491017964072,False,False,22.739999771118164,762.6300048828125
fbea3766ba849bcd3fb413bd,CLEAN_SHEET_R4_2026_V1,2026,2026-10-02T01:42:16.119823+00:00,2026-09-30,EPOL,63,3M,3,-0.0037844892667619097,0.8862275449101796,True,False,0.4970059880239521,0.9161676646706587,True,True,0.18826835839784176,0.2694610778443114,False,False,44.31999969482422,762.6300048828125
8d014f4a5deb6a8352cc7539,CLEAN_SHEET_R4_2026_V1,2026,2026-10-02T01:42:16.119823+00:00,2026-09-30,EPP,63,3M,3,-0.00834552691915277,0.5868263473053892,False,False,0.2734530938123752,0.6736526946107785,False,False,0.18116995003930428,0.041916167664670656,False,False,55.029998779296875,762.6300048828125
c78e16fb01e9b7025ad27425,CLEAN_SHEET_R4_2026_V1,2026,2026-10-02T01:42:16.119823+00:00,2026-09-30,EPU,63,3M,3,-0.0025032986800651406,0.9580838323353293,True,True,0.5728542914171656,0.9580838323353293,True,True,0.18790037208527396,0.2275449101796407,False,False,88.7300033569336,762.6300048828125
b8e8a358676809ef2c86fb6d,CLEAN_SHEET_R4_2026_V1,2026,2026-10-02T01:42:16.119823+00:00,2026-09-30,EWA,63,3M,3,-0.012292569180932616,0.25149700598802394,False,False,0.013972055888223589,0.281437125748503,False,False,0.1877475039107976,0.2215568862275449,False,False,28.309999465942383,762.6300048828125
ff16e74a5b97f644ba8aa8d1,CLEAN_SHEET_R4_2026_V1,2026,2026-10-02T01:42:16.119823+00:00,2026-09-30,EWC,63,3M,3,-0.01077192866924944,0.3772455089820359,False,False,0.11377245508982037,0.4311377245508982,False,False,0.1841369325824374,0.08383233532934131,False,False,58.380001068115234,762.6300048828125
c79d74bac7adb4418e81d48d,CLEAN_SHEET_R4_2026_V1,2026,2026-10-02T01:42:16.119823+00:00,2026-09-30,EWD,63,3M,3,-0.00898067189097322,0.5149700598802395,False,False,0.20958083832335328,0.5868263473053892,False,False,0.18942714466864738,0.32335329341317365,False,False,49.9900016784668,762.6300048828125
0c7e4603fe7c06de30b6f580,CLEAN_SHEET_R4_2026_V1,2026,2026-10-02T01:42:16.119823+00:00,2026-09-30,EWG,63,3M,3,-0.0126584951492025,0.19760479041916168,False,False,-0.051896207584830344,0.17365269461077845,False,False,0.2029853948677301,0.8023952095808383,True,False,41.310001373291016,762.6300048828125
2936a073b0da2db8c51eecbe,CLEAN_SHEET_R4_2026_V1,2026,2026-10-02T01:42:16.119823+00:00,2026-09-30,EWH,63,3M,3,-0.01198594225405795,0.2694610778443114,False,False,-0.02594810379241515,0.2215568862275449,False,False,0.20671300237905815,0.8622754491017964,True,False,22.110000610351562,762.6300048828125
dbd2224685022122689b81cb,CLEAN_SHEET_R4_2026_V1,2026,2026-10-02T01:42:16.119823+00:00,2026-09-30,EWI,63,3M,3,-0.007119183793091408,0.688622754491018,False,False,0.3473053892215569,0.7844311377245509,False,False,0.17905778405290748,0.029940119760479042,False,False,58.720001220703125,762.6300048828125
d16bc96879d126a5f0acb84e,CLEAN_SHEET_R4_2026_V1,2026,2026-10-02T01:42:16.119823+00:00,2026-09-30,EWJ,63,3M,3,-0.005499308812546358,0.7964071856287425,False,False,0.3732534930139721,0.8083832335329342,True,False,0.19607038148446593,0.6167664670658682,False,False,97.45999908447266,762.6300048828125
ba8ccf4c4e733b612303a1d5,CLEAN_SHEET_R4_2026_V1,2026,2026-10-02T01:42:16.119823+00:00,2026-09-30,EWL,63,3M,3,-0.013083569745717064,0.15568862275449102,False,False,-0.047904191616766456,0.18562874251497005,False,False,0.19486348913424725,0.5748502994011976,False,False,59.150001525878906,762.6300048828125
afd87bf9beb6bf396afb27aa,CLEAN_SHEET_R4_2026_V1,2026,2026-10-02T01:42:16.119823+00:00,2026-09-30,EWM,63,3M,3,-0.009937072983317436,0.437125748502994,False,False,0.13572854291417166,0.46107784431137727,False,False,0.19507426014797866,0.5808383233532934,False,False,27.3799991607666,762.6300048828125
2e4ae4fff0fd7b052516e22c,CLEAN_SHEET_R4_2026_V1,2026,2026-10-02T01:42:16.119823+00:00,2026-09-30,EWN,63,3M,3,-0.00400843872398627,0.8802395209580839,True,False,0.47504990019960075,0.8982035928143712,True,False,0.19266537812069534,0.5029940119760479,False,False,67.75,762.6300048828125
3cd7967de291b982d82ec76d,CLEAN_SHEET_R4_2026_V1,2026,2026-10-02T01:42:16.119823+00:00,2026-09-30,EWO,63,3M,3,-0.002507118102445109,0.9520958083832335,True,True,0.5788423153692616,0.9760479041916168,True,True,0.18684399260503956,0.16167664670658682,False,False,42.560001373291016,762.6300048828125
e318f4a9f69bdc0dba45fa98,CLEAN_SHEET_R4_2026_V1,2026,2026-10-02T01:42:16.119823+00:00,2026-09-30,EWP,63,3M,3,-0.007704936585518321,0.6407185628742516,False,False,0.27345309381237526,0.6826347305389222,False,False,0.18818917918954134,0.25149700598802394,False,False,59.20000076293945,762.6300048828125
749216b7a2d31218688be12d,CLEAN_SHEET_R4_2026_V1,2026,2026-10-02T01:42:16.119823+00:00,2026-09-30,EWQ,63,3M,3,-0.015036035262425619,0.0658682634730539,False,False,-0.16167664670658682,0.05389221556886228,False,False,0.19561411211038504,0.6047904191616766,False,False,42.599998474121094,762.6300048828125
b7f9e058780fe5bebcc053c3,CLEAN_SHEET_R4_2026_V1,2026,2026-10-02T01:42:16.119823+00:00,2026-09-30,EWS,63,3M,3,-0.008845112287155569,0.5449101796407185,False,False,0.21956087824351297,0.6047904191616766,False,False,0.18392449739900057,0.07784431137724551,False,False,33.2599983215332,762.6300048828125
33da3cb42f2cd05be52bf5bd,CLEAN_SHEET_R4_2026_V1,2026,2026-10-02T01:42:16.119823+00:00,2026-09-30,EWT,63,3M,3,-0.002231387286203153,0.9700598802395209,True,True,0.5748502994011976,0.9640718562874252,True,True,0.19114336383022615,0.38922155688622756,False,False,112.9000015258789,762.6300048828125
3f1d4906bc3fb04c46090bae,CLEAN_SHEET_R4_2026_V1,2026,2026-10-02T01:42:16.119823+00:00,2026-09-30,EWU,63,3M,3,-0.009443378533612982,0.49101796407185627,False,False,0.20159680638722555,0.5718562874251497,False,False,0.1830526892041698,0.0718562874251497,False,False,46.529998779296875,762.6300048828125
8fc9341fd4a372abcd507b1a,CLEAN_SHEET_R4_2026_V1,2026,2026-10-02T01:42:16.119823+00:00,2026-09-30,EWW,63,3M,3,-0.010220395191587574,0.40119760479041916,False,False,0.13373253493013973,0.45209580838323354,False,False,0.1899553678260583,0.33532934131736525,False,False,71.08999633789062,762.6300048828125
c8f175b44cbddcf8cd598560,CLEAN_SHEET_R4_2026_V1,2026,2026-10-02T01:42:16.119823+00:00,2026-09-30,EWY,63,3M,3,-0.0012897807935905812,0.9940119760479041,True,True,0.6307385229540918,1.0,True,True,0.19101601387229605,0.3772455089820359,False,False,182.77999877929688,762.6300048828125
c50e81995f644acb76621356,CLEAN_SHEET_R4_2026_V1,2026,2026-10-02T01:42:16.119823+00:00,2026-09-30,EWZ,63,3M,3,-0.006794359454552819,0.718562874251497,False,False,0.2075848303393214,0.5808383233532934,False,False,0.2222687564028341,0.9461077844311377,True,True,37.25,762.6300048828125
864de74877f9df717b342063,CLEAN_SHEET_R4_2026_V1,2026,2026-10-02T01:42:16.119823+00:00,2026-09-30,EXI,63,3M,3,-0.012877662213501959,0.17365269461077845,False,False,-0.03393213572854292,0.20359281437125748,False,False,0.1921671227830901,0.46706586826347307,False,False,189.25999450683594,762.6300048828125
8f59e135c5f027397d2ffd7f,CLEAN_SHEET_R4_2026_V1,2026,2026-10-02T01:42:16.119823+00:00,2026-09-30,EZA,63,3M,3,-0.013564874592891189,0.12574850299401197,False,False,-0.07385229540918163,0.1377245508982036,False,False,0.19322766566083519,0.5269461077844312,False,False,63.97999954223633,762.6300048828125
8c6ec9270bcbb100414c3ad8,CLEAN_SHEET_R4_2026_V1,2026,2026-10-02T01:42:16.119823+00:00,2026-09-30,EZU,63,3M,3,-0.01286214592816266,0.17964071856287425,False,False,-0.037924151696606824,0.19161676646706588,False,False,0.19373568538149522,0.5449101796407185,False,False,67.33000183105469,762.6300048828125
7926286a67b3b1535a1158db,CLEAN_SHEET_R4_2026_V1,2026,2026-10-02T01:42:16.119823+00:00,2026-09-30,FDN,63,3M,3,-0.0030829761215023822,0.9221556886227545,True,True,0.3193612774451098,0.7395209580838323,False,False,0.2604672088870581,0.9820359281437125,True,True,288.45001220703125,762.6300048828125
1b44e129ba9b492a2f33f5ea,CLEAN_SHEET_R4_2026_V1,2026,2026-10-02T01:42:16.119823+00:00,2026-09-30,FEZ,63,3M,3,-0.011768383967056345,0.281437125748503,False,False,0.03193612774451097,0.31137724550898205,False,False,0.19250508615788764,0.49101796407185627,False,False,67.30999755859375,762.6300048828125
16d34a5c8fdec34a7cd39679,CLEAN_SHEET_R4_2026_V1,2026,2026-10-02T01:42:16.119823+00:00,2026-09-30,GLD,63,3M,3,-0.01325460946729635,0.1377245508982036,False,False,-0.08183632734530939,0.1317365269461078,False,False,0.2024013467029515,0.7784431137724551,False,False,380.8399963378906,762.6300048828125
805cccbe629e53140d3380dc,CLEAN_SHEET_R4_2026_V1,2026,2026-10-02T01:42:16.119823+00:00,2026-09-30,GREK,63,3M,3,-0.002544630850660594,0.9461077844311377,True,True,0.5768463073852296,0.9700598802395209,True,True,0.186854714897815,0.16766467065868262,False,False,85.69999694824219,762.6300048828125
2bf5235e1916ceca403ebbc6,CLEAN_SHEET_R4_2026_V1,2026,2026-10-02T01:42:16.119823+00:00,2026-09-30,HEDJ,63,3M,3,-0.008856707014341365,0.5389221556886228,False,False,0.2095808383233533,0.592814371257485,False,False,0.19167973541619618,0.437125748502994,False,False,55.459999084472656,762.6300048828125
992ec1baa8ec2dc3fb74324a,CLEAN_SHEET_R4_2026_V1,2026,2026-10-02T01:42:16.119823+00:00,2026-09-30,HEEM,63,3M,3,-0.0029640214895417342,0.9281437125748503,True,True,0.5369261477045909,0.9341317365269461,True,True,0.19187002053744723,0.4491017964071856,False,False,42.2400016784668,762.6300048828125
ca2194bfbffd6bac19894c5e,CLEAN_SHEET_R4_2026_V1,2026,2026-10-02T01:42:16.119823+00:00,2026-09-30,HEFA,63,3M,3,-0.005751630085292398,0.7724550898203593,False,False,0.37524950099800397,0.8143712574850299,True,False,0.1931267112910325,0.5089820359281437,False,False,46.38999938964844,762.6300048828125
14248f63bef4ee1c770e0d30,CLEAN_SHEET_R4_2026_V1,2026,2026-10-02T01:42:16.119823+00:00,2026-09-30,IBB,63,3M,3,-0.004397861898507275,0.8622754491017964,True,False,0.38922155688622756,0.8323353293413174,True,False,0.20911945059281845,0.8982035928143712,True,False,210.52999877929688,762.6300048828125
40d383cf8f4401943e98ce3e,CLEAN_SHEET_R4_2026_V1,2026,2026-10-02T01:42:16.119823+00:00,2026-09-30,IEFA,63,3M,3,-0.011054950355950067,0.3473053892215569,False,False,0.08383233532934131,0.37425149700598803,False,False,0.1882596145976713,0.2634730538922156,False,False,96.87999725341797,762.6300048828125
b73a34200750c57372ad2b56,CLEAN_SHEET_R4_2026_V1,2026,2026-10-02T01:42:16.119823+00:00,2026-09-30,IEMG,63,3M,3,-0.007825908550269246,0.6287425149700598,False,False,0.24950099800399206,0.6526946107784432,False,False,0.191941778529748,0.4550898203592814,False,False,81.16000366210938,762.6300048828125
23d5c1032434717e05dded98,CLEAN_SHEET_R4_2026_V1,2026,2026-10-02T01:42:16.119823+00:00,2026-09-30,IEUR,63,3M,3,-0.01214914929867178,0.25748502994011974,False,False,0.013972055888223553,0.2754491017964072,False,False,0.19124551701400974,0.40119760479041916,False,False,73.69999694824219,762.6300048828125
6b0dccbff1a4d444fe3757cd,CLEAN_SHEET_R4_2026_V1,2026,2026-10-02T01:42:16.119823+00:00,2026-09-30,IGV,63,3M,3,-0.0012543068663116077,1.0,True,True,0.2714570858283433,0.6646706586826348,False,False,0.3172045426805435,1.0,True,True,106.4800033569336,762.6300048828125
829466e9a0fcaa20019485aa,CLEAN_SHEET_R4_2026_V1,2026,2026-10-02T01:42:16.119823+00:00,2026-09-30,IHF,63,3M,3,-0.006901981535346333,0.7125748502994012,False,False,0.2215568862275449,0.6167664670658682,False,False,0.21601039841487576,0.9281437125748503,True,True,54.88999938964844,762.6300048828125
a165de7052a62789c641a9a5,CLEAN_SHEET_R4_2026_V1,2026,2026-10-02T01:42:16.119823+00:00,2026-09-30,IHI,63,3M,3,-0.011252166545632493,0.3413173652694611,False,False,-0.027944111776447105,0.20958083832335328,False,False,0.22224497327702772,0.9401197604790419,True,True,51.150001525878906,762.6300048828125
fd0f01a4332f7e47025529fe,CLEAN_SHEET_R4_2026_V1,2026,2026-10-02T01:42:16.119823+00:00,2026-09-30,IJR,63,3M,3,-0.008703210310405848,0.562874251497006,False,False,0.18762475049900199,0.5508982035928144,False,False,0.1963984621999863,0.6287425149700598,False,False,136.0399932861328,762.6300048828125
f6a6d7f97d6d424b7995df2b,CLEAN_SHEET_R4_2026_V1,2026,2026-10-02T01:42:16.119823+00:00,2026-09-30,ILF,63,3M,3,-0.0055195600380787985,0.7904191616766467,False,False,0.3193612774451098,0.7395209580838323,False,False,0.21159365779969136,0.9161676646706587,True,True,34.5,762.6300048828125
398384f4859b592afa6b973e,CLEAN_SHEET_R4_2026_V1,2026,2026-10-02T01:42:16.119823+00:00,2026-09-30,IMTM,63,3M,3,-0.008691980719657495,0.5688622754491018,False,False,0.22554890219560883,0.6287425149700598,False,False,0.18753328425333976,0.20359281437125748,False,False,52.630001068115234,762.6300048828125
736088624d8a5d168d18702d,CLEAN_SHEET_R4_2026_V1,2026,2026-10-02T01:42:16.119823+00:00,2026-09-30,INDA,63,3M,3,-0.013712941752589957,0.11976047904191617,False,False,-0.10978043912175649,0.10778443113772455,False,False,0.20407459292784233,0.8143712574850299,True,False,46.68000030517578,762.6300048828125
07616f2ee72ed2a26a0fecb1,CLEAN_SHEET_R4_2026_V1,2026,2026-10-02T01:42:16.119823+00:00,2026-09-30,IOO,63,3M,3,-0.005220632537155229,0.8203592814371258,True,False,0.36327345309381237,0.7964071856287425,False,False,0.2053801260758529,0.844311377245509,True,False,144.00999450683594,762.6300048828125
06b865f08abc30e1aebc2af5,CLEAN_SHEET_R4_2026_V1,2026,2026-10-02T01:42:16.119823+00:00,2026-09-30,IQLT,63,3M,3,-0.010377767345503762,0.39520958083832336,False,False,0.12774451097804387,0.4431137724550898,False,False,0.1874632491257388,0.19161676646706588,False,False,49.470001220703125,762.6300048828125
b1e292fcca28423c5862e066,CLEAN_SHEET_R4_2026_V1,2026,2026-10-02T01:42:16.119823+00:00,2026-09-30,ITA,63,3M,3,-0.015157474499387523,0.059880239520958084,False,False,-0.1497005988023952,0.0658682634730539,False,False,0.1900241361760164,0.3413173652694611,False,False,207.17999267578125,762.6300048828125
6920bf766e93922826f5d1e1,CLEAN_SHEET_R4_2026_V1,2026,2026-10-02T01:42:16.119823+00:00,2026-09-30,ITB,63,3M,3,-0.015333295269332782,0.05389221556886228,False,False,-0.19960079840319364,0.03592814371257485,False,False,0.2023700188786892,0.7724550898203593,False,False,87.0199966430664,762.6300048828125
416f5dc99e2af2307357b999,CLEAN_SHEET_R4_2026_V1,2026,2026-10-02T01:42:16.119823+00:00,2026-09-30,ITOT,63,3M,3,-0.007899776724036087,0.6227544910179641,False,False,0.19960079840319359,0.5568862275449101,False,False,0.20794016261123055,0.8682634730538922,True,False,166.27999877929688,762.6300048828125
56352b2edd73bc474f27a375,CLEAN_SHEET_R4_2026_V1,2026,2026-10-02T01:42:16.119823+00:00,2026-09-30,IWB,63,3M,3,-0.008376000001274728,0.5748502994011976,False,False,0.1616766467065868,0.5149700598802395,False,False,0.2110422553421911,0.9101796407185628,True,True,416.1300048828125,762.6300048828125
3ee19dcb8f51e1560b84a44c,CLEAN_SHEET_R4_2026_V1,2026,2026-10-02T01:42:16.119823+00:00,2026-09-30,IWD,63,3M,3,-0.006995608445343193,0.7005988023952096,False,False,0.3293413173652695,0.7604790419161677,False,False,0.1842792677497606,0.08982035928143713,False,False,247.92999267578125,762.6300048828125
65309718810da2c03442a4bc,CLEAN_SHEET_R4_2026_V1,2026,2026-10-02T01:42:16.119823+00:00,2026-09-30,IWF,63,3M,3,-0.00674110443372433,0.7245508982035929,False,False,0.10179640718562877,0.40718562874251496,False,False,0.26252751161106835,0.9880239520958084,True,True,125.26000213623047,762.6300048828125
ca1a4ca0066eb191508d5d14,CLEAN_SHEET_R4_2026_V1,2026,2026-10-02T01:42:16.119823+00:00,2026-09-30,IWM,63,3M,3,-0.008826032337391902,0.5508982035928144,False,False,0.1716566866267465,0.5329341317365269,False,False,0.19901390030204089,0.7065868263473054,False,False,277.8900146484375,762.6300048828125
f45c683ea62bfc113beab9ed,CLEAN_SHEET_R4_2026_V1,2026,2026-10-02T01:42:16.119823+00:00,2026-09-30,IXC,63,3M,3,-0.003109275616460445,0.9161676646706587,True,True,0.5389221556886227,0.9401197604790419,True,True,0.1876168216098596,0.20958083832335328,False,False,56.970001220703125,762.6300048828125
cc314caeffb57597e1ab8a6b,CLEAN_SHEET_R4_2026_V1,2026,2026-10-02T01:42:16.119823+00:00,2026-09-30,IXG,63,3M,3,-0.008028390742578481,0.6167664670658682,False,False,0.31736526946107785,0.7305389221556886,False,False,0.17405162664475723,0.011976047904191617,False,False,127.0,762.6300048828125
aae85ef2117cda4f77981d1c,CLEAN_SHEET_R4_2026_V1,2026,2026-10-02T01:42:16.119823+00:00,2026-09-30,IXJ,63,3M,3,-0.009129336884779475,0.5029940119760479,False,False,0.09980039920159683,0.40119760479041916,False,False,0.2183059300071724,0.9341317365269461,True,True,102.12000274658203,762.6300048828125
dce897bfee5aa0e4ac274869,CLEAN_SHEET_R4_2026_V1,2026,2026-10-02T01:42:16.119823+00:00,2026-09-30,IXN,63,3M,3,-0.0018920892406701362,0.9760479041916168,True,True,0.592814371257485,0.9820359281437125,True,True,0.19224292281808322,0.47904191616766467,False,False,148.22000122070312,762.6300048828125
f41ac106a9f630195e0df5e3,CLEAN_SHEET_R4_2026_V1,2026,2026-10-02T01:42:16.119823+00:00,2026-09-30,IXP,63,3M,3,-0.015417024716842153,0.041916167664670656,False,False,-0.22954091816367264,0.029940119760479042,False,False,0.2082413177433764,0.874251497005988,True,False,118.2699966430664,762.6300048828125
4fce6ab1acfa2df254d2b2ca,CLEAN_SHEET_R4_2026_V1,2026,2026-10-02T01:42:16.119823+00:00,2026-09-30,IXUS,63,3M,3,-0.01004592557651196,0.41916167664670656,False,False,0.14371257485029942,0.47904191616766467,False,False,0.186911931673011,0.17365269461077845,False,False,94.98999786376953,762.6300048828125
7377d077f0ef687d9475eb13,CLEAN_SHEET_R4_2026_V1,2026,2026-10-02T01:42:16.119823+00:00,2026-09-30,IYG,63,3M,3,-0.011446676391898853,0.32934131736526945,False,False,0.011976047904191637,0.2694610778443114,False,False,0.2045362689382512,0.8203592814371258,True,False,89.91999816894531,762.6300048828125
fc3b19963aae213943c67bc3,CLEAN_SHEET_R4_2026_V1,2026,2026-10-02T01:42:16.119823+00:00,2026-09-30,IYJ,63,3M,3,-0.014386049582700693,0.09580838323353294,False,False,-0.1217564870259481,0.08982035928143713,False,False,0.19319776708543668,0.5209580838323353,False,False,153.3699951171875,762.6300048828125
1b17916d662cc803892f86b0,CLEAN_SHEET_R4_2026_V1,2026,2026-10-02T01:42:16.119823+00:00,2026-09-30,IYK,63,3M,3,-0.014695052560740017,0.08383233532934131,False,False,-0.11976047904191618,0.09580838323353294,False,False,0.18771452908100172,0.2155688622754491,False,False,70.7300033569336,762.6300048828125
6f0023e22dce79dac05b399a,CLEAN_SHEET_R4_2026_V1,2026,2026-10-02T01:42:16.119823+00:00,2026-09-30,IYT,63,3M,3,-0.012483033617545304,0.2155688622754491,False,False,-0.055888223552894245,0.16167664670658682,False,False,0.20526522388666735,0.8323353293413174,True,False,78.5199966430664,762.6300048828125
d1b53cc51a496031607a4637,CLEAN_SHEET_R4_2026_V1,2026,2026-10-02T01:42:16.119823+00:00,2026-09-30,IYW,63,3M,3,-0.004959289629625101,0.8323353293413174,True,False,0.37724550898203596,0.8263473053892215,True,False,0.20217578386648474,0.7544910179640718,False,False,264.8999938964844,762.6300048828125
b93b453ea4f8a47fd3a9de70,CLEAN_SHEET_R4_2026_V1,2026,2026-10-02T01:42:16.119823+00:00,2026-09-30,IYZ,63,3M,3,-0.0036106233839431658,0.8982035928143712,True,False,0.5149700598802395,0.9221556886227545,True,True,0.18696751845283588,0.17964071856287425,False,False,41.18000030517578,762.6300048828125
d3733eb32ff145002f9d2f6a,CLEAN_SHEET_R4_2026_V1,2026,2026-10-02T01:42:16.119823+00:00,2026-09-30,JXI,63,3M,3,-0.01730920062013283,0.011976047904191617,False,False,-0.2754491017964072,0.017964071856287425,False,False,0.1903314057640307,0.3532934131736527,False,False,76.88999938964844,762.6300048828125
d17fd6e950cd66967b4fc44e,CLEAN_SHEET_R4_2026_V1,2026,2026-10-02T01:42:16.119823+00:00,2026-09-30,KBA,63,3M,3,-0.014442025419963573,0.08982035928143713,False,False,-0.1377245508982036,0.07784431137724551,False,False,0.19725653629382467,0.6586826347305389,False,False,30.940000534057617,762.6300048828125
299cc1a56d8967738d4cb815,CLEAN_SHEET_R4_2026_V1,2026,2026-10-02T01:42:16.119823+00:00,2026-09-30,KBE,63,3M,3,-0.009861189341232923,0.4550898203592814,False,False,0.14570858283433138,0.49101796407185627,False,False,0.19099506105578085,0.3652694610778443,False,False,63.220001220703125,762.6300048828125
421b24748f8fa08ea1c6c80a,CLEAN_SHEET_R4_2026_V1,2026,2026-10-02T01:42:16.119823+00:00,2026-09-30,KIE,63,3M,3,-0.012429479939619913,0.2215568862275449,False,False,-0.03592814371257488,0.19760479041916168,False,False,0.20260954418935115,0.7964071856287425,False,False,58.5,762.6300048828125
e1e28587a7d9c9482e214439,CLEAN_SHEET_R4_2026_V1,2026,2026-10-02T01:42:16.119823+00:00,2026-09-30,KRE,63,3M,3,-0.009001748282445777,0.5089820359281437,False,False,0.16167664670658677,0.5089820359281437,False,False,0.19911693337480632,0.7125748502994012,False,False,69.44000244140625,762.6300048828125
28ab4bb8a9e37f8a3051ad8d,CLEAN_SHEET_R4_2026_V1,2026,2026-10-02T01:42:16.119823+00:00,2026-09-30,KSA,63,3M,3,-0.01314989129106963,0.1437125748502994,False,False,-0.025948103792415172,0.2155688622754491,False,False,0.18932252466479033,0.31137724550898205,False,False,36.31999969482422,762.6300048828125
64f82ef6174bdaed28f7996b,CLEAN_SHEET_R4_2026_V1,2026,2026-10-02T01:42:16.119823+00:00,2026-09-30,KWEB,63,3M,3,-0.011741712625264498,0.2994011976047904,False,False,-0.009980039920159686,0.24550898203592814,False,False,0.2089242314314781,0.8862275449101796,True,False,24.510000228881836,762.6300048828125
3ecb3cdd771a02002e5cb392,CLEAN_SHEET_R4_2026_V1,2026,2026-10-02T01:42:16.119823+00:00,2026-09-30,KXI,63,3M,3,-0.014893742412233332,0.0718562874251497,False,False,-0.15169660678642716,0.059880239520958084,False,False,0.19477856518128303,0.5688622754491018,False,False,65.43000030517578,762.6300048828125
a2b3338a4f2ef20301153657,CLEAN_SHEET_R4_2026_V1,2026,2026-10-02T01:42:16.119823+00:00,2026-09-30,MCHI,63,3M,3,-0.01171352203340261,0.31137724550898205,False,False,0.003992015968063871,0.2634730538922156,False,False,0.2053640457504496,0.8383233532934131,True,False,52.189998626708984,762.6300048828125
b5468ea1d0ce67c1a4cf622c,CLEAN_SHEET_R4_2026_V1,2026,2026-10-02T01:42:16.119823+00:00,2026-09-30,MDY,63,3M,3,-0.010851013528438728,0.3592814371257485,False,False,0.07185628742514971,0.3592814371257485,False,False,0.19594038486353213,0.6107784431137725,False,False,656.7100219726562,762.6300048828125
da31aea13b8761375dbd4aa6,CLEAN_SHEET_R4_2026_V1,2026,2026-10-02T01:42:16.119823+00:00,2026-09-30,MTUM,63,3M,3,-0.005754259205294811,0.7664670658682635,False,False,0.3473053892215569,0.7844311377245509,False,False,0.19834532275033642,0.688622754491018,False,False,317.3399963378906,762.6300048828125
0ac6a6bafcb8e3d3706210ab,CLEAN_SHEET_R4_2026_V1,2026,2026-10-02T01:42:16.119823+00:00,2026-09-30,MXI,63,3M,3,-0.009580391428073815,0.48502994011976047,False,False,0.15968063872255486,0.5029940119760479,False,False,0.18921249318217362,0.30538922155688625,False,False,106.98999786376953,762.6300048828125
2fa79c837171e4f64a216242,CLEAN_SHEET_R4_2026_V1,2026,2026-10-02T01:42:16.119823+00:00,2026-09-30,OIH,63,3M,3,-0.0031863594803503885,0.9041916167664671,True,True,0.4870259481037924,0.9041916167664671,True,True,0.20039623311216986,0.7365269461077845,False,False,378.3699951171875,762.6300048828125
40182c4d57625b3f0e011f95,CLEAN_SHEET_R4_2026_V1,2026,2026-10-02T01:42:16.119823+00:00,2026-09-30,PAVE,63,3M,3,-0.009588015799815424,0.47904191616766467,False,False,0.14171656686626746,0.47305389221556887,False,False,0.19778595030120624,0.6706586826347305,False,False,52.5,762.6300048828125
fb69ec425a0e2881b0b0cb20,CLEAN_SHEET_R4_2026_V1,2026,2026-10-02T01:42:16.119823+00:00,2026-09-30,PBJ,63,3M,3,-0.010783793627409164,0.3712574850299401,False,False,0.09580838323353293,0.39520958083832336,False,False,0.1937169504523514,0.5389221556886228,False,False,44.779998779296875,762.6300048828125
49766228617cc3f6972089b1,CLEAN_SHEET_R4_2026_V1,2026,2026-10-02T01:42:16.119823+00:00,2026-09-30,PEJ,63,3M,3,-0.010646401123492563,0.38323353293413176,False,False,0.07984031936127746,0.3652694610778443,False,False,0.1991572923087856,0.718562874251497,False,False,61.97999954223633,762.6300048828125
107e0641c42f5352af58bedd,CLEAN_SHEET_R4_2026_V1,2026,2026-10-02T01:42:16.119823+00:00,2026-09-30,QAT,63,3M,3,-0.012309606993137183,0.24550898203592814,False,False,0.014970059880239523,0.2874251497005988,False,False,0.19263897825918624,0.49700598802395207,False,False,16.290000915527344,762.6300048828125
7c4187109adfca81fdadef6f,CLEAN_SHEET_R4_2026_V1,2026,2026-10-02T01:42:16.119823+00:00,2026-09-30,QQQ,63,3M,3,-0.00468217736791792,0.8502994011976048,True,False,0.3772455089820359,0.8203592814371258,True,False,0.2089469315661057,0.8922155688622755,True,False,739.77001953125,762.6300048828125
e93e9157ca5ff7b1336fd38e,CLEAN_SHEET_R4_2026_V1,2026,2026-10-02T01:42:16.119823+00:00,2026-09-30,QUAL,63,3M,3,-0.00891457446842175,0.5269461077844312,False,False,0.1377245508982036,0.46706586826347307,False,False,0.20890610873523865,0.8802395209580839,True,False,222.24000549316406,762.6300048828125
15bd7cce78aa87fc56cc90ad,CLEAN_SHEET_R4_2026_V1,2026,2026-10-02T01:42:16.119823+00:00,2026-09-30,REET,63,3M,3,-0.01242024999961198,0.2275449101796407,False,False,0.035928143712574856,0.32335329341317365,False,False,0.18271006523429442,0.0658682634730539,False,False,25.780000686645508,762.6300048828125
66169c3c66b5cc6997d0b98e,CLEAN_SHEET_R4_2026_V1,2026,2026-10-02T01:42:16.119823+00:00,2026-09-30,REM,63,3M,3,-0.01741432641961567,0.005988023952095809,False,False,-0.2904191616766467,0.005988023952095809,False,False,0.19317531688081313,0.5149700598802395,False,False,18.209999084472656,762.6300048828125
b3df4d6a1a863f5fdaef6520,CLEAN_SHEET_R4_2026_V1,2026,2026-10-02T01:42:16.119823+00:00,2026-09-30,REMX,63,3M,3,-0.012353238403806262,0.23952095808383234,False,False,0.003992015968063867,0.25748502994011974,False,False,0.19422784038161292,0.5568862275449101,False,False,64.26000213623047,762.6300048828125
b27260145d84958e5aac0330,CLEAN_SHEET_R4_2026_V1,2026,2026-10-02T01:42:16.119823+00:00,2026-09-30,REZ,63,3M,3,-0.01284411982073066,0.18562874251497005,False,False,-0.02395209580838324,0.2275449101796407,False,False,0.19152112176017197,0.4251497005988024,False,False,88.33999633789062,762.6300048828125
cc28c3e5f4bb44735892efdf,CLEAN_SHEET_R4_2026_V1,2026,2026-10-02T01:42:16.119823+00:00,2026-09-30,RSP,63,3M,3,-0.009641226057030005,0.47305389221556887,False,False,0.18163672654690619,0.5449101796407185,False,False,0.18555276284117722,0.11976047904191617,False,False,208.02000427246094,762.6300048828125
34921916335b219357a3a2a9,CLEAN_SHEET_R4_2026_V1,2026,2026-10-02T01:42:16.119823+00:00,2026-09-30,RWO,63,3M,3,-0.011747561988980465,0.2934131736526946,False,False,0.0658682634730539,0.3473053892215569,False,False,0.18526909420184762,0.10778443113772455,False,False,46.400001525878906,762.6300048828125
93ffa018f42c9959be0a32fb,CLEAN_SHEET_R4_2026_V1,2026,2026-10-02T01:42:16.119823+00:00,2026-09-30,RXI,63,3M,3,-0.016707132113431625,0.017964071856287425,False,False,-0.281437125748503,0.011976047904191617,False,False,0.20225206265567755,0.7604790419161677,False,False,184.8699951171875,762.6300048828125
fa455228a224fdfabd53e194,CLEAN_SHEET_R4_2026_V1,2026,2026-10-02T01:42:16.119823+00:00,2026-09-30,SCHD,63,3M,3,-0.0071906442805390845,0.6826347305389222,False,False,0.32335329341317365,0.7485029940119761,False,False,0.18227858549779655,0.05389221556886228,False,False,32.529998779296875,762.6300048828125
b2016dcf9b65db6bd64cca06,CLEAN_SHEET_R4_2026_V1,2026,2026-10-02T01:42:16.119823+00:00,2026-09-30,SCHY,63,3M,3,-0.008258472403038458,0.5988023952095808,False,False,0.23952095808383234,0.6347305389221557,False,False,0.19165208831770322,0.4311377245508982,False,False,31.399999618530273,762.6300048828125
a248467ce291036f5c4ea2c1,CLEAN_SHEET_R4_2026_V1,2026,2026-10-02T01:42:16.119823+00:00,2026-09-30,SCZ,63,3M,3,-0.008346893891599668,0.5808383233532934,False,False,0.23952095808383236,0.6407185628742516,False,False,0.1895349048415912,0.32934131736526945,False,False,84.41999816894531,762.6300048828125
bcfb5e884196f56535642e71,CLEAN_SHEET_R4_2026_V1,2026,2026-10-02T01:42:16.119823+00:00,2026-09-30,SKYY,63,3M,3,-0.0023758894369186306,0.9640718562874252,True,True,0.5189620758483035,0.9281437125748503,True,True,0.2054084252890528,0.8502994011976048,True,False,163.99000549316406,762.6300048828125
d563e4a3f5ebbc35ca9c4eca,CLEAN_SHEET_R4_2026_V1,2026,2026-10-02T01:42:16.119823+00:00,2026-09-30,SLV,63,3M,3,-0.00556967069404846,0.7844311377245509,False,False,0.22155688622754488,0.6107784431137725,False,False,0.24289244641220592,0.9700598802395209,True,True,54.5099983215332,762.6300048828125
8e373f73616649928675e750,CLEAN_SHEET_R4_2026_V1,2026,2026-10-02T01:42:16.119823+00:00,2026-09-30,SMH,63,3M,3,-0.0014339078884407462,0.9880239520958084,True,True,0.622754491017964,0.9940119760479041,True,True,0.19108231072337137,0.38323353293413176,False,False,609.0,762.6300048828125
326bc9fca5278619af8bbe7c,CLEAN_SHEET_R4_2026_V1,2026,2026-10-02T01:42:16.119823+00:00,2026-09-30,SOXX,63,3M,3,-0.001755855403976588,0.9820359281437125,True,True,0.5988023952095808,0.9880239520958084,True,True,0.1923011662450087,0.48502994011976047,False,False,568.6400146484375,762.6300048828125
18f1e1685a27b5bb056ba306,CLEAN_SHEET_R4_2026_V1,2026,2026-10-02T01:42:16.119823+00:00,2026-09-30,SPGM,63,3M,3,-0.006682547449104476,0.7365269461077845,False,False,0.34131736526946105,0.7724550898203593,False,False,0.18804021318186656,0.23353293413173654,False,False,86.5,762.6300048828125
422f574728fc0407a8d4cda6,CLEAN_SHEET_R4_2026_V1,2026,2026-10-02T01:42:16.119823+00:00,2026-09-30,SPY,63,3M,3,-0.008174754219515884,0.6047904191616766,False,False,0.16966067864271459,0.5239520958083832,False,False,0.21184763949984037,0.9221556886227545,True,True,762.6300048828125,762.6300048828125
fe631ba94cfec342442b8cdf,CLEAN_SHEET_R4_2026_V1,2026,2026-10-02T01:42:16.119823+00:00,2026-09-30,THD,63,3M,3,-0.00941880897833509,0.49700598802395207,False,False,0.20159680638722555,0.5718562874251497,False,False,0.17971763769235702,0.03592814371257485,False,False,70.51000213623047,762.6300048828125
9154cf45da825914db023ff5,CLEAN_SHEET_R4_2026_V1,2026,2026-10-02T01:42:16.119823+00:00,2026-09-30,TUR,63,3M,3,-0.01566085220820624,0.03592814371257485,False,False,-0.10379241516966065,0.12574850299401197,False,False,0.16842825498708575,0.005988023952095809,False,False,33.79999923706055,762.6300048828125
1d2a6ea88764f8a7893a4758,CLEAN_SHEET_R4_2026_V1,2026,2026-10-02T01:42:16.119823+00:00,2026-09-30,UAE,63,3M,3,-0.010122948859210744,0.41317365269461076,False,False,0.019960079840319372,0.2934131736526946,False,False,0.22359951709629494,0.9520958083832335,True,True,20.06999969482422,762.6300048828125
817ed2a46d21826d7bc82e0c,CLEAN_SHEET_R4_2026_V1,2026,2026-10-02T01:42:16.119823+00:00,2026-09-30,URA,63,3M,3,-0.01255851191316892,0.20359281437125748,False,False,-0.05389221556886228,0.16766467065868262,False,False,0.20668258638551154,0.8562874251497006,True,False,39.849998474121094,762.6300048828125
d831db603d71f3fcc1aa5cb8,CLEAN_SHEET_R4_2026_V1,2026,2026-10-02T01:42:16.119823+00:00,2026-09-30,URTH,63,3M,3,-0.010217251346642427,0.40718562874251496,False,False,0.10778443113772455,0.41916167664670656,False,False,0.19557873891154326,0.5988023952095808,False,False,206.22999572753906,762.6300048828125
5c898cf3247a59ad7e9fa158,CLEAN_SHEET_R4_2026_V1,2026,2026-10-02T01:42:16.119823+00:00,2026-09-30,USMV,63,3M,3,-0.011760792575028163,0.2874251497005988,False,False,0.03792415169660679,0.33532934131736525,False,False,0.19326472156728022,0.5329341317365269,False,False,97.44000244140625,762.6300048828125
bb5860de8033ffb957b24fb1,CLEAN_SHEET_R4_2026_V1,2026,2026-10-02T01:42:16.119823+00:00,2026-09-30,VEA,63,3M,3,-0.006729636767070233,0.7305389221556886,False,False,0.33732534930139724,0.7664670658682635,False,False,0.186995526145576,0.18562874251497005,False,False,70.61000061035156,762.6300048828125
e5db7576b678f323c77dbea1,CLEAN_SHEET_R4_2026_V1,2026,2026-10-02T01:42:16.119823+00:00,2026-09-30,VEU,63,3M,3,-0.008122539087914417,0.6107784431137725,False,False,0.2734530938123752,0.6736526946107785,False,False,0.18256359230955618,0.059880239520958084,False,False,82.97000122070312,762.6300048828125
72626cb1a800f931b14ca793,CLEAN_SHEET_R4_2026_V1,2026,2026-10-02T01:42:16.119823+00:00,2026-09-30,VGK,63,3M,3,-0.012516367705092755,0.20958083832335328,False,False,-0.009980039920159722,0.23952095808383234,False,False,0.1916945328816211,0.4431137724550898,False,False,86.80000305175781,762.6300048828125
68eb0df30d2048ae164b9493,CLEAN_SHEET_R4_2026_V1,2026,2026-10-02T01:42:16.119823+00:00,2026-09-30,VNM,63,3M,3,-0.013736351296085872,0.11377245508982035,False,False,-0.10778443113772455,0.11377245508982035,False,False,0.20257318509159422,0.7904191616766467,False,False,16.950000762939453,762.6300048828125
c9c2c2bf68dd8c420a65cfd8,CLEAN_SHEET_R4_2026_V1,2026,2026-10-02T01:42:16.119823+00:00,2026-09-30,VNQ,63,3M,3,-0.015764729400915594,0.029940119760479042,False,False,-0.17165668662674652,0.04790419161676647,False,False,0.18588619216881266,0.1317365269461078,False,False,89.62999725341797,762.6300048828125
3cb397ad77fd060f86b96395,CLEAN_SHEET_R4_2026_V1,2026,2026-10-02T01:42:16.119823+00:00,2026-09-30,VPL,63,3M,3,-0.006921663872807941,0.7065868263473054,False,False,0.3013972055888224,0.718562874251497,False,False,0.19138480058568993,0.41317365269461076,False,False,115.80999755859375,762.6300048828125
f7064ba160789693c88f71de,CLEAN_SHEET_R4_2026_V1,2026,2026-10-02T01:42:16.119823+00:00,2026-09-30,VSS,63,3M,3,-0.01173058517028968,0.30538922155688625,False,False,0.035928143712574835,0.31736526946107785,False,False,0.1911481563275913,0.39520958083832336,False,False,155.25,762.6300048828125
051670272bfa1bd4f2232c5f,CLEAN_SHEET_R4_2026_V1,2026,2026-10-02T01:42:16.119823+00:00,2026-09-30,VT,63,3M,3,-0.009985559564325671,0.4251497005988024,False,False,0.13373253493013973,0.45209580838323354,False,False,0.19144620258030257,0.41916167664670656,False,False,157.85000610351562,762.6300048828125
73f75ed9c72ad94bf1a1a923,CLEAN_SHEET_R4_2026_V1,2026,2026-10-02T01:42:16.119823+00:00,2026-09-30,VWO,63,3M,3,-0.010636552978209436,0.38922155688622756,False,False,0.11377245508982035,0.4251497005988024,False,False,0.1881394374230016,0.23952095808383234,False,False,59.310001373291016,762.6300048828125
2f71ad834861d46f65037647,CLEAN_SHEET_R4_2026_V1,2026,2026-10-02T01:42:16.119823+00:00,2026-09-30,VXUS,63,3M,3,-0.00988192231199467,0.4491017964071856,False,False,0.15768463073852299,0.49700598802395207,False,False,0.18588371223543032,0.12574850299401197,False,False,84.95999908447266,762.6300048828125
c5dec42e84c95bb839ab5d7c,CLEAN_SHEET_R4_2026_V1,2026,2026-10-02T01:42:16.119823+00:00,2026-09-30,VYMI,63,3M,3,-0.007554885592656385,0.6706586826347305,False,False,0.28143712574850294,0.6946107784431138,False,False,0.1881460574474329,0.24550898203592814,False,False,101.12999725341797,762.6300048828125
8e8d35a667950c344c5deb78,CLEAN_SHEET_R4_2026_V1,2026,2026-10-02T01:42:16.119823+00:00,2026-09-30,XAR,63,3M,3,-0.015361651267277213,0.04790419161676647,False,False,-0.18163672654690619,0.041916167664670656,False,False,0.19531324340311307,0.592814371257485,False,False,231.25,762.6300048828125
2e35b7dafaeb049cc1ae03c2,CLEAN_SHEET_R4_2026_V1,2026,2026-10-02T01:42:16.119823+00:00,2026-09-30,XBI,63,3M,3,-0.0036882477097809653,0.8922155688622755,True,False,0.4471057884231538,0.8862275449101796,True,False,0.20347366516295312,0.8083832335329342,True,False,157.67999267578125,762.6300048828125
c3c222ada7faabbf8f7d03ba,CLEAN_SHEET_R4_2026_V1,2026,2026-10-02T01:42:16.119823+00:00,2026-09-30,XHB,63,3M,3,-0.013396226740053814,0.1317365269461078,False,False,-0.0718562874251497,0.1437125748502994,False,False,0.1985730911663703,0.7005988023952096,False,False,96.02999877929688,762.6300048828125
eb0c7a8eb268c5ca280253c0,CLEAN_SHEET_R4_2026_V1,2026,2026-10-02T01:42:16.119823+00:00,2026-09-30,XLB,63,3M,3,-0.009699201545033306,0.46706586826347307,False,False,0.19960079840319364,0.562874251497006,False,False,0.17884311367845382,0.023952095808383235,False,False,48.70000076293945,762.6300048828125
625a5e0aad16112eb111e3be,CLEAN_SHEET_R4_2026_V1,2026,2026-10-02T01:42:16.119823+00:00,2026-09-30,XLC,63,3M,3,-0.014320602000578922,0.10179640718562874,False,False,-0.1437125748502994,0.0718562874251497,False,False,0.2025211981756473,0.7844311377245509,False,False,110.97000122070312,762.6300048828125
ca3f2548fa608188065c82a2,CLEAN_SHEET_R4_2026_V1,2026,2026-10-02T01:42:16.119823+00:00,2026-09-30,XLE,63,3M,3,-0.0062657701126484925,0.7485029940119761,False,False,0.3473053892215569,0.7844311377245509,False,False,0.1885716360400755,0.2934131736526946,False,False,61.5,762.6300048828125
2718f4bae636139c9bde3297,CLEAN_SHEET_R4_2026_V1,2026,2026-10-02T01:42:16.119823+00:00,2026-09-30,XLF,63,3M,3,-0.012735760236752238,0.19161676646706588,False,False,-0.0658682634730539,0.1497005988023952,False,False,0.20505964268644952,0.8263473053892215,True,False,53.400001525878906,762.6300048828125
04b226d64cc0f0d2c19c0794,CLEAN_SHEET_R4_2026_V1,2026,2026-10-02T01:42:16.119823+00:00,2026-09-30,XLI,63,3M,3,-0.012118251843480145,0.2634730538922156,False,False,0.0019960079840319147,0.25149700598802394,False,False,0.19529712198823967,0.5868263473053892,False,False,166.97999572753906,762.6300048828125
2630aaacba9f3e5f95924260,CLEAN_SHEET_R4_2026_V1,2026,2026-10-02T01:42:16.119823+00:00,2026-09-30,XLK,63,3M,3,-0.0031289705624677764,0.9101796407185628,True,True,0.49500998003992014,0.9101796407185628,True,True,0.19936922035161056,0.7245508982035929,False,False,195.75,762.6300048828125
fc4542195a1137140f04ba6e,CLEAN_SHEET_R4_2026_V1,2026,2026-10-02T01:42:16.119823+00:00,2026-09-30,XLP,63,3M,3,-0.013011251112615842,0.16766467065868262,False,False,-0.017964071856287418,0.23353293413173654,False,False,0.1874724637916942,0.19760479041916168,False,False,80.5999984741211,762.6300048828125
e0fe5bf5ad5a9c655b8a8efa,CLEAN_SHEET_R4_2026_V1,2026,2026-10-02T01:42:16.119823+00:00,2026-09-30,XLRE,63,3M,3,-0.01488616549322348,0.07784431137724551,False,False,-0.1157684630738523,0.10179640718562874,False,False,0.18494525572040327,0.10179640718562874,False,False,40.90999984741211,762.6300048828125
998159093938695455e6a374,CLEAN_SHEET_R4_2026_V1,2026,2026-10-02T01:42:16.119823+00:00,2026-09-30,XLU,63,3M,3,-0.016230638605219054,0.023952095808383235,False,False,-0.23552894211576847,0.023952095808383235,False,False,0.19738942888336727,0.6646706586826348,False,False,39.439998626708984,762.6300048828125
9239d9cff1cea5ab7ab2657d,CLEAN_SHEET_R4_2026_V1,2026,2026-10-02T01:42:16.119823+00:00,2026-09-30,XLV,63,3M,3,-0.005955684346240846,0.7604790419161677,False,False,0.22355289421157679,0.6227544910179641,False,False,0.2360680175611318,0.9640718562874252,True,True,168.4199981689453,762.6300048828125
090565ba7dc5717ff7752328,CLEAN_SHEET_R4_2026_V1,2026,2026-10-02T01:42:16.119823+00:00,2026-09-30,XLY,63,3M,3,-0.013035337578105505,0.16167664670658682,False,False,-0.05988023952095808,0.15568862275449102,False,False,0.20088660622701265,0.7425149700598802,False,False,108.83999633789062,762.6300048828125
a92fe826a8c1212f156c34f9,CLEAN_SHEET_R4_2026_V1,2026,2026-10-02T01:42:16.119823+00:00,2026-09-30,XME,63,3M,3,-0.007623883710743118,0.6526946107784432,False,False,0.29341317365269465,0.7125748502994012,False,False,0.18638816199824804,0.1437125748502994,False,False,103.55999755859375,762.6300048828125
63d409ca224783e512f1671c,CLEAN_SHEET_R4_2026_V1,2026,2026-10-02T01:42:16.119823+00:00,2026-09-30,XOP,63,3M,3,-0.0060147584401897235,0.7544910179640718,False,False,0.3692614770459081,0.8023952095808383,True,False,0.18667123538749125,0.1497005988023952,False,False,179.3300018310547,762.6300048828125
d5f9a48f935294cd0aa71b72,CLEAN_SHEET_R4_2026_V1,2026,2026-10-02T01:42:16.119823+00:00,2026-09-30,XPH,63,3M,3,-0.007003439777749726,0.6946107784431138,False,False,0.27944111776447106,0.688622754491018,False,False,0.19639205694738648,0.6227544910179641,False,False,65.0,762.6300048828125
4a4f39a1bd7677896ef12490,CLEAN_SHEET_R4_2026_V1,2026,2026-10-02T01:42:16.119823+00:00,2026-09-30,XRT,63,3M,3,-0.011470117570549271,0.32335329341317365,False,False,0.025948103792415172,0.3023952095808383,False,False,0.20206360655942576,0.7485029940119761,False,False,82.1500015258789,762.6300048828125
233957444ff09d573b418181,CLEAN_SHEET_R4_2026_V1,2026,2026-10-02T01:42:16.119823+00:00,2026-09-30,AAXJ,126,6M,3,-0.013219810287849179,0.874251497005988,True,False,0.8153692614770459,0.8712574850299402,True,False,0.17699599151940643,0.4550898203592814,False,False,116.44000244140625,762.6300048828125
5d2bb9befaef52b0a25550b0,CLEAN_SHEET_R4_2026_V1,2026,2026-10-02T01:42:16.119823+00:00,2026-09-30,ACWI,126,6M,3,-0.01581785624343092,0.7485029940119761,False,False,0.7275449101796406,0.7485029940119761,False,False,0.17102267211219985,0.16167664670658682,False,False,158.77000427246094,762.6300048828125
23afbc10333196b0d324bfba,CLEAN_SHEET_R4_2026_V1,2026,2026-10-02T01:42:16.119823+00:00,2026-09-30,ACWX,126,6M,3,-0.017295217558624013,0.6706586826347305,False,False,0.6756487025948105,0.6826347305389222,False,False,0.17113315935124657,0.18562874251497005,False,False,75.62000274658203,762.6300048828125
935ce4f94895899ea3f7be45,CLEAN_SHEET_R4_2026_V1,2026,2026-10-02T01:42:16.119823+00:00,2026-09-30,AFK,126,6M,3,-0.020090005829373928,0.46706586826347307,False,False,0.5658682634730539,0.49700598802395207,False,False,0.19290471539814275,0.562874251497006,False,False,27.530000686645508,762.6300048828125
d44d83e06adf9557443706a2,CLEAN_SHEET_R4_2026_V1,2026,2026-10-02T01:42:16.119823+00:00,2026-09-30,ARGT,126,6M,3,-0.025206665859693902,0.08383233532934131,False,False,0.12774451097804393,0.07784431137724551,False,False,0.22919867762756627,0.8562874251497006,True,False,86.18000030517578,762.6300048828125
7261a269aa8f7c18c852f1d8,CLEAN_SHEET_R4_2026_V1,2026,2026-10-02T01:42:16.119823+00:00,2026-09-30,ASEA,126,6M,3,-0.017850343145790593,0.6407185628742516,False,False,0.6497005988023953,0.6377245508982036,False,False,0.18289942989434788,0.5389221556886228,False,False,20.959999084472656,762.6300048828125
1eec12a197e0fa1812f22f44,CLEAN_SHEET_R4_2026_V1,2026,2026-10-02T01:42:16.119823+00:00,2026-09-30,CARZ,126,6M,3,-0.012176911110063294,0.9281437125748503,True,True,0.8532934131736528,0.9281437125748503,True,True,0.1745836697643396,0.31137724550898205,False,False,107.69000244140625,762.6300048828125
61ee79d75cc8893f01289cbf,CLEAN_SHEET_R4_2026_V1,2026,2026-10-02T01:42:16.119823+00:00,2026-09-30,CIBR,126,6M,3,-0.010833303547921867,1.0,True,True,0.8992015968063872,0.9970059880239521,True,True,0.17681273086912816,0.437125748502994,False,False,103.08999633789062,762.6300048828125
ff6b486ae339002de9dfe024,CLEAN_SHEET_R4_2026_V1,2026,2026-10-02T01:42:16.119823+00:00,2026-09-30,CORO,126,6M,3,-0.016657943074423913,0.7005988023952096,False,False,0.6976047904191617,0.7065868263473054,False,False,0.17184790274309783,0.23353293413173654,False,False,36.349998474121094,762.6300048828125
09c65cca3c4d2dcf8988ece1,CLEAN_SHEET_R4_2026_V1,2026,2026-10-02T01:42:16.119823+00:00,2026-09-30,CPER,126,6M,3,-0.015013627127926945,0.7844311377245509,False,False,0.7514970059880239,0.7844311377245509,False,False,0.17870370729367283,0.5209580838323353,False,False,39.779998779296875,762.6300048828125
9c42121a2d9ca6a2609374e3,CLEAN_SHEET_R4_2026_V1,2026,2026-10-02T01:42:16.119823+00:00,2026-09-30,CQQQ,126,6M,3,-0.02524859360680764,0.07784431137724551,False,False,0.13572854291417166,0.08383233532934131,False,False,0.20901308018747375,0.6706586826347305,False,False,44.900001525878906,762.6300048828125
41c120a1af7a48b332074d50,CLEAN_SHEET_R4_2026_V1,2026,2026-10-02T01:42:16.119823+00:00,2026-09-30,DBEF,126,6M,3,-0.018050498655346664,0.6287425149700598,False,False,0.6516966067864272,0.6467065868263473,False,False,0.16666931321656128,0.05389221556886228,False,False,54.95000076293945,762.6300048828125
3f061731cca759f6b6e4020b,CLEAN_SHEET_R4_2026_V1,2026,2026-10-02T01:42:16.119823+00:00,2026-09-30,DEM,126,6M,3,-0.015991831146402378,0.7365269461077845,False,False,0.7175648702594811,0.7275449101796407,False,False,0.17799288195381857,0.5089820359281437,False,False,55.310001373291016,762.6300048828125
3b5e73e90c19872a905e0246,CLEAN_SHEET_R4_2026_V1,2026,2026-10-02T01:42:16.119823+00:00,2026-09-30,DGS,126,6M,3,-0.02015204415144756,0.46107784431137727,False,False,0.5718562874251497,0.5269461077844312,False,False,0.17752916556136347,0.48502994011976047,False,False,63.18000030517578,762.6300048828125
cac8e58c68800f294c0a1bc8,CLEAN_SHEET_R4_2026_V1,2026,2026-10-02T01:42:16.119823+00:00,2026-09-30,DIA,126,6M,3,-0.018224473558318126,0.6107784431137725,False,False,0.6417165668662674,0.6287425149700598,False,False,0.17349923129659184,0.2754491017964072,False,False,508.54998779296875,762.6300048828125
8d79d320d81efd2ca4c89232,CLEAN_SHEET_R4_2026_V1,2026,2026-10-02T01:42:16.119823+00:00,2026-09-30,DXJ,126,6M,3,-0.016430656718240358,0.7125748502994012,False,False,0.7055888223552894,0.7125748502994012,False,False,0.1718308447326541,0.2275449101796407,False,False,180.5500030517578,762.6300048828125
0036e6f2119799a3a77d699c,CLEAN_SHEET_R4_2026_V1,2026,2026-10-02T01:42:16.119823+00:00,2026-09-30,ECH,126,6M,3,-0.024415527047482233,0.10778443113772455,False,False,0.15768463073852293,0.09580838323353294,False,False,0.22442002822185228,0.8203592814371258,True,False,37.810001373291016,762.6300048828125
918003f11f2ac987ea0519b6,CLEAN_SHEET_R4_2026_V1,2026,2026-10-02T01:42:16.119823+00:00,2026-09-30,EDEN,126,6M,3,-0.0202238197613788,0.4491017964071856,False,False,0.31137724550898205,0.3473053892215569,False,False,0.21035260448061785,0.6826347305389222,False,False,109.26000213623047,762.6300048828125
e27cf3002b5114509ba5adb8,CLEAN_SHEET_R4_2026_V1,2026,2026-10-02T01:42:16.119823+00:00,2026-09-30,EEM,126,6M,3,-0.014015312534491616,0.8383233532934131,True,False,0.7874251497005988,0.8353293413173652,True,False,0.17705711152569661,0.46706586826347307,False,False,66.79000091552734,762.6300048828125
6c9fa9b426b1d8ead3919aac,CLEAN_SHEET_R4_2026_V1,2026,2026-10-02T01:42:16.119823+00:00,2026-09-30,EEMO,126,6M,3,-0.011925150744489079,0.9461077844311377,True,True,0.8612774451097804,0.9431137724550899,True,True,0.1761165103493766,0.40718562874251496,False,False,22.360000610351562,762.6300048828125
6bab97f465bdc874e400ae30,CLEAN_SHEET_R4_2026_V1,2026,2026-10-02T01:42:16.119823+00:00,2026-09-30,EEMV,126,6M,3,-0.015655265046557815,0.7544910179640718,False,False,0.7315369261477046,0.7604790419161677,False,False,0.17407524779356834,0.2994011976047904,False,False,74.05000305175781,762.6300048828125
bc364ad402074eb26de1cbdd,CLEAN_SHEET_R4_2026_V1,2026,2026-10-02T01:42:16.119823+00:00,2026-09-30,EFA,126,6M,3,-0.020481589979624532,0.41317365269461076,False,False,0.565868263473054,0.5059880239520959,False,False,0.1675948024474546,0.07784431137724551,False,False,103.88999938964844,762.6300048828125
e8f3c13499dd744d060b87ec,CLEAN_SHEET_R4_2026_V1,2026,2026-10-02T01:42:16.119823+00:00,2026-09-30,EFAV,126,6M,3,-0.024376952315803193,0.11976047904191617,False,False,0.4221556886227545,0.40119760479041916,False,False,0.18022110545268555,0.5269461077844312,False,False,91.12000274658203,762.6300048828125
2c50ced6dbf7af9d3e4013bd,CLEAN_SHEET_R4_2026_V1,2026,2026-10-02T01:42:16.119823+00:00,2026-09-30,EFG,126,6M,3,-0.020846993523290527,0.38922155688622756,False,False,0.5538922155688623,0.4880239520958084,False,False,0.16612947847013873,0.04790419161676647,False,False,119.83000183105469,762.6300048828125
9e1ab9151335c91b338ba516,CLEAN_SHEET_R4_2026_V1,2026,2026-10-02T01:42:16.119823+00:00,2026-09-30,EFNL,126,6M,3,-0.020193971898561296,0.4550898203592814,False,False,0.5798403193612774,0.5359281437125748,False,False,0.1609439592359913,0.005988023952095809,False,False,53.33000183105469,762.6300048828125
9d1a04fce10d6285fe679ad7,CLEAN_SHEET_R4_2026_V1,2026,2026-10-02T01:42:16.119823+00:00,2026-09-30,EFV,126,6M,3,-0.01986878950481509,0.48502994011976047,False,False,0.5878243512974053,0.5568862275449101,False,False,0.16680254042532258,0.059880239520958084,False,False,79.13999938964844,762.6300048828125
8c3842667d3deb9869de890d,CLEAN_SHEET_R4_2026_V1,2026,2026-10-02T01:42:16.119823+00:00,2026-09-30,EIDO,126,6M,3,-0.01952640743519081,0.5029940119760479,False,False,0.2834331337325349,0.32335329341317365,False,False,0.3388454504040358,1.0,True,True,11.729999542236328,762.6300048828125
315a7caf0e3f0248e9597471,CLEAN_SHEET_R4_2026_V1,2026,2026-10-02T01:42:16.119823+00:00,2026-09-30,EIRL,126,6M,3,-0.013402512059682174,0.8622754491017964,True,False,0.8093812375249502,0.8622754491017964,True,False,0.17622958882046855,0.4251497005988024,False,False,81.9800033569336,762.6300048828125
70ec751485dbd042e90e57c0,CLEAN_SHEET_R4_2026_V1,2026,2026-10-02T01:42:16.119823+00:00,2026-09-30,EIS,126,6M,3,-0.020792035651837685,0.40119760479041916,False,False,0.29141716566866266,0.32934131736526945,False,False,0.21040238391061045,0.688622754491018,False,False,121.31999969482422,762.6300048828125
b6e6ca7ef46911b6731550b5,CLEAN_SHEET_R4_2026_V1,2026,2026-10-02T01:42:16.119823+00:00,2026-09-30,EMXC,126,6M,3,-0.012607009813039739,0.9041916167664671,True,True,0.8373253493013973,0.9101796407185628,True,True,0.17616869332274723,0.41317365269461076,False,False,99.08000183105469,762.6300048828125
2a3fd4d9cd37eb48c529aeef,CLEAN_SHEET_R4_2026_V1,2026,2026-10-02T01:42:16.119823+00:00,2026-09-30,ENOR,126,6M,3,-0.02047210675361192,0.41916167664670656,False,False,0.5279441117764471,0.47305389221556887,False,False,0.2450577286315425,0.9101796407185628,True,True,35.0099983215332,762.6300048828125
c55ea4e88bf4af5a043daf9c,CLEAN_SHEET_R4_2026_V1,2026,2026-10-02T01:42:16.119823+00:00,2026-09-30,ENZL,126,6M,3,-0.018546302936629632,0.5748502994011976,False,False,0.36127744510978044,0.3712574850299401,False,False,0.22952640126376225,0.8622754491017964,True,False,45.08000183105469,762.6300048828125
e25099ee934e725f3c1d78d9,CLEAN_SHEET_R4_2026_V1,2026,2026-10-02T01:42:16.119823+00:00,2026-09-30,EPHE,126,6M,3,-0.025739024034663768,0.04790419161676647,False,False,0.11377245508982037,0.04790419161676647,False,False,0.2189846237620776,0.7724550898203593,False,False,22.739999771118164,762.6300048828125
63de0439216f8305216037b7,CLEAN_SHEET_R4_2026_V1,2026,2026-10-02T01:42:16.119823+00:00,2026-09-30,EPOL,126,6M,3,-0.012992523931665625,0.8862275449101796,True,False,0.8233532934131736,0.8832335329341318,True,False,0.17697853170258745,0.4491017964071856,False,False,44.31999969482422,762.6300048828125
ec521f0660d6b6470b391bb6,CLEAN_SHEET_R4_2026_V1,2026,2026-10-02T01:42:16.119823+00:00,2026-09-30,EPP,126,6M,3,-0.02325361083817773,0.19760479041916168,False,False,0.46806387225548907,0.437125748502994,False,False,0.16854958685718083,0.10179640718562874,False,False,55.029998779296875,762.6300048828125
bae6dda1ce5b7f098e4e1946,CLEAN_SHEET_R4_2026_V1,2026,2026-10-02T01:42:16.119823+00:00,2026-09-30,EPU,126,6M,3,-0.01586946109944906,0.7425149700598802,False,False,0.7175648702594811,0.7275449101796407,False,False,0.18597118895983292,0.5508982035928144,False,False,88.7300033569336,762.6300048828125
2632d6fde00ddba59c729253,CLEAN_SHEET_R4_2026_V1,2026,2026-10-02T01:42:16.119823+00:00,2026-09-30,EWA,126,6M,3,-0.02248093618268521,0.25748502994011974,False,False,0.23552894211576847,0.23652694610778444,False,False,0.20350280752394473,0.6047904191616766,False,False,28.309999465942383,762.6300048828125
6aa40334533abb71be787b07,CLEAN_SHEET_R4_2026_V1,2026,2026-10-02T01:42:16.119823+00:00,2026-09-30,EWC,126,6M,3,-0.021776249522984632,0.32934131736526945,False,False,0.5199600798403193,0.46706586826347307,False,False,0.16844042865880995,0.08982035928143713,False,False,58.380001068115234,762.6300048828125
cf433ec6b1054f20857a32f5,CLEAN_SHEET_R4_2026_V1,2026,2026-10-02T01:42:16.119823+00:00,2026-09-30,EWD,126,6M,3,-0.021088380601762456,0.3772455089820359,False,False,0.281437125748503,0.31736526946107785,False,False,0.2095380829338048,0.6766467065868264,False,False,49.9900016784668,762.6300048828125
7b52cdcc195e2d210df72d8b,CLEAN_SHEET_R4_2026_V1,2026,2026-10-02T01:42:16.119823+00:00,2026-09-30,EWG,126,6M,3,-0.020041117989545804,0.47904191616766467,False,False,0.31736526946107785,0.3532934131736527,False,False,0.21122935267757686,0.7005988023952096,False,False,41.310001373291016,762.6300048828125
f0165f769cd27f30efaa3526,CLEAN_SHEET_R4_2026_V1,2026,2026-10-02T01:42:16.119823+00:00,2026-09-30,EWH,126,6M,3,-0.02190930709783843,0.31137724550898205,False,False,0.2315369261477046,0.218562874251497,False,False,0.2564856243365365,0.9341317365269461,True,True,22.110000610351562,762.6300048828125
864ae42ef1bfe91aac774657,CLEAN_SHEET_R4_2026_V1,2026,2026-10-02T01:42:16.119823+00:00,2026-09-30,EWI,126,6M,3,-0.01762039995237022,0.6526946107784432,False,False,0.6676646706586826,0.6706586826347305,False,False,0.16515262377264453,0.023952095808383235,False,False,58.720001220703125,762.6300048828125
643d6230aa6adacb35a2ab09,CLEAN_SHEET_R4_2026_V1,2026,2026-10-02T01:42:16.119823+00:00,2026-09-30,EWJ,126,6M,3,-0.015615043896638026,0.7664670658682635,False,False,0.7355289421157685,0.7664670658682635,False,False,0.16949129570388236,0.12574850299401197,False,False,97.45999908447266,762.6300048828125
02aa30f643014226e643c0ee,CLEAN_SHEET_R4_2026_V1,2026,2026-10-02T01:42:16.119823+00:00,2026-09-30,EWL,126,6M,3,-0.022728333113828658,0.2215568862275449,False,False,0.22554890219560877,0.20359281437125748,False,False,0.20614622685964612,0.6347305389221557,False,False,59.150001525878906,762.6300048828125
54b97dd5a133ce6af2c36774,CLEAN_SHEET_R4_2026_V1,2026,2026-10-02T01:42:16.119823+00:00,2026-09-30,EWM,126,6M,3,-0.023185562663432586,0.20359281437125748,False,False,0.19960079840319364,0.17065868263473055,False,False,0.2271208367529983,0.844311377245509,True,False,27.3799991607666,762.6300048828125
0c1c8dc680070dabbba19c59,CLEAN_SHEET_R4_2026_V1,2026,2026-10-02T01:42:16.119823+00:00,2026-09-30,EWN,126,6M,3,-0.014064260553272942,0.8323353293413174,True,False,0.7874251497005988,0.8353293413173652,True,False,0.17395464763323118,0.2874251497005988,False,False,67.75,762.6300048828125
0ce5cdc0ea96d410d83394c8,CLEAN_SHEET_R4_2026_V1,2026,2026-10-02T01:42:16.119823+00:00,2026-09-30,EWO,126,6M,3,-0.013244284297239842,0.8682634730538922,True,False,0.8153692614770459,0.8712574850299402,True,False,0.17543978609689911,0.3592814371257485,False,False,42.560001373291016,762.6300048828125
a6ad7378469d6e4c0d76cf61,CLEAN_SHEET_R4_2026_V1,2026,2026-10-02T01:42:16.119823+00:00,2026-09-30,EWP,126,6M,3,-0.018456123348932447,0.592814371257485,False,False,0.6357285429141717,0.6167664670658682,False,False,0.1697023079954176,0.1317365269461078,False,False,59.20000076293945,762.6300048828125
dea1cdf2396edfa37cb109df,CLEAN_SHEET_R4_2026_V1,2026,2026-10-02T01:42:16.119823+00:00,2026-09-30,EWQ,126,6M,3,-0.024579824841549285,0.10179640718562874,False,False,0.1656686626746507,0.11377245508982035,False,False,0.1959603350479986,0.5688622754491018,False,False,42.599998474121094,762.6300048828125
8911eddf2e0f5775e7abb67c,CLEAN_SHEET_R4_2026_V1,2026,2026-10-02T01:42:16.119823+00:00,2026-09-30,EWS,126,6M,3,-0.01356073982212451,0.8562874251497006,True,False,0.8033932135728543,0.8532934131736527,True,False,0.17702218377969628,0.46107784431137727,False,False,33.2599983215332,762.6300048828125
b8fcb7688ea9b28e43ec1352,CLEAN_SHEET_R4_2026_V1,2026,2026-10-02T01:42:16.119823+00:00,2026-09-30,EWT,126,6M,3,-0.011016005319754864,0.9880239520958084,True,True,0.8932135728542915,0.9880239520958084,True,True,0.17604695195719305,0.3772455089820359,False,False,112.9000015258789,762.6300048828125
087f97018d560e92e863ac87,CLEAN_SHEET_R4_2026_V1,2026,2026-10-02T01:42:16.119823+00:00,2026-09-30,EWU,126,6M,3,-0.024601581834749926,0.09580838323353294,False,False,0.4241516966067865,0.40718562874251496,False,False,0.16271509489094005,0.011976047904191617,False,False,46.529998779296875,762.6300048828125
4ef4a2702a859f0220575b22,CLEAN_SHEET_R4_2026_V1,2026,2026-10-02T01:42:16.119823+00:00,2026-09-30,EWW,126,6M,3,-0.02556068569726154,0.059880239520958084,False,False,0.1217564870259481,0.0718562874251497,False,False,0.21531947835652696,0.7305389221556886,False,False,71.08999633789062,762.6300048828125
e09e70acc51673ec807605b3,CLEAN_SHEET_R4_2026_V1,2026,2026-10-02T01:42:16.119823+00:00,2026-09-30,EWY,126,6M,3,-0.011356934854030195,0.9700598802395209,True,True,0.8812375249500998,0.9700598802395209,True,True,0.17607303382236722,0.38323353293413176,False,False,182.77999877929688,762.6300048828125
b201b05bb8279d50e888f783,CLEAN_SHEET_R4_2026_V1,2026,2026-10-02T01:42:16.119823+00:00,2026-09-30,EWZ,126,6M,3,-0.02094679004093892,0.38323353293413176,False,False,0.5099800399201597,0.46107784431137727,False,False,0.2480951714263962,0.9221556886227545,True,True,37.25,762.6300048828125
dea14c87f3a51ce2fad1fb4f,CLEAN_SHEET_R4_2026_V1,2026,2026-10-02T01:42:16.119823+00:00,2026-09-30,EXI,126,6M,3,-0.021576154192381763,0.3473053892215569,False,False,0.2694610778443114,0.30538922155688625,False,False,0.1991119448843498,0.5748502994011976,False,False,189.25999450683594,762.6300048828125
df38cfaaf1d55693d80c5f01,CLEAN_SHEET_R4_2026_V1,2026,2026-10-02T01:42:16.119823+00:00,2026-09-30,EZA,126,6M,3,-0.021835885069666442,0.32335329341317365,False,False,0.2315369261477046,0.218562874251497,False,False,0.2626666062846061,0.9520958083832335,True,True,63.97999954223633,762.6300048828125
2c023d75e2c06b6f59868f2d,CLEAN_SHEET_R4_2026_V1,2026,2026-10-02T01:42:16.119823+00:00,2026-09-30,EZU,126,6M,3,-0.019478911951758437,0.5089820359281437,False,False,0.5998003992015968,0.5748502994011976,False,False,0.1697783235695012,0.1377245508982036,False,False,67.33000183105469,762.6300048828125
394ac9b5fbd56544e6a6cda6,CLEAN_SHEET_R4_2026_V1,2026,2026-10-02T01:42:16.119823+00:00,2026-09-30,FDN,126,6M,3,-0.013016997941056287,0.8802395209580839,True,False,0.8233532934131736,0.8832335329341318,True,False,0.1754224470713927,0.3532934131736527,False,False,288.45001220703125,762.6300048828125
852622404c60b59b3aa7cc36,CLEAN_SHEET_R4_2026_V1,2026,2026-10-02T01:42:16.119823+00:00,2026-09-30,FEZ,126,6M,3,-0.01847623392389234,0.5808383233532934,False,False,0.6337325349301398,0.6077844311377245,False,False,0.17198441514045645,0.24550898203592814,False,False,67.30999755859375,762.6300048828125
8dd463be7077c137c832d1a6,CLEAN_SHEET_R4_2026_V1,2026,2026-10-02T01:42:16.119823+00:00,2026-09-30,GLD,126,6M,3,-0.02344700013791121,0.18562874251497005,False,False,0.17365269461077845,0.1317365269461078,False,False,0.2659624373960667,0.9640718562874252,True,True,380.8399963378906,762.6300048828125
03be428e3110b5797405e3f7,CLEAN_SHEET_R4_2026_V1,2026,2026-10-02T01:42:16.119823+00:00,2026-09-30,GREK,126,6M,3,-0.011949624753879739,0.9341317365269461,True,True,0.8612774451097804,0.9431137724550899,True,True,0.17456639743735794,0.30538922155688625,False,False,85.69999694824219,762.6300048828125
83bb37a89c6de1dd0c8e0014,CLEAN_SHEET_R4_2026_V1,2026,2026-10-02T01:42:16.119823+00:00,2026-09-30,HEDJ,126,6M,3,-0.020822519513899865,0.39520958083832336,False,False,0.5538922155688623,0.4880239520958084,False,False,0.16761988684413032,0.08383233532934131,False,False,55.459999084472656,762.6300048828125
4c12e189497bdf67b6a8b8a2,CLEAN_SHEET_R4_2026_V1,2026,2026-10-02T01:42:16.119823+00:00,2026-09-30,HEEM,126,6M,3,-0.015650901612127045,0.7604790419161677,False,False,0.7295409181636727,0.7544910179640718,False,False,0.1779665771271616,0.5029940119760479,False,False,42.2400016784668,762.6300048828125
73ddf7179bb0d19703b1443b,CLEAN_SHEET_R4_2026_V1,2026,2026-10-02T01:42:16.119823+00:00,2026-09-30,HEFA,126,6M,3,-0.01854965595206433,0.5688622754491018,False,False,0.6337325349301398,0.6077844311377245,False,False,0.1674527141613858,0.0658682634730539,False,False,46.38999938964844,762.6300048828125
447c13bfe2b1a9115198a7b4,CLEAN_SHEET_R4_2026_V1,2026,2026-10-02T01:42:16.119823+00:00,2026-09-30,IBB,126,6M,3,-0.012582535803649077,0.9101796407185628,True,True,0.8373253493013971,0.9011976047904192,True,True,0.177729970742774,0.49700598802395207,False,False,210.52999877929688,762.6300048828125
d177d9f8b8563f95d3ee7c85,CLEAN_SHEET_R4_2026_V1,2026,2026-10-02T01:42:16.119823+00:00,2026-09-30,IEFA,126,6M,3,-0.020367946801532755,0.437125748502994,False,False,0.5698602794411177,0.5209580838323353,False,False,0.16758644164816502,0.0718562874251497,False,False,96.87999725341797,762.6300048828125
32c483438ae36ed800ad5bb3,CLEAN_SHEET_R4_2026_V1,2026,2026-10-02T01:42:16.119823+00:00,2026-09-30,IEMG,126,6M,3,-0.014469885246858723,0.8143712574850299,True,False,0.7714570858283434,0.811377245508982,True,False,0.177092044680249,0.47305389221556887,False,False,81.16000366210938,762.6300048828125
0075ec08ead05e9591811add,CLEAN_SHEET_R4_2026_V1,2026,2026-10-02T01:42:16.119823+00:00,2026-09-30,IEUR,126,6M,3,-0.02216612707604129,0.281437125748503,False,False,0.5079840319361278,0.4550898203592814,False,False,0.16548342127979515,0.03592814371257485,False,False,73.69999694824219,762.6300048828125
e93d4176c495c09e8c4764a3,CLEAN_SHEET_R4_2026_V1,2026,2026-10-02T01:42:16.119823+00:00,2026-09-30,IGV,126,6M,3,-0.011945261319448971,0.9401197604790419,True,True,0.8592814371257486,0.9341317365269461,True,True,0.17846633365990303,0.5149700598802395,False,False,106.4800033569336,762.6300048828125
6df91aceba5d30da9280d25f,CLEAN_SHEET_R4_2026_V1,2026,2026-10-02T01:42:16.119823+00:00,2026-09-30,IHF,126,6M,3,-0.012241606269373744,0.9221556886227545,True,True,0.8493013972055888,0.9221556886227545,True,True,0.17770369637098876,0.49101796407185627,False,False,54.88999938964844,762.6300048828125
8397f9a016f752f6db05426d,CLEAN_SHEET_R4_2026_V1,2026,2026-10-02T01:42:16.119823+00:00,2026-09-30,IHI,126,6M,3,-0.020430239185451383,0.4251497005988024,False,False,0.2714570858283433,0.31137724550898205,False,False,0.2860123624633305,0.9820359281437125,True,True,51.150001525878906,762.6300048828125
07241989d48dc4c398d4c905,CLEAN_SHEET_R4_2026_V1,2026,2026-10-02T01:42:16.119823+00:00,2026-09-30,IJR,126,6M,3,-0.018658935695725336,0.5449101796407185,False,False,0.6277445109780441,0.592814371257485,False,False,0.17123519783862384,0.20359281437125748,False,False,136.0399932861328,762.6300048828125
63eb1f4da6632326c54b8b23,CLEAN_SHEET_R4_2026_V1,2026,2026-10-02T01:42:16.119823+00:00,2026-09-30,ILF,126,6M,3,-0.023575380037536037,0.16766467065868262,False,False,0.4361277445109781,0.41916167664670656,False,False,0.20781033561929077,0.6526946107784432,False,False,34.5,762.6300048828125
1c6ed60672f60220735c49b2,CLEAN_SHEET_R4_2026_V1,2026,2026-10-02T01:42:16.119823+00:00,2026-09-30,IMTM,126,6M,3,-0.01864318855519621,0.5508982035928144,False,False,0.6317365269461078,0.5988023952095808,False,False,0.16522700693366876,0.029940119760479042,False,False,52.630001068115234,762.6300048828125
833aa17ba326ad8172ead97f,CLEAN_SHEET_R4_2026_V1,2026,2026-10-02T01:42:16.119823+00:00,2026-09-30,INDA,126,6M,3,-0.024205694429021755,0.12574850299401197,False,False,0.17365269461077845,0.1317365269461078,False,False,0.20627375904346223,0.6407185628742516,False,False,46.68000030517578,762.6300048828125
9704407546f469aa3e2cccd4,CLEAN_SHEET_R4_2026_V1,2026,2026-10-02T01:42:16.119823+00:00,2026-09-30,IOO,126,6M,3,-0.013812500187698726,0.844311377245509,True,False,0.7954091816367265,0.844311377245509,True,False,0.17548313956323758,0.3712574850299401,False,False,144.00999450683594,762.6300048828125
5cd6414666a31a004196b944,CLEAN_SHEET_R4_2026_V1,2026,2026-10-02T01:42:16.119823+00:00,2026-09-30,IQLT,126,6M,3,-0.02038805737649265,0.4311377245508982,False,False,0.5678642714570858,0.5149700598802395,False,False,0.16984591570609717,0.1497005988023952,False,False,49.470001220703125,762.6300048828125
b216247cbf5a63bf324d4701,CLEAN_SHEET_R4_2026_V1,2026,2026-10-02T01:42:16.119823+00:00,2026-09-30,ITA,126,6M,3,-0.025605270281612094,0.05389221556886228,False,False,0.11976047904191617,0.0658682634730539,False,False,0.21623157354603165,0.7425149700598802,False,False,207.17999267578125,762.6300048828125
1fc2318e235bd340ef21f87c,CLEAN_SHEET_R4_2026_V1,2026,2026-10-02T01:42:16.119823+00:00,2026-09-30,ITB,126,6M,3,-0.0240947080881668,0.1317365269461078,False,False,0.16766467065868262,0.11976047904191617,False,False,0.22720501046933703,0.8502994011976048,True,False,87.0199966430664,762.6300048828125
c8e86c5b66f2ad5c7549b1ab,CLEAN_SHEET_R4_2026_V1,2026,2026-10-02T01:42:16.119823+00:00,2026-09-30,ITOT,126,6M,3,-0.014839652224955485,0.7964071856287425,False,False,0.7614770459081837,0.7964071856287425,False,False,0.17171147623160643,0.2155688622754491,False,False,166.27999877929688,762.6300048828125
a0f3f3a7269c44d45971c5b8,CLEAN_SHEET_R4_2026_V1,2026,2026-10-02T01:42:16.119823+00:00,2026-09-30,IWB,126,6M,3,-0.014997879987397818,0.7904191616766467,False,False,0.7554890219560878,0.7904191616766467,False,False,0.17248800574862175,0.25748502994011974,False,False,416.1300048828125,762.6300048828125
804d84bffe75ecdf95a1f688,CLEAN_SHEET_R4_2026_V1,2026,2026-10-02T01:42:16.119823+00:00,2026-09-30,IWD,126,6M,3,-0.015180581759230816,0.7784431137724551,False,False,0.7495009980039921,0.7784431137724551,False,False,0.17173704966126777,0.2215568862275449,False,False,247.92999267578125,762.6300048828125
8d93842051a7432614ffd82d,CLEAN_SHEET_R4_2026_V1,2026,2026-10-02T01:42:16.119823+00:00,2026-09-30,IWF,126,6M,3,-0.014726009046863707,0.8023952095808383,True,False,0.7654690618762476,0.8023952095808383,True,False,0.17170295242589856,0.20958083832335328,False,False,125.26000213623047,762.6300048828125
a53e0a21326ef316e46ff6e2,CLEAN_SHEET_R4_2026_V1,2026,2026-10-02T01:42:16.119823+00:00,2026-09-30,IWM,126,6M,3,-0.016954288024348688,0.6826347305389222,False,False,0.6876247504990021,0.6916167664670658,False,False,0.17110765726975113,0.17964071856287425,False,False,277.8900146484375,762.6300048828125
3e4c44375dd778df15b94934,CLEAN_SHEET_R4_2026_V1,2026,2026-10-02T01:42:16.119823+00:00,2026-09-30,IXC,126,6M,3,-0.01879895336329352,0.5329341317365269,False,False,0.5798403193612774,0.5359281437125748,False,False,0.26111831297339116,0.9461077844311377,True,True,56.970001220703125,762.6300048828125
17903ba7c28ffea63dd50b85,CLEAN_SHEET_R4_2026_V1,2026,2026-10-02T01:42:16.119823+00:00,2026-09-30,IXG,126,6M,3,-0.016840644846256907,0.6946107784431138,False,False,0.6916167664670659,0.7005988023952096,False,False,0.1710991572461241,0.17365269461077845,False,False,127.0,762.6300048828125
a14428ed7370d960b4cab8b6,CLEAN_SHEET_R4_2026_V1,2026,2026-10-02T01:42:16.119823+00:00,2026-09-30,IXJ,126,6M,3,-0.017253289811510277,0.6766467065868264,False,False,0.6676646706586826,0.6706586826347305,False,False,0.18853242936927023,0.5568862275449101,False,False,102.12000274658203,762.6300048828125
2ef782b1e6f152afcadff17e,CLEAN_SHEET_R4_2026_V1,2026,2026-10-02T01:42:16.119823+00:00,2026-09-30,IXN,126,6M,3,-0.01147057803212197,0.9640718562874252,True,True,0.8772455089820359,0.9640718562874252,True,True,0.1760817284525864,0.38922155688622756,False,False,148.22000122070312,762.6300048828125
f543de0e8ac58c572f115de6,CLEAN_SHEET_R4_2026_V1,2026,2026-10-02T01:42:16.119823+00:00,2026-09-30,IXP,126,6M,3,-0.020068248836173287,0.47305389221556887,False,False,0.3073852295409181,0.3413173652694611,False,False,0.23061921388156942,0.8682634730538922,True,False,118.2699966430664,762.6300048828125
721b4b8b901cfc07b3c5f14c,CLEAN_SHEET_R4_2026_V1,2026,2026-10-02T01:42:16.119823+00:00,2026-09-30,IXUS,126,6M,3,-0.017749790270991123,0.6467065868263473,False,False,0.659680638722555,0.6586826347305389,False,False,0.17116716681817673,0.19760479041916168,False,False,94.98999786376953,762.6300048828125
a839a6566ef313e7da30e19c,CLEAN_SHEET_R4_2026_V1,2026,2026-10-02T01:42:16.119823+00:00,2026-09-30,IYG,126,6M,3,-0.016549673749758978,0.7065868263473054,False,False,0.4331337325349301,0.41317365269461076,False,False,0.2255682590362092,0.8323353293413174,True,False,89.91999816894531,762.6300048828125
2dd50fead1d98c800acb9504,CLEAN_SHEET_R4_2026_V1,2026,2026-10-02T01:42:16.119823+00:00,2026-09-30,IYJ,126,6M,3,-0.021616375342301555,0.33532934131736525,False,False,0.26546906187624747,0.2994011976047904,False,False,0.20429993210926353,0.6107784431137725,False,False,153.3699951171875,762.6300048828125
b26a232dd7e1c8642011b26b,CLEAN_SHEET_R4_2026_V1,2026,2026-10-02T01:42:16.119823+00:00,2026-09-30,IYK,126,6M,3,-0.021988799157635134,0.30538922155688625,False,False,0.2455089820359281,0.26646706586826346,False,False,0.21864655361836216,0.7664670658682635,False,False,70.7300033569336,762.6300048828125
ee64abdc4724409db3a35645,CLEAN_SHEET_R4_2026_V1,2026,2026-10-02T01:42:16.119823+00:00,2026-09-30,IYT,126,6M,3,-0.020589223305044795,0.40718562874251496,False,False,0.2994011976047904,0.33532934131736525,False,False,0.20860712592317224,0.6646706586826348,False,False,78.5199966430664,762.6300048828125
3e001fb1e70db255c849a727,CLEAN_SHEET_R4_2026_V1,2026,2026-10-02T01:42:16.119823+00:00,2026-09-30,IYW,126,6M,3,-0.011697864388305525,0.9520958083832335,True,True,0.8692614770459083,0.9520958083832335,True,True,0.17609911872579068,0.40119760479041916,False,False,264.8999938964844,762.6300048828125
144a08eeeb5b95d8a4218aac,CLEAN_SHEET_R4_2026_V1,2026,2026-10-02T01:42:16.119823+00:00,2026-09-30,IYZ,126,6M,3,-0.02332703286634972,0.19161676646706588,False,False,0.468063872255489,0.4281437125748503,False,False,0.16409045598745312,0.017964071856287425,False,False,41.18000030517578,762.6300048828125
0cc07fe347c16438b611a737,CLEAN_SHEET_R4_2026_V1,2026,2026-10-02T01:42:16.119823+00:00,2026-09-30,JXI,126,6M,3,-0.025523121384578573,0.0658682634730539,False,False,0.11576846307385229,0.05389221556886228,False,False,0.2311300429062721,0.874251497005988,True,False,76.88999938964844,762.6300048828125
965cf843c3ebedb7e113af4f,CLEAN_SHEET_R4_2026_V1,2026,2026-10-02T01:42:16.119823+00:00,2026-09-30,KBA,126,6M,3,-0.0220132731670258,0.2934131736526946,False,False,0.2455089820359281,0.26646706586826346,False,False,0.2168206199420464,0.7544910179640718,False,False,30.940000534057617,762.6300048828125
1089ba557f890c7855fe5e7d,CLEAN_SHEET_R4_2026_V1,2026,2026-10-02T01:42:16.119823+00:00,2026-09-30,KBE,126,6M,3,-0.01862845183366316,0.562874251497006,False,False,0.36526946107784425,0.3772455089820359,False,False,0.21470243610333456,0.7245508982035929,False,False,63.220001220703125,762.6300048828125
47ccc0f918c4c312de5aab02,CLEAN_SHEET_R4_2026_V1,2026,2026-10-02T01:42:16.119823+00:00,2026-09-30,KIE,126,6M,3,-0.017519150899372875,0.6646706586826348,False,False,0.3952095808383233,0.39520958083832336,False,False,0.23420889303452153,0.8862275449101796,True,False,58.5,762.6300048828125
7970b78f08c25d4c1b75a5f6,CLEAN_SHEET_R4_2026_V1,2026,2026-10-02T01:42:16.119823+00:00,2026-09-30,KRE,126,6M,3,-0.01824293771503727,0.6047904191616766,False,False,0.37924151696606784,0.38922155688622756,False,False,0.21376481165108044,0.7125748502994012,False,False,69.44000244140625,762.6300048828125
f45f3714341793e0bf5d5e02,CLEAN_SHEET_R4_2026_V1,2026,2026-10-02T01:42:16.119823+00:00,2026-09-30,KSA,126,6M,3,-0.025783608619014325,0.041916167664670656,False,False,0.11177644710578842,0.041916167664670656,False,False,0.21990789347019798,0.7784431137724551,False,False,36.31999969482422,762.6300048828125
e9f1db5b0c68ca6f8b26b50a,CLEAN_SHEET_R4_2026_V1,2026,2026-10-02T01:42:16.119823+00:00,2026-09-30,KWEB,126,6M,3,-0.023812403681577204,0.1497005988023952,False,False,0.16167664670658682,0.10179640718562874,False,False,0.2639097355772779,0.9580838323353293,True,True,24.510000228881836,762.6300048828125
b86ac28199533147a97d9abb,CLEAN_SHEET_R4_2026_V1,2026,2026-10-02T01:42:16.119823+00:00,2026-09-30,KXI,126,6M,3,-0.02493650151635374,0.08982035928143713,False,False,0.1497005988023952,0.08982035928143713,False,False,0.2028436401525388,0.5988023952095808,False,False,65.43000030517578,762.6300048828125
f74259542e5d2b4b77052651,CLEAN_SHEET_R4_2026_V1,2026,2026-10-02T01:42:16.119823+00:00,2026-09-30,MCHI,126,6M,3,-0.02369174023181784,0.16167664670658682,False,False,0.17365269461077845,0.1317365269461078,False,False,0.24556487671791188,0.9161676646706587,True,True,52.189998626708984,762.6300048828125
25503c61f31ca9f90f3381ca,CLEAN_SHEET_R4_2026_V1,2026,2026-10-02T01:42:16.119823+00:00,2026-09-30,MDY,126,6M,3,-0.019285836892823156,0.5269461077844312,False,False,0.34131736526946105,0.3592814371257485,False,False,0.21657646964677832,0.7485029940119761,False,False,656.7100219726562,762.6300048828125
dd877114c2e44dc1cc061dd1,CLEAN_SHEET_R4_2026_V1,2026,2026-10-02T01:42:16.119823+00:00,2026-09-30,MTUM,126,6M,3,-0.012335138872505627,0.9161676646706587,True,True,0.8473053892215568,0.9161676646706587,True,True,0.17537043808940214,0.3473053892215569,False,False,317.3399963378906,762.6300048828125
ad0345c6ef2951ac9871b0ed,CLEAN_SHEET_R4_2026_V1,2026,2026-10-02T01:42:16.119823+00:00,2026-09-30,MXI,126,6M,3,-0.02200890973259503,0.2994011976047904,False,False,0.2435129740518962,0.25449101796407186,False,False,0.22141133301775995,0.7904191616766467,False,False,106.98999786376953,762.6300048828125
d1e0af5b22f2c0443a201cbe,CLEAN_SHEET_R4_2026_V1,2026,2026-10-02T01:42:16.119823+00:00,2026-09-30,OIH,126,6M,3,-0.022611276741348985,0.24550898203592814,False,False,0.2055888223552894,0.18263473053892215,False,False,0.25963904355970274,0.9401197604790419,True,True,378.3699951171875,762.6300048828125
fde3168d906ac75eab175dbe,CLEAN_SHEET_R4_2026_V1,2026,2026-10-02T01:42:16.119823+00:00,2026-09-30,PAVE,126,6M,3,-0.022229175817110994,0.2754491017964072,False,False,0.2435129740518962,0.25449101796407186,False,False,0.20522642701206129,0.6167664670658682,False,False,52.5,762.6300048828125
bce7e3279a6b02e711c0083c,CLEAN_SHEET_R4_2026_V1,2026,2026-10-02T01:42:16.119823+00:00,2026-09-30,PBJ,126,6M,3,-0.02587277778771544,0.03592814371257485,False,False,0.10778443113772455,0.03592814371257485,False,False,0.22176280800356876,0.7964071856287425,False,False,44.779998779296875,762.6300048828125
0084521696d70de3dc0d335f,CLEAN_SHEET_R4_2026_V1,2026,2026-10-02T01:42:16.119823+00:00,2026-09-30,PEJ,126,6M,3,-0.018786679596105492,0.5389221556886228,False,False,0.3592814371257485,0.3652694610778443,False,False,0.2156227718659806,0.7365269461077845,False,False,61.97999954223633,762.6300048828125
9357a88257707d503a3c3d3b,CLEAN_SHEET_R4_2026_V1,2026,2026-10-02T01:42:16.119823+00:00,2026-09-30,QAT,126,6M,3,-0.025961946956416553,0.023952095808383235,False,False,0.10379241516966069,0.023952095808383235,False,False,0.223628883394692,0.8143712574850299,True,False,16.290000915527344,762.6300048828125
1bb55600e925a42d88873177,CLEAN_SHEET_R4_2026_V1,2026,2026-10-02T01:42:16.119823+00:00,2026-09-30,QQQ,126,6M,3,-0.012631483822430402,0.8982035928143712,True,False,0.8373253493013971,0.9011976047904192,True,True,0.17461821846083164,0.31736526946107785,False,False,739.77001953125,762.6300048828125
37bf2cb60be1f67f103abb3a,CLEAN_SHEET_R4_2026_V1,2026,2026-10-02T01:42:16.119823+00:00,2026-09-30,QUAL,126,6M,3,-0.015363283531063813,0.7724550898203593,False,False,0.7435129740518963,0.7724550898203593,False,False,0.17098868743094078,0.15568862275449102,False,False,222.24000549316406,762.6300048828125
2d485a96c3f9893233424141,CLEAN_SHEET_R4_2026_V1,2026,2026-10-02T01:42:16.119823+00:00,2026-09-30,REET,126,6M,3,-0.02186813570787577,0.31736526946107785,False,False,0.25748502994011974,0.281437125748503,False,False,0.20258211050979205,0.5868263473053892,False,False,25.780000686645508,762.6300048828125
54899081fedc0ca13813a70c,CLEAN_SHEET_R4_2026_V1,2026,2026-10-02T01:42:16.119823+00:00,2026-09-30,REM,126,6M,3,-0.026051116125117665,0.017964071856287425,False,False,0.09980039920159679,0.017964071856287425,False,False,0.22550611126864967,0.8263473053892215,True,False,18.209999084472656,762.6300048828125
d5c0efb9d2e36c60e7f1fd82,CLEAN_SHEET_R4_2026_V1,2026,2026-10-02T01:42:16.119823+00:00,2026-09-30,REMX,126,6M,3,-0.02640779279992212,0.005988023952095809,False,False,0.08383233532934131,0.005988023952095809,False,False,0.23312633063836352,0.8802395209580839,True,False,64.26000213623047,762.6300048828125
73bbc405205a1943c81ca51a,CLEAN_SHEET_R4_2026_V1,2026,2026-10-02T01:42:16.119823+00:00,2026-09-30,REZ,126,6M,3,-0.018307632874347723,0.5988023952095808,False,False,0.37524950099800397,0.38323353293413176,False,False,0.21740062895616002,0.7604790419161677,False,False,88.33999633789062,762.6300048828125
670804e44c4b990ef2a117df,CLEAN_SHEET_R4_2026_V1,2026,2026-10-02T01:42:16.119823+00:00,2026-09-30,RSP,126,6M,3,-0.01936090533923589,0.5149700598802395,False,False,0.6017964071856288,0.5808383233532934,False,False,0.17358518941794257,0.281437125748503,False,False,208.02000427246094,762.6300048828125
670027f07620863ec6f9e8cc,CLEAN_SHEET_R4_2026_V1,2026,2026-10-02T01:42:16.119823+00:00,2026-09-30,RWO,126,6M,3,-0.022663637954518208,0.23952095808383234,False,False,0.22954091816367264,0.20958083832335328,False,False,0.20264989032998604,0.592814371257485,False,False,46.400001525878906,762.6300048828125
394d0560a61a59c2f2da8cdf,CLEAN_SHEET_R4_2026_V1,2026,2026-10-02T01:42:16.119823+00:00,2026-09-30,RXI,126,6M,3,-0.02395393406344754,0.1377245508982036,False,False,0.18163672654690619,0.15269461077844312,False,False,0.20801471853592923,0.6586826347305389,False,False,184.8699951171875,762.6300048828125
4e5043ef787aeacf052e5992,CLEAN_SHEET_R4_2026_V1,2026,2026-10-02T01:42:16.119823+00:00,2026-09-30,SCHD,126,6M,3,-0.020334745923280557,0.4431137724550898,False,False,0.565868263473054,0.5059880239520959,False,False,0.17676095003470896,0.4311377245508982,False,False,32.529998779296875,762.6300048828125
503f29e641b28c9e4848af8a,CLEAN_SHEET_R4_2026_V1,2026,2026-10-02T01:42:16.119823+00:00,2026-09-30,SCHY,126,6M,3,-0.023454776766729874,0.17964071856287425,False,False,0.19960079840319364,0.17065868263473055,False,False,0.20708875653061923,0.6467065868263473,False,False,31.399999618530273,762.6300048828125
610a4c967f6ef1c19852d649,CLEAN_SHEET_R4_2026_V1,2026,2026-10-02T01:42:16.119823+00:00,2026-09-30,SCZ,126,6M,3,-0.019819841486033767,0.49101796407185627,False,False,0.5878243512974052,0.5508982035928144,False,False,0.16980366811278164,0.1437125748502994,False,False,84.41999816894531,762.6300048828125
e00d87a3ad67cd74ee11f8bd,CLEAN_SHEET_R4_2026_V1,2026,2026-10-02T01:42:16.119823+00:00,2026-09-30,SKYY,126,6M,3,-0.011174233082197197,0.9820359281437125,True,True,0.8872255489021956,0.9790419161676647,True,True,0.1768389018372285,0.4431137724550898,False,False,163.99000549316406,762.6300048828125
88a5d7c41d841b1d866672c0,CLEAN_SHEET_R4_2026_V1,2026,2026-10-02T01:42:16.119823+00:00,2026-09-30,SLV,126,6M,3,-0.021208287694370748,0.3712574850299401,False,False,0.23552894211576847,0.23652694610778444,False,False,0.3085113239449795,0.9940119760479041,True,True,54.5099983215332,762.6300048828125
d522b971fe382c2327c6e22f,CLEAN_SHEET_R4_2026_V1,2026,2026-10-02T01:42:16.119823+00:00,2026-09-30,SMH,126,6M,3,-0.011198707091587861,0.9760479041916168,True,True,0.8872255489021956,0.9790419161676647,True,True,0.17528378343253703,0.3413173652694611,False,False,609.0,762.6300048828125
5a1e790644de5d50c66f356b,CLEAN_SHEET_R4_2026_V1,2026,2026-10-02T01:42:16.119823+00:00,2026-09-30,SOXX,126,6M,3,-0.01085777755731253,0.9940119760479041,True,True,0.8992015968063872,0.9970059880239521,True,True,0.17525779361129107,0.33532934131736525,False,False,568.6400146484375,762.6300048828125
0ab26e7615f58a3bd4c71bb6,CLEAN_SHEET_R4_2026_V1,2026,2026-10-02T01:42:16.119823+00:00,2026-09-30,SPGM,126,6M,3,-0.01602066859022381,0.7305389221556886,False,False,0.719560878243513,0.7395209580838323,False,False,0.17256500979480646,0.2634730538922156,False,False,86.5,762.6300048828125
fa12b0fae9ea43a78f5fea6a,CLEAN_SHEET_R4_2026_V1,2026,2026-10-02T01:42:16.119823+00:00,2026-09-30,SPY,126,6M,3,-0.01454330727503071,0.8083832335329342,True,False,0.7714570858283434,0.811377245508982,True,False,0.17245379045972864,0.25149700598802394,False,False,762.6300048828125,762.6300048828125
62bdbe90f12d9f48212e2b90,CLEAN_SHEET_R4_2026_V1,2026,2026-10-02T01:42:16.119823+00:00,2026-09-30,THD,126,6M,3,-0.023155714800615082,0.20958083832335328,False,False,0.468063872255489,0.4281437125748503,False,False,0.1746446802918969,0.32335329341317365,False,False,70.51000213623047,762.6300048828125
03eec49a1ba78be901715ff4,CLEAN_SHEET_R4_2026_V1,2026,2026-10-02T01:42:16.119823+00:00,2026-09-30,TUR,126,6M,3,-0.026095700709468223,0.011976047904191617,False,False,0.09780439121756486,0.011976047904191617,False,False,0.22644890438598264,0.8383233532934131,True,False,33.79999923706055,762.6300048828125
6471e701e081bc8159da1361,CLEAN_SHEET_R4_2026_V1,2026,2026-10-02T01:42:16.119823+00:00,2026-09-30,UAE,126,6M,3,-0.016856391986786033,0.688622754491018,False,False,0.6876247504990021,0.6916167664670658,False,False,0.17727553248570097,0.47904191616766467,False,False,20.06999969482422,762.6300048828125
a1c9dc990078b491319f7b5b,CLEAN_SHEET_R4_2026_V1,2026,2026-10-02T01:42:16.119823+00:00,2026-09-30,URA,126,6M,3,-0.022268640609879705,0.2694610778443114,False,False,0.2055888223552894,0.18263473053892215,False,False,0.2895107722340662,0.9880239520958084,True,True,39.849998474121094,762.6300048828125
65e4e10dca2e7cfe82a8d7c4,CLEAN_SHEET_R4_2026_V1,2026,2026-10-02T01:42:16.119823+00:00,2026-09-30,URTH,126,6M,3,-0.01604514259961447,0.7245508982035929,False,False,0.719560878243513,0.7395209580838323,False,False,0.1710396664631339,0.16766467065868262,False,False,206.22999572753906,762.6300048828125
54d27bb1f934e6fcb3c074da,CLEAN_SHEET_R4_2026_V1,2026,2026-10-02T01:42:16.119823+00:00,2026-09-30,USMV,126,6M,3,-0.022685394947718845,0.23353293413173654,False,False,0.48802395209580846,0.4431137724550898,False,False,0.16850759626163525,0.09580838323353294,False,False,97.44000244140625,762.6300048828125
fd9e64f3ee98af4ad915b158,CLEAN_SHEET_R4_2026_V1,2026,2026-10-02T01:42:16.119823+00:00,2026-09-30,VEA,126,6M,3,-0.018070609230306556,0.6227544910179641,False,False,0.6497005988023953,0.6377245508982036,False,False,0.16891893136057703,0.10778443113772455,False,False,70.61000061035156,762.6300048828125
2c39bdd834dca11ba084cfab,CLEAN_SHEET_R4_2026_V1,2026,2026-10-02T01:42:16.119823+00:00,2026-09-30,VEU,126,6M,3,-0.01752250391480757,0.6586826347305389,False,False,0.6676646706586826,0.6706586826347305,False,False,0.17115016241446748,0.19161676646706588,False,False,82.97000122070312,762.6300048828125
442aa5388dcc780d27f309ab,CLEAN_SHEET_R4_2026_V1,2026,2026-10-02T01:42:16.119823+00:00,2026-09-30,VGK,126,6M,3,-0.022279770254133066,0.2634730538922156,False,False,0.5039920159680639,0.4491017964071856,False,False,0.16549169801931327,0.041916167664670656,False,False,86.80000305175781,762.6300048828125
3721af998ea1e820de7f1898,CLEAN_SHEET_R4_2026_V1,2026,2026-10-02T01:42:16.119823+00:00,2026-09-30,VNM,126,6M,3,-0.02271789964777317,0.2275449101796407,False,False,0.20958083832335328,0.19161676646706588,False,False,0.24151561138178787,0.9041916167664671,True,True,16.950000762939453,762.6300048828125
2cafb0a201f359dd055d1f02,CLEAN_SHEET_R4_2026_V1,2026,2026-10-02T01:42:16.119823+00:00,2026-09-30,VNQ,126,6M,3,-0.022501046757645103,0.25149700598802394,False,False,0.23353293413173656,0.2275449101796407,False,False,0.20612661170562888,0.6287425149700598,False,False,89.62999725341797,762.6300048828125
3c145f1a4c6f2f60eee1f2c8,CLEAN_SHEET_R4_2026_V1,2026,2026-10-02T01:42:16.119823+00:00,2026-09-30,VPL,126,6M,3,-0.014177903731364717,0.8263473053892215,True,False,0.7834331337325349,0.8263473053892215,True,False,0.17396325974258095,0.2934131736526946,False,False,115.80999755859375,762.6300048828125
93fa5ea57ede29f0122b775c,CLEAN_SHEET_R4_2026_V1,2026,2026-10-02T01:42:16.119823+00:00,2026-09-30,VSS,126,6M,3,-0.021366261394968084,0.3592814371257485,False,False,0.5339321357285429,0.47904191616766467,False,False,0.16916306672974943,0.11976047904191617,False,False,155.25,762.6300048828125
221ea771ba15c4af9ad16b49,CLEAN_SHEET_R4_2026_V1,2026,2026-10-02T01:42:16.119823+00:00,2026-09-30,VT,126,6M,3,-0.016247954946407364,0.718562874251497,False,False,0.7115768463073854,0.718562874251497,False,False,0.17258212549946478,0.2694610778443114,False,False,157.85000610351562,762.6300048828125
f0c641b5570cb5c1e123c081,CLEAN_SHEET_R4_2026_V1,2026,2026-10-02T01:42:16.119823+00:00,2026-09-30,VWO,126,6M,3,-0.01817116210510603,0.6167664670658682,False,False,0.6397205588822356,0.6227544910179641,False,False,0.18053065930288678,0.5329341317365269,False,False,59.310001373291016,762.6300048828125
105d6213733b0bed9423ca2f,CLEAN_SHEET_R4_2026_V1,2026,2026-10-02T01:42:16.119823+00:00,2026-09-30,VXUS,126,6M,3,-0.017908018033433455,0.6347305389221557,False,False,0.6536926147704591,0.6526946107784432,False,False,0.17194174578915378,0.23952095808383234,False,False,84.95999908447266,762.6300048828125
3ea3e137b1598f0cd5d5efcf,CLEAN_SHEET_R4_2026_V1,2026,2026-10-02T01:42:16.119823+00:00,2026-09-30,VYMI,126,6M,3,-0.019320684189316102,0.5209580838323353,False,False,0.6057884231536926,0.5868263473053892,False,False,0.16901150136987875,0.11377245508982035,False,False,101.12999725341797,762.6300048828125
33756490f0feccc9094a9591,CLEAN_SHEET_R4_2026_V1,2026,2026-10-02T01:42:16.119823+00:00,2026-09-30,XAR,126,6M,3,-0.025917362372065995,0.029940119760479042,False,False,0.10578842315369262,0.029940119760479042,False,False,0.2226944510826087,0.8023952095808383,True,False,231.25,762.6300048828125
6788190f5d216802e1c660f8,CLEAN_SHEET_R4_2026_V1,2026,2026-10-02T01:42:16.119823+00:00,2026-09-30,XBI,126,6M,3,-0.01283429616922329,0.8922155688622755,True,False,0.8293413173652695,0.8922155688622755,True,False,0.17618609034818275,0.41916167664670656,False,False,157.67999267578125,762.6300048828125
9b79e60a2b21b073b096613c,CLEAN_SHEET_R4_2026_V1,2026,2026-10-02T01:42:16.119823+00:00,2026-09-30,XHB,126,6M,3,-0.023802726572672794,0.15568862275449102,False,False,0.17964071856287425,0.1437125748502994,False,False,0.22343124319428825,0.8083832335329342,True,False,96.02999877929688,762.6300048828125
79b04d484df7f554b4c9978a,CLEAN_SHEET_R4_2026_V1,2026,2026-10-02T01:42:16.119823+00:00,2026-09-30,XLB,126,6M,3,-0.024379669331993214,0.11377245508982035,False,False,0.16367265469061876,0.10778443113772455,False,False,0.2143092462190718,0.718562874251497,False,False,48.70000076293945,762.6300048828125
6cd005ad076395ffd23fa8c8,CLEAN_SHEET_R4_2026_V1,2026,2026-10-02T01:42:16.119823+00:00,2026-09-30,XLC,126,6M,3,-0.021220427757620182,0.3652694610778443,False,False,0.2634730538922156,0.2934131736526946,False,False,0.23843520919437478,0.8922155688622755,True,False,110.97000122070312,762.6300048828125
14bb32a0b3ae3d06e280ad88,CLEAN_SHEET_R4_2026_V1,2026,2026-10-02T01:42:16.119823+00:00,2026-09-30,XLE,126,6M,3,-0.018462387263448957,0.5868263473053892,False,False,0.5938123752495009,0.562874251497006,False,False,0.25594074732575983,0.9281437125748503,True,True,61.5,762.6300048828125
44a43a1b84abc7a3ebda76fb,CLEAN_SHEET_R4_2026_V1,2026,2026-10-02T01:42:16.119823+00:00,2026-09-30,XLF,126,6M,3,-0.019563717686028784,0.49700598802395207,False,False,0.593812375249501,0.5688622754491018,False,False,0.17514575412704145,0.32934131736526945,False,False,53.400001525878906,762.6300048828125
cbb0179061c6d503bfa8f2d3,CLEAN_SHEET_R4_2026_V1,2026,2026-10-02T01:42:16.119823+00:00,2026-09-30,XLI,126,6M,3,-0.022164480657800543,0.2874251497005988,False,False,0.24750499001996007,0.2754491017964072,False,False,0.2017417262370365,0.5808383233532934,False,False,166.97999572753906,762.6300048828125
8c015209c2a66e8b54f98486,CLEAN_SHEET_R4_2026_V1,2026,2026-10-02T01:42:16.119823+00:00,2026-09-30,XLK,126,6M,3,-0.011584221210213748,0.9580838323353293,True,True,0.873253493013972,0.9580838323353293,True,True,0.17609042342039286,0.39520958083832336,False,False,195.75,762.6300048828125
5469f0f305b98b9992a31b13,CLEAN_SHEET_R4_2026_V1,2026,2026-10-02T01:42:16.119823+00:00,2026-09-30,XLP,126,6M,3,-0.023904986044666215,0.1437125748502994,False,False,0.18163672654690619,0.15269461077844312,False,False,0.21156905656930183,0.7065868263473054,False,False,80.5999984741211,762.6300048828125
2e9e7cef097879a0b63d20ea,CLEAN_SHEET_R4_2026_V1,2026,2026-10-02T01:42:16.119823+00:00,2026-09-30,XLRE,126,6M,3,-0.023138321241845207,0.2155688622754491,False,False,0.21157684630738519,0.19760479041916168,False,False,0.2053046418564005,0.6227544910179641,False,False,40.90999984741211,762.6300048828125
dff0cb77874440338405b13c,CLEAN_SHEET_R4_2026_V1,2026,2026-10-02T01:42:16.119823+00:00,2026-09-30,XLU,126,6M,3,-0.0253561667532747,0.0718562874251497,False,False,0.11776447105788423,0.059880239520958084,False,False,0.23980845053935318,0.8982035928143712,True,False,39.439998626708984,762.6300048828125
f66ef5df76463fac22bcc367,CLEAN_SHEET_R4_2026_V1,2026,2026-10-02T01:42:16.119823+00:00,2026-09-30,XLV,126,6M,3,-0.01427845660616419,0.8203592814371258,True,False,0.7734530938123753,0.8203592814371258,True,False,0.18584420169796323,0.5449101796407185,False,False,168.4199981689453,762.6300048828125
216b0f42a6bd5bedb09b845b,CLEAN_SHEET_R4_2026_V1,2026,2026-10-02T01:42:16.119823+00:00,2026-09-30,XLY,126,6M,3,-0.023519471926040328,0.17365269461077845,False,False,0.19560878243512972,0.16167664670658682,False,False,0.21064144545190985,0.6946107784431138,False,False,108.83999633789062,762.6300048828125
96eabcfcdce23ed1148bcea7,CLEAN_SHEET_R4_2026_V1,2026,2026-10-02T01:42:16.119823+00:00,2026-09-30,XME,126,6M,3,-0.021579761269661456,0.3413173652694611,False,False,0.23752495009980037,0.24550898203592814,False,False,0.26998012107222785,0.9700598802395209,True,True,103.55999755859375,762.6300048828125
ca3d0c39203b1dd73ca87b7c,CLEAN_SHEET_R4_2026_V1,2026,2026-10-02T01:42:16.119823+00:00,2026-09-30,XOP,126,6M,3,-0.01863199873198965,0.5568862275449101,False,False,0.5818363273453094,0.5449101796407185,False,False,0.2705265324379606,0.9760479041916168,True,True,179.3300018310547,762.6300048828125
e35bd64c2279a8453acfc4de,CLEAN_SHEET_R4_2026_V1,2026,2026-10-02T01:42:16.119823+00:00,2026-09-30,XPH,126,6M,3,-0.013585213831515171,0.8502994011976048,True,False,0.8033932135728543,0.8532934131736527,True,False,0.1754657971648121,0.3652694610778443,False,False,65.0,762.6300048828125
cfba4c06a8b239155f3485fb,CLEAN_SHEET_R4_2026_V1,2026,2026-10-02T01:42:16.119823+00:00,2026-09-30,XRT,126,6M,3,-0.021509752435877365,0.3532934131736527,False,False,0.26147704590818366,0.2874251497005988,False,False,0.2204423356049756,0.7844311377245509,False,False,82.1500015258789,762.6300048828125
1fc098c2d0ed2813f92b38da,CLEAN_SHEET_R4_2026_V1,2026,2026-10-02T01:42:16.119823+00:00,2026-09-30,AAXJ,189,9M,5,-0.017868166450885077,0.8682634730538922,True,False,0.5281437125748503,0.8323353293413174,True,False,0.21572548175582473,0.7065868263473054,False,False,116.44000244140625,762.6300048828125
5c121d5c8a826541134fd86a,CLEAN_SHEET_R4_2026_V1,2026,2026-10-02T01:42:16.119823+00:00,2026-09-30,ACWI,189,9M,5,-0.029324496766137246,0.5389221556886228,False,False,0.3700598802395209,0.6107784431137725,False,False,0.14562685917499738,0.05389221556886228,False,False,158.77000427246094,762.6300048828125
83c33f5aa1a1d0f15a07d480,CLEAN_SHEET_R4_2026_V1,2026,2026-10-02T01:42:16.119823+00:00,2026-09-30,ACWX,189,9M,5,-0.024514173010060723,0.6766467065868264,False,False,0.4167664670658683,0.6616766467065869,False,False,0.16379125420195478,0.20359281437125748,False,False,75.62000274658203,762.6300048828125
26f0f57828c0603432fde9d2,CLEAN_SHEET_R4_2026_V1,2026,2026-10-02T01:42:16.119823+00:00,2026-09-30,AFK,189,9M,5,-0.024703920189417052,0.6706586826347305,False,False,0.5508982035928144,0.8562874251497006,True,False,0.2218629554355689,0.7485029940119761,False,False,27.530000686645508,762.6300048828125
d8d5fe5508e54b380ff82f5d,CLEAN_SHEET_R4_2026_V1,2026,2026-10-02T01:42:16.119823+00:00,2026-09-30,ARGT,189,9M,5,-0.038015445724249426,0.2155688622754491,False,False,0.13293413173652696,0.2634730538922156,False,False,0.23530518986872867,0.8682634730538922,True,False,86.18000030517578,762.6300048828125
fcefea4bcf6e67511e8c8ae3,CLEAN_SHEET_R4_2026_V1,2026,2026-10-02T01:42:16.119823+00:00,2026-09-30,ASEA,189,9M,5,-0.021713475507086653,0.7664670658682635,False,False,0.5616766467065868,0.874251497005988,True,False,0.18689601760010557,0.47305389221556887,False,False,20.959999084472656,762.6300048828125
212d2044ff0150a3ba5e5f5f,CLEAN_SHEET_R4_2026_V1,2026,2026-10-02T01:42:16.119823+00:00,2026-09-30,CARZ,189,9M,5,-0.01448134769364099,0.9520958083832335,True,True,0.4814371257485031,0.8023952095808383,True,False,0.27040453088011823,0.9820359281437125,True,True,107.69000244140625,762.6300048828125
394ac7cf434ae0bbdbd7f058,CLEAN_SHEET_R4_2026_V1,2026,2026-10-02T01:42:16.119823+00:00,2026-09-30,CIBR,189,9M,5,-0.01892131486662573,0.8323353293413174,True,False,0.6347305389221558,0.9341317365269461,True,True,0.1639890945317666,0.2155688622754491,False,False,103.08999633789062,762.6300048828125
6ef1e080ba0a86c2e6cf3ec9,CLEAN_SHEET_R4_2026_V1,2026,2026-10-02T01:42:16.119823+00:00,2026-09-30,CORO,189,9M,5,-0.025130346378996898,0.6586826347305389,False,False,0.47305389221556887,0.7964071856287425,False,False,0.15779999544850545,0.1317365269461078,False,False,36.349998474121094,762.6300048828125
1edddc3b0eb2cb388dc87556,CLEAN_SHEET_R4_2026_V1,2026,2026-10-02T01:42:16.119823+00:00,2026-09-30,CPER,189,9M,5,-0.021647523605089113,0.7784431137724551,False,False,0.5616766467065869,0.8802395209580839,True,False,0.17209555083547007,0.32335329341317365,False,False,39.779998779296875,762.6300048828125
be94f4123b046f25d7cc4f6b,CLEAN_SHEET_R4_2026_V1,2026,2026-10-02T01:42:16.119823+00:00,2026-09-30,CQQQ,189,9M,5,-0.04470931158274327,0.029940119760479042,False,False,-0.08982035928143713,0.011976047904191617,False,False,0.23523625363528855,0.8622754491017964,True,False,44.900001525878906,762.6300048828125
ed3f35783a517f16d0576582,CLEAN_SHEET_R4_2026_V1,2026,2026-10-02T01:42:16.119823+00:00,2026-09-30,DBEF,189,9M,5,-0.032110951037690315,0.40718562874251496,False,False,0.26946107784431134,0.41916167664670656,False,False,0.14570151694374958,0.0658682634730539,False,False,54.95000076293945,762.6300048828125
8606728fc7e96957db959c41,CLEAN_SHEET_R4_2026_V1,2026,2026-10-02T01:42:16.119823+00:00,2026-09-30,DEM,189,9M,5,-0.021650372050836062,0.7724550898203593,False,False,0.6203592814371257,0.9221556886227545,True,True,0.151049946057235,0.09580838323353294,False,False,55.310001373291016,762.6300048828125
742699be4f998608c4400eaf,CLEAN_SHEET_R4_2026_V1,2026,2026-10-02T01:42:16.119823+00:00,2026-09-30,DGS,189,9M,5,-0.03133574905125229,0.4550898203592814,False,False,0.45508982035928147,0.7664670658682635,False,False,0.17626548343528836,0.3652694610778443,False,False,63.18000030517578,762.6300048828125
d41dd6f9b59d191aeb29ecb4,CLEAN_SHEET_R4_2026_V1,2026,2026-10-02T01:42:16.119823+00:00,2026-09-30,DIA,189,9M,5,-0.016289464616311818,0.9101796407185628,True,True,0.3137724550898203,0.49101796407185627,False,False,0.16106122085866698,0.1497005988023952,False,False,508.54998779296875,762.6300048828125
7ebb5bfcfd4f3764f32ea186,CLEAN_SHEET_R4_2026_V1,2026,2026-10-02T01:42:16.119823+00:00,2026-09-30,DXJ,189,9M,5,-0.026259775337140183,0.6107784431137725,False,False,0.5089820359281438,0.8263473053892215,True,False,0.14508609703611178,0.04790419161676647,False,False,180.5500030517578,762.6300048828125
35332eb6f0ddcd803f7525e9,CLEAN_SHEET_R4_2026_V1,2026,2026-10-02T01:42:16.119823+00:00,2026-09-30,ECH,189,9M,5,-0.03842850323101909,0.20359281437125748,False,False,0.043113772455089815,0.15568862275449102,False,False,0.21089474648546844,0.6586826347305389,False,False,37.810001373291016,762.6300048828125
1b32e4fe807a27183c88e067,CLEAN_SHEET_R4_2026_V1,2026,2026-10-02T01:42:16.119823+00:00,2026-09-30,EDEN,189,9M,5,-0.02904261668084118,0.5508982035928144,False,False,0.18203592814371256,0.30538922155688625,False,False,0.18096835410082798,0.4251497005988024,False,False,109.26000213623047,762.6300048828125
3c564180dd18e5a4aa91e5e1,CLEAN_SHEET_R4_2026_V1,2026,2026-10-02T01:42:16.119823+00:00,2026-09-30,EEM,189,9M,5,-0.02308538772997301,0.7365269461077845,False,False,0.4311377245508982,0.6946107784431138,False,False,0.21955240467323717,0.7365269461077845,False,False,66.79000091552734,762.6300048828125
b290e3438c0e9e4c557417cd,CLEAN_SHEET_R4_2026_V1,2026,2026-10-02T01:42:16.119823+00:00,2026-09-30,EEMO,189,9M,5,-0.018909672646026464,0.8383233532934131,True,False,0.46227544910179635,0.7784431137724551,False,False,0.2703962181901118,0.9760479041916168,True,True,22.360000610351562,762.6300048828125
f2c1c31f47ae46537873d978,CLEAN_SHEET_R4_2026_V1,2026,2026-10-02T01:42:16.119823+00:00,2026-09-30,EEMV,189,9M,5,-0.029567981749939763,0.5149700598802395,False,False,0.40598802395209577,0.6467065868263473,False,False,0.17158648315481445,0.31736526946107785,False,False,74.05000305175781,762.6300048828125
48f6bc65a188a206fa6e54ca,CLEAN_SHEET_R4_2026_V1,2026,2026-10-02T01:42:16.119823+00:00,2026-09-30,EFA,189,9M,5,-0.036279803631279244,0.281437125748503,False,False,0.20598802395209584,0.33532934131736525,False,False,0.16210263903444636,0.16167664670658682,False,False,103.88999938964844,762.6300048828125
ccd39973f38f163f237f67fc,CLEAN_SHEET_R4_2026_V1,2026,2026-10-02T01:42:16.119823+00:00,2026-09-30,EFAV,189,9M,5,-0.04285392181696773,0.0718562874251497,False,False,0.2179640718562874,0.3532934131736527,False,False,0.163314190169252,0.19760479041916168,False,False,91.12000274658203,762.6300048828125
1eb166fdc81c449ebeac1bf4,CLEAN_SHEET_R4_2026_V1,2026,2026-10-02T01:42:16.119823+00:00,2026-09-30,EFG,189,9M,5,-0.03176167534242052,0.4251497005988024,False,False,0.22275449101796405,0.3652694610778443,False,False,0.18976498469645045,0.49700598802395207,False,False,119.83000183105469,762.6300048828125
ed196cf7dd89fadac35dff9f,CLEAN_SHEET_R4_2026_V1,2026,2026-10-02T01:42:16.119823+00:00,2026-09-30,EFNL,189,9M,5,-0.03139300738990421,0.4491017964071856,False,False,0.39401197604790417,0.6347305389221557,False,False,0.20731901369730144,0.6107784431137725,False,False,53.33000183105469,762.6300048828125
06dbce33a4cdee3646d8e120,CLEAN_SHEET_R4_2026_V1,2026,2026-10-02T01:42:16.119823+00:00,2026-09-30,EFV,189,9M,5,-0.03141818356582184,0.4431137724550898,False,False,0.3413173652694611,0.5479041916167665,False,False,0.15742698630485924,0.12574850299401197,False,False,79.13999938964844,762.6300048828125
f20b606ca59261bcd87fbbc4,CLEAN_SHEET_R4_2026_V1,2026,2026-10-02T01:42:16.119823+00:00,2026-09-30,EIDO,189,9M,5,-0.014746287429887376,0.9461077844311377,True,True,0.42874251497005994,0.6856287425149701,False,False,0.24962363739302496,0.9401197604790419,True,True,11.729999542236328,762.6300048828125
017cc7473b7b20325094696b,CLEAN_SHEET_R4_2026_V1,2026,2026-10-02T01:42:16.119823+00:00,2026-09-30,EIRL,189,9M,5,-0.017440454281225114,0.874251497005988,True,False,0.5640718562874252,0.8862275449101796,True,False,0.16097179540602188,0.1437125748502994,False,False,81.9800033569336,762.6300048828125
7b6061f3a3d687f98cc8fb4f,CLEAN_SHEET_R4_2026_V1,2026,2026-10-02T01:42:16.119823+00:00,2026-09-30,EIS,189,9M,5,-0.039870070414661445,0.16167664670658682,False,False,0.27664670658682633,0.4311377245508982,False,False,0.22540980955751527,0.7904191616766467,False,False,121.31999969482422,762.6300048828125
4ea53bc2f9a0a0b11d97aa78,CLEAN_SHEET_R4_2026_V1,2026,2026-10-02T01:42:16.119823+00:00,2026-09-30,EMXC,189,9M,5,-0.023292576234453556,0.7125748502994012,False,False,0.4730538922155688,0.7904191616766467,False,False,0.21008667338565737,0.6526946107784432,False,False,99.08000183105469,762.6300048828125
a9f174b389b47a890e00753c,CLEAN_SHEET_R4_2026_V1,2026,2026-10-02T01:42:16.119823+00:00,2026-09-30,ENOR,189,9M,5,-0.024481997869106965,0.6826347305389222,False,False,0.5317365269461078,0.8383233532934131,True,False,0.2089953795777093,0.6287425149700598,False,False,35.0099983215332,762.6300048828125
5da9afe6561d0da63970015e,CLEAN_SHEET_R4_2026_V1,2026,2026-10-02T01:42:16.119823+00:00,2026-09-30,ENZL,189,9M,5,-0.027208247574523833,0.5868263473053892,False,False,0.27305389221556886,0.4251497005988024,False,False,0.20400759082119863,0.5808383233532934,False,False,45.08000183105469,762.6300048828125
db03bc6729b4fb55e8fc8c50,CLEAN_SHEET_R4_2026_V1,2026,2026-10-02T01:42:16.119823+00:00,2026-09-30,EPHE,189,9M,5,-0.037555128435176034,0.23952095808383234,False,False,0.045508982035928146,0.16167664670658682,False,False,0.23440606111393048,0.8502994011976048,True,False,22.739999771118164,762.6300048828125
5fc720792c00c668c1ccd8e5,CLEAN_SHEET_R4_2026_V1,2026,2026-10-02T01:42:16.119823+00:00,2026-09-30,EPOL,189,9M,5,-0.01679630880714246,0.8982035928143712,True,False,0.6790419161676646,0.9700598802395209,True,True,0.17253804075784052,0.33532934131736525,False,False,44.31999969482422,762.6300048828125
79fce7522fbe33169ac8f40f,CLEAN_SHEET_R4_2026_V1,2026,2026-10-02T01:42:16.119823+00:00,2026-09-30,EPP,189,9M,5,-0.03994674020548298,0.15568862275449102,False,False,0.24191616766467067,0.38922155688622756,False,False,0.18363370392225822,0.4431137724550898,False,False,55.029998779296875,762.6300048828125
867bf5db5441f9565e48dec0,CLEAN_SHEET_R4_2026_V1,2026,2026-10-02T01:42:16.119823+00:00,2026-09-30,EPU,189,9M,5,-0.01959255124564499,0.8023952095808383,True,False,0.5604790419161677,0.8682634730538922,True,False,0.20284017829579207,0.5748502994011976,False,False,88.7300033569336,762.6300048828125
521ecba7fe37cd1291ccb2b9,CLEAN_SHEET_R4_2026_V1,2026,2026-10-02T01:42:16.119823+00:00,2026-09-30,EWA,189,9M,5,-0.04019551640235812,0.1437125748502994,False,False,0.17964071856287425,0.2934131736526946,False,False,0.19425703762426846,0.5209580838323353,False,False,28.309999465942383,762.6300048828125
794940d48d203b83938d6630,CLEAN_SHEET_R4_2026_V1,2026,2026-10-02T01:42:16.119823+00:00,2026-09-30,EWC,189,9M,5,-0.03168861956253337,0.437125748502994,False,False,0.28502994011976046,0.4431137724550898,False,False,0.17993087996722285,0.41317365269461076,False,False,58.380001068115234,762.6300048828125
08056ce3737eee399493a384,CLEAN_SHEET_R4_2026_V1,2026,2026-10-02T01:42:16.119823+00:00,2026-09-30,EWD,189,9M,5,-0.034687678819072774,0.32335329341317365,False,False,0.26706586826347306,0.41317365269461076,False,False,0.18945512805101425,0.49101796407185627,False,False,49.9900016784668,762.6300048828125
d928130b7e88f9c297e3367c,CLEAN_SHEET_R4_2026_V1,2026,2026-10-02T01:42:16.119823+00:00,2026-09-30,EWG,189,9M,5,-0.03270678309835834,0.3772455089820359,False,False,0.3149700598802395,0.49700598802395207,False,False,0.19166263161763078,0.5089820359281437,False,False,41.310001373291016,762.6300048828125
b8033ae14ed1a8455e6da9a3,CLEAN_SHEET_R4_2026_V1,2026,2026-10-02T01:42:16.119823+00:00,2026-09-30,EWH,189,9M,5,-0.0384278062811123,0.20958083832335328,False,False,0.3365269461077844,0.5389221556886228,False,False,0.21406704497693044,0.6946107784431138,False,False,22.110000610351562,762.6300048828125
425bf1b0635abd71d350ff11,CLEAN_SHEET_R4_2026_V1,2026,2026-10-02T01:42:16.119823+00:00,2026-09-30,EWI,189,9M,5,-0.01718753750231395,0.8802395209580839,True,False,0.28502994011976046,0.4431137724550898,False,False,0.16910148724015567,0.2754491017964072,False,False,58.720001220703125,762.6300048828125
5fc3cb32362a6b6c0f8359d5,CLEAN_SHEET_R4_2026_V1,2026,2026-10-02T01:42:16.119823+00:00,2026-09-30,EWJ,189,9M,5,-0.03175411778127278,0.4311377245508982,False,False,0.4706586826347306,0.7844311377245509,False,False,0.1462134247120543,0.0718562874251497,False,False,97.45999908447266,762.6300048828125
61e2ec1ea71cddd5bdad3116,CLEAN_SHEET_R4_2026_V1,2026,2026-10-02T01:42:16.119823+00:00,2026-09-30,EWL,189,9M,5,-0.03790378095366154,0.2215568862275449,False,False,0.04191616766467067,0.1497005988023952,False,False,0.2003892515460288,0.562874251497006,False,False,59.150001525878906,762.6300048828125
18b0387224027cadacb1a81a,CLEAN_SHEET_R4_2026_V1,2026,2026-10-02T01:42:16.119823+00:00,2026-09-30,EWM,189,9M,5,-0.040269651244753374,0.1377245508982036,False,False,0.16886227544910182,0.2844311377245509,False,False,0.21333891830015464,0.688622754491018,False,False,27.3799991607666,762.6300048828125
b055c6254389c196cf537f12,CLEAN_SHEET_R4_2026_V1,2026,2026-10-02T01:42:16.119823+00:00,2026-09-30,EWN,189,9M,5,-0.018549317666959525,0.8562874251497006,True,False,0.4383233532934131,0.718562874251497,False,False,0.20123994880793916,0.5688622754491018,False,False,67.75,762.6300048828125
6367be455814c0ae007acabf,CLEAN_SHEET_R4_2026_V1,2026,2026-10-02T01:42:16.119823+00:00,2026-09-30,EWO,189,9M,5,-0.019403966328320324,0.8083832335329342,True,False,0.43233532934131735,0.7005988023952096,False,False,0.16493281867659573,0.2215568862275449,False,False,42.560001373291016,762.6300048828125
9a31bb03d497878d238252f0,CLEAN_SHEET_R4_2026_V1,2026,2026-10-02T01:42:16.119823+00:00,2026-09-30,EWP,189,9M,5,-0.022847758248844448,0.7425149700598802,False,False,0.3688622754491018,0.6047904191616766,False,False,0.1695975071796143,0.2934131736526946,False,False,59.20000076293945,762.6300048828125
414a4f456c0d0f894cb8488c,CLEAN_SHEET_R4_2026_V1,2026,2026-10-02T01:42:16.119823+00:00,2026-09-30,EWQ,189,9M,5,-0.04264489193697009,0.08383233532934131,False,False,-0.019161676646706583,0.07784431137724551,False,False,0.22356397394389507,0.7664670658682635,False,False,42.599998474121094,762.6300048828125
f7bf88a60718710ec8d71098,CLEAN_SHEET_R4_2026_V1,2026,2026-10-02T01:42:16.119823+00:00,2026-09-30,EWS,189,9M,5,-0.015827550665663014,0.9221556886227545,True,True,0.6730538922155688,0.9580838323353293,True,True,0.1762668659879958,0.3712574850299401,False,False,33.2599983215332,762.6300048828125
ec8f77d5d4bc303dfeef980c,CLEAN_SHEET_R4_2026_V1,2026,2026-10-02T01:42:16.119823+00:00,2026-09-30,EWT,189,9M,5,-0.01588741386243247,0.9161676646706587,True,True,0.7005988023952096,0.9880239520958084,True,True,0.17429317311080447,0.3532934131736527,False,False,112.9000015258789,762.6300048828125
a0495b0afd8443aaaf21c978,CLEAN_SHEET_R4_2026_V1,2026,2026-10-02T01:42:16.119823+00:00,2026-09-30,EWU,189,9M,5,-0.03774831493599451,0.2275449101796407,False,False,0.2179640718562874,0.3532934131736527,False,False,0.17843889773881877,0.40119760479041916,False,False,46.529998779296875,762.6300048828125
333e4c9ab1fe46a559019b0e,CLEAN_SHEET_R4_2026_V1,2026,2026-10-02T01:42:16.119823+00:00,2026-09-30,EWW,189,9M,5,-0.04383231538882644,0.04790419161676647,False,False,-0.037125748502994015,0.0658682634730539,False,False,0.22210235079854035,0.7604790419161677,False,False,71.08999633789062,762.6300048828125
a65b1a0bb4f2928a72434c73,CLEAN_SHEET_R4_2026_V1,2026,2026-10-02T01:42:16.119823+00:00,2026-09-30,EWY,189,9M,5,-0.019702551103770616,0.7964071856287425,False,False,0.4479041916167665,0.7425149700598802,False,False,0.27841086782949437,0.9880239520958084,True,True,182.77999877929688,762.6300048828125
8ed0c9117935700c939d655e,CLEAN_SHEET_R4_2026_V1,2026,2026-10-02T01:42:16.119823+00:00,2026-09-30,EWZ,189,9M,5,-0.02876594808755809,0.5568862275449101,False,False,0.43712574850299407,0.7125748502994012,False,False,0.2378107466933507,0.8922155688622755,True,False,37.25,762.6300048828125
12ec8373bf2cb91c6a3c35e1,CLEAN_SHEET_R4_2026_V1,2026,2026-10-02T01:42:16.119823+00:00,2026-09-30,EXI,189,9M,5,-0.037526122469652264,0.24550898203592814,False,False,0.05748502994011976,0.19161676646706588,False,False,0.18630023458981565,0.46706586826347307,False,False,189.25999450683594,762.6300048828125
b4b7c28c15d7ee6d39b1e949,CLEAN_SHEET_R4_2026_V1,2026,2026-10-02T01:42:16.119823+00:00,2026-09-30,EZA,189,9M,5,-0.030975923333423038,0.48502994011976047,False,False,0.45149700598802395,0.7604790419161677,False,False,0.23130701571451032,0.8323353293413174,True,False,63.97999954223633,762.6300048828125
1044e9e5e0f62476b8b87c8f,CLEAN_SHEET_R4_2026_V1,2026,2026-10-02T01:42:16.119823+00:00,2026-09-30,EZU,189,9M,5,-0.027947410403066177,0.5688622754491018,False,False,0.1377245508982036,0.2694610778443114,False,False,0.16325374106665994,0.19161676646706588,False,False,67.33000183105469,762.6300048828125
6941628b997d8240db0dc12e,CLEAN_SHEET_R4_2026_V1,2026,2026-10-02T01:42:16.119823+00:00,2026-09-30,FDN,189,9M,5,-0.018033694977195577,0.8622754491017964,True,False,0.6467065868263473,0.9461077844311377,True,True,0.17064257497906143,0.30538922155688625,False,False,288.45001220703125,762.6300048828125
27f050206eabf2cf8bf1d4f9,CLEAN_SHEET_R4_2026_V1,2026,2026-10-02T01:42:16.119823+00:00,2026-09-30,FEZ,189,9M,5,-0.027266671120487966,0.5808383233532934,False,False,0.2251497005988024,0.3712574850299401,False,False,0.17800514132179135,0.39520958083832336,False,False,67.30999755859375,762.6300048828125
dc973ebad6ec24e73bd1636b,CLEAN_SHEET_R4_2026_V1,2026,2026-10-02T01:42:16.119823+00:00,2026-09-30,GLD,189,9M,5,-0.0328432473916735,0.3652694610778443,False,False,0.3880239520958084,0.6287425149700598,False,False,0.22933039809156075,0.8263473053892215,True,False,380.8399963378906,762.6300048828125
e823de859ed0644b23a26225,CLEAN_SHEET_R4_2026_V1,2026,2026-10-02T01:42:16.119823+00:00,2026-09-30,GREK,189,9M,5,-0.019163589492303047,0.8203592814371258,True,False,0.6443113772455089,0.9401197604790419,True,True,0.16278342541142338,0.17964071856287425,False,False,85.69999694824219,762.6300048828125
8dff0f04397d861837d0ad63,CLEAN_SHEET_R4_2026_V1,2026,2026-10-02T01:42:16.119823+00:00,2026-09-30,HEDJ,189,9M,5,-0.026658382345062157,0.5988023952095808,False,False,0.2910179640718563,0.46107784431137727,False,False,0.16948655958425893,0.2874251497005988,False,False,55.459999084472656,762.6300048828125
3e94b1aa54b91ba5f939ef66,CLEAN_SHEET_R4_2026_V1,2026,2026-10-02T01:42:16.119823+00:00,2026-09-30,HEEM,189,9M,5,-0.022325406918655696,0.7544910179640718,False,False,0.4167664670658683,0.6616766467065869,False,False,0.24382270374566475,0.9221556886227545,True,True,42.2400016784668,762.6300048828125
f3ed3b2ad063931361bfdbbe,CLEAN_SHEET_R4_2026_V1,2026,2026-10-02T01:42:16.119823+00:00,2026-09-30,HEFA,189,9M,5,-0.032832965222021754,0.3712574850299401,False,False,0.2455089820359281,0.39520958083832336,False,False,0.1543162989471641,0.10179640718562874,False,False,46.38999938964844,762.6300048828125
8c96b6a43bb96f1cb4b77e98,CLEAN_SHEET_R4_2026_V1,2026,2026-10-02T01:42:16.119823+00:00,2026-09-30,IBB,189,9M,5,-0.022182400223041715,0.7604790419161677,False,False,0.5820359281437126,0.9101796407185628,True,True,0.1675705301792072,0.25748502994011974,False,False,210.52999877929688,762.6300048828125
629d456faac3aa757a4dc0fb,CLEAN_SHEET_R4_2026_V1,2026,2026-10-02T01:42:16.119823+00:00,2026-09-30,IEFA,189,9M,5,-0.03614439725131297,0.2874251497005988,False,False,0.2179640718562874,0.3532934131736527,False,False,0.159299394369512,0.1377245508982036,False,False,96.87999725341797,762.6300048828125
893edb2e6e20b976c6d281c8,CLEAN_SHEET_R4_2026_V1,2026,2026-10-02T01:42:16.119823+00:00,2026-09-30,IEMG,189,9M,5,-0.024229600097009404,0.6946107784431138,False,False,0.4502994011976048,0.7544910179640718,False,False,0.2090584339393982,0.6347305389221557,False,False,81.16000366210938,762.6300048828125
7563a74c8bde28c19df070cb,CLEAN_SHEET_R4_2026_V1,2026,2026-10-02T01:42:16.119823+00:00,2026-09-30,IEUR,189,9M,5,-0.02938912665829709,0.5329341317365269,False,False,0.17964071856287428,0.2994011976047904,False,False,0.16606535124737473,0.23952095808383234,False,False,73.69999694824219,762.6300048828125
bdaa2c560d5939bd2c25daba,CLEAN_SHEET_R4_2026_V1,2026,2026-10-02T01:42:16.119823+00:00,2026-09-30,IGV,189,9M,5,-0.016847033616658468,0.8922155688622755,True,False,0.6946107784431138,0.9820359281437125,True,True,0.17642739964443663,0.38323353293413176,False,False,106.4800033569336,762.6300048828125
7750047f8251d1a1fe841b24,CLEAN_SHEET_R4_2026_V1,2026,2026-10-02T01:42:16.119823+00:00,2026-09-30,IHF,189,9M,5,-0.00471093909112796,1.0,True,True,0.4131736526946108,0.6526946107784432,False,False,0.14134653524257002,0.011976047904191617,False,False,54.88999938964844,762.6300048828125
5c4eb54dc33279b2e6611f2f,CLEAN_SHEET_R4_2026_V1,2026,2026-10-02T01:42:16.119823+00:00,2026-09-30,IHI,189,9M,5,-0.03222304555043162,0.39520958083832336,False,False,0.2862275449101796,0.4550898203592814,False,False,0.22004056317589568,0.7425149700598802,False,False,51.150001525878906,762.6300048828125
cb2c9157110cbd9d16e77835,CLEAN_SHEET_R4_2026_V1,2026,2026-10-02T01:42:16.119823+00:00,2026-09-30,IJR,189,9M,5,-0.025587936778811042,0.6467065868263473,False,False,0.09940119760479042,0.23952095808383234,False,False,0.187410205195233,0.47904191616766467,False,False,136.0399932861328,762.6300048828125
cf8973cf4eab82996c5885f7,CLEAN_SHEET_R4_2026_V1,2026,2026-10-02T01:42:16.119823+00:00,2026-09-30,ILF,189,9M,5,-0.03259753762185637,0.38323353293413176,False,False,0.33053892215568864,0.5239520958083832,False,False,0.204605742252231,0.5868263473053892,False,False,34.5,762.6300048828125
fbbb89deab4d3b7d9ecfeb82,CLEAN_SHEET_R4_2026_V1,2026,2026-10-02T01:42:16.119823+00:00,2026-09-30,IMTM,189,9M,5,-0.032158103475863314,0.40119760479041916,False,False,0.3437125748502994,0.5598802395209581,False,False,0.1808655349064936,0.41916167664670656,False,False,52.630001068115234,762.6300048828125
24ce7fe2f9a0e5aebd5e6a48,CLEAN_SHEET_R4_2026_V1,2026,2026-10-02T01:42:16.119823+00:00,2026-09-30,INDA,189,9M,5,-0.039669646708656095,0.16766467065868262,False,False,0.02275449101796407,0.1317365269461078,False,False,0.21679117273563667,0.7125748502994012,False,False,46.68000030517578,762.6300048828125
f256e391141e16c002db6735,CLEAN_SHEET_R4_2026_V1,2026,2026-10-02T01:42:16.119823+00:00,2026-09-30,IOO,189,9M,5,-0.021003976162681223,0.7844311377245509,False,False,0.540119760479042,0.8502994011976048,True,False,0.14364831992699945,0.029940119760479042,False,False,144.00999450683594,762.6300048828125
b9fa31cc6370056890ece3f8,CLEAN_SHEET_R4_2026_V1,2026,2026-10-02T01:42:16.119823+00:00,2026-09-30,IQLT,189,9M,5,-0.03456839310868083,0.32934131736526945,False,False,0.18922155688622755,0.31736526946107785,False,False,0.16928154345560728,0.281437125748503,False,False,49.470001220703125,762.6300048828125
7c05fa24aff07d6855772749,CLEAN_SHEET_R4_2026_V1,2026,2026-10-02T01:42:16.119823+00:00,2026-09-30,ITA,189,9M,5,-0.040123912167111996,0.1497005988023952,False,False,-0.005988023952095811,0.08982035928143713,False,False,0.23577401688595528,0.8802395209580839,True,False,207.17999267578125,762.6300048828125
0155d074e6d72e016364a881,CLEAN_SHEET_R4_2026_V1,2026,2026-10-02T01:42:16.119823+00:00,2026-09-30,ITB,189,9M,5,-0.03519304823657683,0.31137724550898205,False,False,0.046706586826347304,0.16766467065868262,False,False,0.2264465190866748,0.8023952095808383,True,False,87.0199966430664,762.6300048828125
a8ae3e54fb4d695d43863181,CLEAN_SHEET_R4_2026_V1,2026,2026-10-02T01:42:16.119823+00:00,2026-09-30,ITOT,189,9M,5,-0.023175421412130266,0.7305389221556886,False,False,0.4491017964071856,0.7485029940119761,False,False,0.15089425091127887,0.08982035928143713,False,False,166.27999877929688,762.6300048828125
5f0990fcb52cf756f851e225,CLEAN_SHEET_R4_2026_V1,2026,2026-10-02T01:42:16.119823+00:00,2026-09-30,IWB,189,9M,5,-0.02545637192142905,0.6526946107784432,False,False,0.43473053892215574,0.7065868263473054,False,False,0.14665913936634928,0.07784431137724551,False,False,416.1300048828125,762.6300048828125
e9e27ae8a98be4e8aa6b5420,CLEAN_SHEET_R4_2026_V1,2026,2026-10-02T01:42:16.119823+00:00,2026-09-30,IWD,189,9M,5,-0.024377414942662858,0.688622754491018,False,False,0.3413173652694611,0.5479041916167665,False,False,0.14390986320571336,0.03592814371257485,False,False,247.92999267578125,762.6300048828125
f1302838919009444b4a2fc7,CLEAN_SHEET_R4_2026_V1,2026,2026-10-02T01:42:16.119823+00:00,2026-09-30,IWF,189,9M,5,-0.025756778049916024,0.6407185628742516,False,False,0.4886227544910179,0.8203592814371258,True,False,0.1787074717158499,0.40718562874251496,False,False,125.26000213623047,762.6300048828125
fe4438d1d28e3d7ff095e917,CLEAN_SHEET_R4_2026_V1,2026,2026-10-02T01:42:16.119823+00:00,2026-09-30,IWM,189,9M,5,-0.01531452935303514,0.9341317365269461,True,True,0.2467065868263473,0.40119760479041916,False,False,0.18611363825880986,0.46107784431137727,False,False,277.8900146484375,762.6300048828125
8be5c7f9eeebed96f68a0df9,CLEAN_SHEET_R4_2026_V1,2026,2026-10-02T01:42:16.119823+00:00,2026-09-30,IXC,189,9M,5,-0.019177237757502224,0.8143712574850299,True,False,0.6323353293413174,0.9281437125748503,True,True,0.207274570808656,0.6047904191616766,False,False,56.970001220703125,762.6300048828125
aa68f627ebe907be74290d87,CLEAN_SHEET_R4_2026_V1,2026,2026-10-02T01:42:16.119823+00:00,2026-09-30,IXG,189,9M,5,-0.013283730562941853,0.9760479041916168,True,True,0.37485029940119763,0.6167664670658682,False,False,0.15451443268236353,0.10778443113772455,False,False,127.0,762.6300048828125
82eb052f27a54bcf1d236419,CLEAN_SHEET_R4_2026_V1,2026,2026-10-02T01:42:16.119823+00:00,2026-09-30,IXJ,189,9M,5,-0.024942725385352763,0.6646706586826348,False,False,0.42874251497005994,0.6856287425149701,False,False,0.17743098077775718,0.38922155688622756,False,False,102.12000274658203,762.6300048828125
728269894caba68704143dda,CLEAN_SHEET_R4_2026_V1,2026,2026-10-02T01:42:16.119823+00:00,2026-09-30,IXN,189,9M,5,-0.01562340009178157,0.9281437125748503,True,True,0.6910179640718563,0.9760479041916168,True,True,0.1724611440220816,0.32934131736526945,False,False,148.22000122070312,762.6300048828125
f8dc3536d2f4ff22a1085ac0,CLEAN_SHEET_R4_2026_V1,2026,2026-10-02T01:42:16.119823+00:00,2026-09-30,IXP,189,9M,5,-0.03656134345410285,0.2634730538922156,False,False,0.38682634730538923,0.6227544910179641,False,False,0.1985034318798542,0.5568862275449101,False,False,118.2699966430664,762.6300048828125
7ef47c7e58b4d3be7d6ccece,CLEAN_SHEET_R4_2026_V1,2026,2026-10-02T01:42:16.119823+00:00,2026-09-30,IXUS,189,9M,5,-0.029506627557165974,0.5209580838323353,False,False,0.3293413173652695,0.5149700598802395,False,False,0.16387912968964652,0.20958083832335328,False,False,94.98999786376953,762.6300048828125
cc99e2c28bc34b6931824d35,CLEAN_SHEET_R4_2026_V1,2026,2026-10-02T01:42:16.119823+00:00,2026-09-30,IYG,189,9M,5,-0.0171386164057687,0.8862275449101796,True,False,0.3077844311377246,0.47904191616766467,False,False,0.17352192676798742,0.3473053892215569,False,False,89.91999816894531,762.6300048828125
d5270d060e90853814f45e40,CLEAN_SHEET_R4_2026_V1,2026,2026-10-02T01:42:16.119823+00:00,2026-09-30,IYJ,189,9M,5,-0.03204151295946115,0.41916167664670656,False,False,0.1281437125748503,0.25748502994011974,False,False,0.19591513747517836,0.5329341317365269,False,False,153.3699951171875,762.6300048828125
9a4662b9bfc1ba7d7e1932dd,CLEAN_SHEET_R4_2026_V1,2026,2026-10-02T01:42:16.119823+00:00,2026-09-30,IYK,189,9M,5,-0.03450860610273844,0.33532934131736525,False,False,0.10778443113772455,0.25149700598802394,False,False,0.18265010791140315,0.4311377245508982,False,False,70.7300033569336,762.6300048828125
9db6971b62ac84f94450579f,CLEAN_SHEET_R4_2026_V1,2026,2026-10-02T01:42:16.119823+00:00,2026-09-30,IYT,189,9M,5,-0.03302929433616373,0.3532934131736527,False,False,0.0562874251497006,0.18562874251497005,False,False,0.20617110242065667,0.5988023952095808,False,False,78.5199966430664,762.6300048828125
20dc800a42ea46bd74f36df9,CLEAN_SHEET_R4_2026_V1,2026,2026-10-02T01:42:16.119823+00:00,2026-09-30,IYW,189,9M,5,-0.013507776801673876,0.9640718562874252,True,True,0.7341317365269461,0.9940119760479041,True,True,0.16604599612406226,0.23353293413173654,False,False,264.8999938964844,762.6300048828125
571b0cf99cab56b9009f66f4,CLEAN_SHEET_R4_2026_V1,2026,2026-10-02T01:42:16.119823+00:00,2026-09-30,IYZ,189,9M,5,-0.0355056989223465,0.2994011976047904,False,False,0.3065868263473054,0.47305389221556887,False,False,0.2250254627259455,0.7784431137724551,False,False,41.18000030517578,762.6300048828125
38351529f4896390824f9701,CLEAN_SHEET_R4_2026_V1,2026,2026-10-02T01:42:16.119823+00:00,2026-09-30,JXI,189,9M,5,-0.0425772166789989,0.08982035928143713,False,False,0.01676646706586826,0.11976047904191617,False,False,0.24748565261181896,0.9281437125748503,True,True,76.88999938964844,762.6300048828125
ee52b72851f60c36f181665a,CLEAN_SHEET_R4_2026_V1,2026,2026-10-02T01:42:16.119823+00:00,2026-09-30,KBA,189,9M,5,-0.03756055917475437,0.23353293413173654,False,False,0.08263473053892216,0.2215568862275449,False,False,0.22779615728561917,0.8143712574850299,True,False,30.940000534057617,762.6300048828125
ce0bc97590f26708773d0ca4,CLEAN_SHEET_R4_2026_V1,2026,2026-10-02T01:42:16.119823+00:00,2026-09-30,KBE,189,9M,5,-0.03117730852969102,0.47904191616766467,False,False,0.0622754491017964,0.20359281437125748,False,False,0.19562591347744981,0.5269461077844312,False,False,63.220001220703125,762.6300048828125
720914692dcef59c93106d89,CLEAN_SHEET_R4_2026_V1,2026,2026-10-02T01:42:16.119823+00:00,2026-09-30,KIE,189,9M,5,-0.019106230989760154,0.8263473053892215,True,False,0.23113772455089823,0.38323353293413176,False,False,0.19709895120026683,0.5389221556886228,False,False,58.5,762.6300048828125
429cfff470c915d4aa979809,CLEAN_SHEET_R4_2026_V1,2026,2026-10-02T01:42:16.119823+00:00,2026-09-30,KRE,189,9M,5,-0.031227849782184184,0.47305389221556887,False,False,0.05508982035928145,0.17964071856287425,False,False,0.19335707375276295,0.5149700598802395,False,False,69.44000244140625,762.6300048828125
bdee7d892d7c39962a0dd810,CLEAN_SHEET_R4_2026_V1,2026,2026-10-02T01:42:16.119823+00:00,2026-09-30,KSA,189,9M,5,-0.045987756550813594,0.017964071856287425,False,False,-0.06227544910179641,0.04790419161676647,False,False,0.21686207376613995,0.718562874251497,False,False,36.31999969482422,762.6300048828125
b0d6c5c63d0beb59177d45ea,CLEAN_SHEET_R4_2026_V1,2026,2026-10-02T01:42:16.119823+00:00,2026-09-30,KWEB,189,9M,5,-0.04191685966726673,0.10179640718562874,False,False,0.026347305389221552,0.1377245508982036,False,False,0.2503041787172668,0.9461077844311377,True,True,24.510000228881836,762.6300048828125
dbc97fd06ce9184b3c881c46,CLEAN_SHEET_R4_2026_V1,2026,2026-10-02T01:42:16.119823+00:00,2026-09-30,KXI,189,9M,5,-0.040967719174658114,0.10778443113772455,False,False,0.010778443113772452,0.10778443113772455,False,False,0.2240107461827184,0.7724550898203593,False,False,65.43000030517578,762.6300048828125
c5b94125bebed79e9856e555,CLEAN_SHEET_R4_2026_V1,2026,2026-10-02T01:42:16.119823+00:00,2026-09-30,MCHI,189,9M,5,-0.044013878159330944,0.041916167664670656,False,False,0.10658682634730539,0.24550898203592814,False,False,0.22806053877194876,0.8203592814371258,True,False,52.189998626708984,762.6300048828125
daa2fa72ff9445103cc15f06,CLEAN_SHEET_R4_2026_V1,2026,2026-10-02T01:42:16.119823+00:00,2026-09-30,MDY,189,9M,5,-0.02595772823847932,0.6167664670658682,False,False,0.18922155688622752,0.31137724550898205,False,False,0.18536319832825027,0.4550898203592814,False,False,656.7100219726562,762.6300048828125
295e0c38459078997c6b79ef,CLEAN_SHEET_R4_2026_V1,2026,2026-10-02T01:42:16.119823+00:00,2026-09-30,MTUM,189,9M,5,-0.018733807809520005,0.844311377245509,True,False,0.4610778443113773,0.7724550898203593,False,False,0.24025543691546059,0.9101796407185628,True,True,317.3399963378906,762.6300048828125
e59e3b1368f7097bef3a252c,CLEAN_SHEET_R4_2026_V1,2026,2026-10-02T01:42:16.119823+00:00,2026-09-30,MXI,189,9M,5,-0.03659318831957277,0.25748502994011974,False,False,0.32335329341317365,0.5029940119760479,False,False,0.20953576919851397,0.6407185628742516,False,False,106.98999786376953,762.6300048828125
bac2c7f84b31a08693c8d51b,CLEAN_SHEET_R4_2026_V1,2026,2026-10-02T01:42:16.119823+00:00,2026-09-30,OIH,189,9M,5,-0.035685816367787074,0.2934131736526946,False,False,0.3568862275449102,0.5868263473053892,False,False,0.23458690944418747,0.8562874251497006,True,False,378.3699951171875,762.6300048828125
61f9f5768b4139ae57fbf2e5,CLEAN_SHEET_R4_2026_V1,2026,2026-10-02T01:42:16.119823+00:00,2026-09-30,PAVE,189,9M,5,-0.03430269195483762,0.3413173652694611,False,False,0.05868263473053893,0.19760479041916168,False,False,0.21846584676097502,0.7305389221556886,False,False,52.5,762.6300048828125
32cbb6fa60b808da5ed96198,CLEAN_SHEET_R4_2026_V1,2026,2026-10-02T01:42:16.119823+00:00,2026-09-30,PBJ,189,9M,5,-0.038473461864272966,0.19760479041916168,False,False,0.04790419161676647,0.17365269461077845,False,False,0.2273264853696231,0.8083832335329342,True,False,44.779998779296875,762.6300048828125
9f0d836cbc8c5e1d91e2f2bf,CLEAN_SHEET_R4_2026_V1,2026,2026-10-02T01:42:16.119823+00:00,2026-09-30,PEJ,189,9M,5,-0.028307070495101633,0.562874251497006,False,False,0.20479041916167665,0.32934131736526945,False,False,0.22625635120517343,0.7964071856287425,False,False,61.97999954223633,762.6300048828125
f6cb4feabfe9bcb49ee9ab86,CLEAN_SHEET_R4_2026_V1,2026,2026-10-02T01:42:16.119823+00:00,2026-09-30,QAT,189,9M,5,-0.04379285847260236,0.05389221556886228,False,False,-0.06347305389221558,0.03592814371257485,False,False,0.23182821792863198,0.8383233532934131,True,False,16.290000915527344,762.6300048828125
688117c7541f4d2c32afa513,CLEAN_SHEET_R4_2026_V1,2026,2026-10-02T01:42:16.119823+00:00,2026-09-30,QQQ,189,9M,5,-0.018710776059546918,0.8502994011976048,True,False,0.5892215568862275,0.9161676646706587,True,True,0.17636602760692086,0.3772455089820359,False,False,739.77001953125,762.6300048828125
fd477dc6aa246b33e447d7b0,CLEAN_SHEET_R4_2026_V1,2026,2026-10-02T01:42:16.119823+00:00,2026-09-30,QUAL,189,9M,5,-0.026561364734309426,0.6047904191616766,False,False,0.3640718562874251,0.5988023952095808,False,False,0.13898908997961448,0.005988023952095809,False,False,222.24000549316406,762.6300048828125
ca95f09ab04d65a17af83394,CLEAN_SHEET_R4_2026_V1,2026,2026-10-02T01:42:16.119823+00:00,2026-09-30,REET,189,9M,5,-0.040885373127617544,0.11377245508982035,False,False,-0.027544910179640725,0.0718562874251497,False,False,0.19737270327994538,0.5449101796407185,False,False,25.780000686645508,762.6300048828125
98dda25a6f2ff273c7536497,CLEAN_SHEET_R4_2026_V1,2026,2026-10-02T01:42:16.119823+00:00,2026-09-30,REM,189,9M,5,-0.046738661723189724,0.011976047904191617,False,False,-0.11976047904191615,0.005988023952095809,False,False,0.2323731845986729,0.844311377245509,True,False,18.209999084472656,762.6300048828125
ab5919eb3e055d62a14aef5f,CLEAN_SHEET_R4_2026_V1,2026,2026-10-02T01:42:16.119823+00:00,2026-09-30,REMX,189,9M,5,-0.044175305060151326,0.03592814371257485,False,False,-0.08143712574850301,0.017964071856287425,False,False,0.2358074402597623,0.8862275449101796,True,False,64.26000213623047,762.6300048828125
134068f44ebef682422183b3,CLEAN_SHEET_R4_2026_V1,2026,2026-10-02T01:42:16.119823+00:00,2026-09-30,REZ,189,9M,5,-0.03237055676687041,0.38922155688622756,False,False,0.01916167664670658,0.12574850299401197,False,False,0.19792752539250746,0.5508982035928144,False,False,88.33999633789062,762.6300048828125
c119af327f95cdf8dea96b0e,CLEAN_SHEET_R4_2026_V1,2026,2026-10-02T01:42:16.119823+00:00,2026-09-30,RSP,189,9M,5,-0.02576351972916359,0.6347305389221557,False,False,0.16886227544910182,0.2844311377245509,False,False,0.16265589726609384,0.17365269461077845,False,False,208.02000427246094,762.6300048828125
91359f12dcefe0a1d7673e57,CLEAN_SHEET_R4_2026_V1,2026,2026-10-02T01:42:16.119823+00:00,2026-09-30,RWO,189,9M,5,-0.0436302351744315,0.059880239520958084,False,False,-0.07065868263473052,0.023952095808383235,False,False,0.2059278613351288,0.592814371257485,False,False,46.400001525878906,762.6300048828125
0a5dac9facc9854c3159a476,CLEAN_SHEET_R4_2026_V1,2026,2026-10-02T01:42:16.119823+00:00,2026-09-30,RXI,189,9M,5,-0.04072896126659835,0.11976047904191617,False,False,-0.003592814371257491,0.09580838323353294,False,False,0.21565084470309068,0.7005988023952096,False,False,184.8699951171875,762.6300048828125
73de60b97f0d23ef5b49a23d,CLEAN_SHEET_R4_2026_V1,2026,2026-10-02T01:42:16.119823+00:00,2026-09-30,SCHD,189,9M,5,-0.023581289879019106,0.7065868263473054,False,False,0.4275449101796408,0.6766467065868264,False,False,0.1828457125400291,0.437125748502994,False,False,32.529998779296875,762.6300048828125
bb6b8efd794bf5432ba2f82d,CLEAN_SHEET_R4_2026_V1,2026,2026-10-02T01:42:16.119823+00:00,2026-09-30,SCHY,189,9M,5,-0.03942220763599087,0.17365269461077845,False,False,0.06826347305389222,0.20958083832335328,False,False,0.19030592832284932,0.5029940119760479,False,False,31.399999618530273,762.6300048828125
b85cbfbb1f5b53ab3cf49f38,CLEAN_SHEET_R4_2026_V1,2026,2026-10-02T01:42:16.119823+00:00,2026-09-30,SCZ,189,9M,5,-0.032890135683137235,0.3592814371257485,False,False,0.32934131736526945,0.5089820359281437,False,False,0.1563236509809758,0.11377245508982035,False,False,84.41999816894531,762.6300048828125
33afd3c35367f2e4dea9b107,CLEAN_SHEET_R4_2026_V1,2026,2026-10-02T01:42:16.119823+00:00,2026-09-30,SKYY,189,9M,5,-0.012406527963035402,0.9820359281437125,True,True,0.7772455089820359,1.0,True,True,0.17336693165825895,0.3413173652694611,False,False,163.99000549316406,762.6300048828125
4f6d4900b5fc0e1ae930d94b,CLEAN_SHEET_R4_2026_V1,2026,2026-10-02T01:42:16.119823+00:00,2026-09-30,SLV,189,9M,5,-0.032078817886496455,0.41317365269461076,False,False,0.34850299401197604,0.5688622754491018,False,False,0.28683918155434096,0.9940119760479041,True,True,54.5099983215332,762.6300048828125
68f6edf9f5edebd53879d415,CLEAN_SHEET_R4_2026_V1,2026,2026-10-02T01:42:16.119823+00:00,2026-09-30,SMH,189,9M,5,-0.01338558207098648,0.9700598802395209,True,True,0.5748502994011976,0.8982035928143712,True,False,0.24285714933286537,0.9161676646706587,True,True,609.0,762.6300048828125
7160216730691e3b21e1342b,CLEAN_SHEET_R4_2026_V1,2026,2026-10-02T01:42:16.119823+00:00,2026-09-30,SOXX,189,9M,5,-0.012233471161967196,0.9880239520958084,True,True,0.5556886227544909,0.8622754491017964,True,False,0.26712705120666863,0.9700598802395209,True,True,568.6400146484375,762.6300048828125
5b9ee28034f3e06741386323,CLEAN_SHEET_R4_2026_V1,2026,2026-10-02T01:42:16.119823+00:00,2026-09-30,SPGM,189,9M,5,-0.029833993703148702,0.49700598802395207,False,False,0.3544910179640718,0.5808383233532934,False,False,0.1456823648526291,0.059880239520958084,False,False,86.5,762.6300048828125
9304b1053780061fdabddd13,CLEAN_SHEET_R4_2026_V1,2026,2026-10-02T01:42:16.119823+00:00,2026-09-30,SPY,189,9M,5,-0.025832843128503542,0.6287425149700598,False,False,0.44431137724550906,0.7305389221556886,False,False,0.14469456432003464,0.041916167664670656,False,False,762.6300048828125,762.6300048828125
5ada84e99dfc4b096757dbcd,CLEAN_SHEET_R4_2026_V1,2026,2026-10-02T01:42:16.119823+00:00,2026-09-30,THD,189,9M,5,-0.029776589264031515,0.5089820359281437,False,False,0.20958083832335328,0.3413173652694611,False,False,0.1572403874755708,0.11976047904191617,False,False,70.51000213623047,762.6300048828125
b4f19f7ae1c1ec796e6261e4,CLEAN_SHEET_R4_2026_V1,2026,2026-10-02T01:42:16.119823+00:00,2026-09-30,TUR,189,9M,5,-0.044799079552986565,0.023952095808383235,False,False,-0.06347305389221557,0.041916167664670656,False,False,0.22507504505869663,0.7844311377245509,False,False,33.79999923706055,762.6300048828125
524ca29fd7b61adff094b0e3,CLEAN_SHEET_R4_2026_V1,2026,2026-10-02T01:42:16.119823+00:00,2026-09-30,UAE,189,9M,5,-0.03345412628964713,0.3473053892215569,False,False,0.4383233532934132,0.7245508982035929,False,False,0.14205910286755152,0.017964071856287425,False,False,20.06999969482422,762.6300048828125
421a3d10d5c6555aa859b509,CLEAN_SHEET_R4_2026_V1,2026,2026-10-02T01:42:16.119823+00:00,2026-09-30,URA,189,9M,5,-0.030340617498089723,0.49101796407185627,False,False,0.332934131736527,0.5329341317365269,False,False,0.3034986216353037,1.0,True,True,39.849998474121094,762.6300048828125
43dac2b3d3804c0aa6ef77cd,CLEAN_SHEET_R4_2026_V1,2026,2026-10-02T01:42:16.119823+00:00,2026-09-30,URTH,189,9M,5,-0.02675832768160327,0.592814371257485,False,False,0.39880239520958083,0.6407185628742516,False,False,0.1425327755621673,0.023952095808383235,False,False,206.22999572753906,762.6300048828125
b17982c01685d02821101280,CLEAN_SHEET_R4_2026_V1,2026,2026-10-02T01:42:16.119823+00:00,2026-09-30,USMV,189,9M,5,-0.036457716518748476,0.2754491017964072,False,False,0.28502994011976046,0.4431137724550898,False,False,0.16215375532019666,0.16766467065868262,False,False,97.44000244140625,762.6300048828125
7fc1577b224ad973e1bc1430,CLEAN_SHEET_R4_2026_V1,2026,2026-10-02T01:42:16.119823+00:00,2026-09-30,VEA,189,9M,5,-0.029266357020994616,0.5449101796407185,False,False,0.31257485029940113,0.48502994011976047,False,False,0.1674365417477826,0.25149700598802394,False,False,70.61000061035156,762.6300048828125
29891334c37557cc7bb340a6,CLEAN_SHEET_R4_2026_V1,2026,2026-10-02T01:42:16.119823+00:00,2026-09-30,VEU,189,9M,5,-0.02788547383590028,0.5748502994011976,False,False,0.3437125748502994,0.5598802395209581,False,False,0.16524512386938417,0.2275449101796407,False,False,82.97000122070312,762.6300048828125
cdfb056dc847030c45675c20,CLEAN_SHEET_R4_2026_V1,2026,2026-10-02T01:42:16.119823+00:00,2026-09-30,VGK,189,9M,5,-0.034858598540073435,0.31736526946107785,False,False,0.08023952095808382,0.2155688622754491,False,False,0.16843747194235306,0.2694610778443114,False,False,86.80000305175781,762.6300048828125
c3514aee2d6f4b57622a522b,CLEAN_SHEET_R4_2026_V1,2026,2026-10-02T01:42:16.119823+00:00,2026-09-30,VNM,189,9M,5,-0.03537531650640334,0.30538922155688625,False,False,0.22634730538922154,0.3772455089820359,False,False,0.261135179550372,0.9580838323353293,True,True,16.950000762939453,762.6300048828125
214c3d1e3716dd965dcf8bd5,CLEAN_SHEET_R4_2026_V1,2026,2026-10-02T01:42:16.119823+00:00,2026-09-30,VNQ,189,9M,5,-0.039263813127177485,0.17964071856287425,False,False,-0.005988023952095823,0.08383233532934131,False,False,0.20872431574778458,0.6227544910179641,False,False,89.62999725341797,762.6300048828125
378e2e64bfd61a290d229c80,CLEAN_SHEET_R4_2026_V1,2026,2026-10-02T01:42:16.119823+00:00,2026-09-30,VPL,189,9M,5,-0.020619737939801944,0.7904191616766467,False,False,0.5808383233532934,0.9041916167664671,True,True,0.18535999480555168,0.4491017964071856,False,False,115.80999755859375,762.6300048828125
5557646e3137d64163dda57b,CLEAN_SHEET_R4_2026_V1,2026,2026-10-02T01:42:16.119823+00:00,2026-09-30,VSS,189,9M,5,-0.03918146315692925,0.18562874251497005,False,False,0.33053892215568864,0.5239520958083832,False,False,0.17484162098763043,0.3592814371257485,False,False,155.25,762.6300048828125
3702a34f4777230a605aa7ff,CLEAN_SHEET_R4_2026_V1,2026,2026-10-02T01:42:16.119823+00:00,2026-09-30,VT,189,9M,5,-0.029451766270358188,0.5269461077844312,False,False,0.35808383233532937,0.592814371257485,False,False,0.14775499278504484,0.08383233532934131,False,False,157.85000610351562,762.6300048828125
8828d12c032634c9bf406af6,CLEAN_SHEET_R4_2026_V1,2026,2026-10-02T01:42:16.119823+00:00,2026-09-30,VWO,189,9M,5,-0.03127579341608849,0.46706586826347307,False,False,0.3520958083832335,0.5748502994011976,False,False,0.16293678389081725,0.18562874251497005,False,False,59.310001373291016,762.6300048828125
25efa2c3e58753305980519a,CLEAN_SHEET_R4_2026_V1,2026,2026-10-02T01:42:16.119823+00:00,2026-09-30,VXUS,189,9M,5,-0.023192041426000412,0.7245508982035929,False,False,0.4455089820359282,0.7365269461077845,False,False,0.1667141350587184,0.24550898203592814,False,False,84.95999908447266,762.6300048828125
40d52d17e90e5fc08dab1dc9,CLEAN_SHEET_R4_2026_V1,2026,2026-10-02T01:42:16.119823+00:00,2026-09-30,VYMI,189,9M,5,-0.023270300518947663,0.718562874251497,False,False,0.48383233532934133,0.8083832335329342,True,False,0.16208246119493264,0.15568862275449102,False,False,101.12999725341797,762.6300048828125
30c73faf10022cb3253d298c,CLEAN_SHEET_R4_2026_V1,2026,2026-10-02T01:42:16.119823+00:00,2026-09-30,XAR,189,9M,5,-0.042806052463837514,0.07784431137724551,False,False,-0.055089820359281436,0.05389221556886228,False,False,0.235483572985034,0.874251497005988,True,False,231.25,762.6300048828125
341b9bc3d52d7b1fc9613208,CLEAN_SHEET_R4_2026_V1,2026,2026-10-02T01:42:16.119823+00:00,2026-09-30,XBI,189,9M,5,-0.014120353601061515,0.9580838323353293,True,True,0.5341317365269461,0.844311377245509,True,False,0.2181434087550976,0.7245508982035929,False,False,157.67999267578125,762.6300048828125
8dd3490690c6aba0e5a5402a,CLEAN_SHEET_R4_2026_V1,2026,2026-10-02T01:42:16.119823+00:00,2026-09-30,XHB,189,9M,5,-0.03647530766076443,0.2694610778443114,False,False,0.09940119760479041,0.23353293413173654,False,False,0.2522189520071011,0.9520958083832335,True,True,96.02999877929688,762.6300048828125
a40a99f4fa0ce303e04dcf46,CLEAN_SHEET_R4_2026_V1,2026,2026-10-02T01:42:16.119823+00:00,2026-09-30,XLB,189,9M,5,-0.040444094425303584,0.1317365269461078,False,False,0.013173652694610799,0.11377245508982035,False,False,0.21303332601852876,0.6826347305389222,False,False,48.70000076293945,762.6300048828125
c13549e6655dae272e3fde68,CLEAN_SHEET_R4_2026_V1,2026,2026-10-02T01:42:16.119823+00:00,2026-09-30,XLC,189,9M,5,-0.04333350636277117,0.0658682634730539,False,False,0.2479041916167665,0.40718562874251496,False,False,0.21093933405473686,0.6646706586826348,False,False,110.97000122070312,762.6300048828125
89c7d9af634c8930ef10bcd1,CLEAN_SHEET_R4_2026_V1,2026,2026-10-02T01:42:16.119823+00:00,2026-09-30,XLE,189,9M,5,-0.016516982238968497,0.9041916167664671,True,True,0.6742514970059881,0.9640718562874252,True,True,0.21190368496724105,0.6706586826347305,False,False,61.5,762.6300048828125
08ecebd2232305dda2382c6e,CLEAN_SHEET_R4_2026_V1,2026,2026-10-02T01:42:16.119823+00:00,2026-09-30,XLF,189,9M,5,-0.02593808272552278,0.6227544910179641,False,False,0.1592814371257485,0.2754491017964072,False,False,0.17086143276627005,0.31137724550898205,False,False,53.400001525878906,762.6300048828125
5649037459c7cd3566b83804,CLEAN_SHEET_R4_2026_V1,2026,2026-10-02T01:42:16.119823+00:00,2026-09-30,XLI,189,9M,5,-0.0367643280646832,0.25149700598802394,False,False,0.031137724550898204,0.1437125748502994,False,False,0.21001084059762912,0.6467065868263473,False,False,166.97999572753906,762.6300048828125
1cad1dd16278db5b93096612,CLEAN_SHEET_R4_2026_V1,2026,2026-10-02T01:42:16.119823+00:00,2026-09-30,XLK,189,9M,5,-0.022541687989492132,0.7485029940119761,False,False,0.5688622754491017,0.8922155688622755,True,False,0.17027267583351227,0.2994011976047904,False,False,195.75,762.6300048828125
0a62998d8062165f5bf3f2d9,CLEAN_SHEET_R4_2026_V1,2026,2026-10-02T01:42:16.119823+00:00,2026-09-30,XLP,189,9M,5,-0.04046598776624426,0.12574850299401197,False,False,0.010778443113772445,0.10179640718562874,False,False,0.20802451489983123,0.6167664670658682,False,False,80.5999984741211,762.6300048828125
897792929a2dd5ead228c495,CLEAN_SHEET_R4_2026_V1,2026,2026-10-02T01:42:16.119823+00:00,2026-09-30,XLRE,189,9M,5,-0.04197926385318762,0.09580838323353294,False,False,-0.04311377245508982,0.059880239520958084,False,False,0.21207995707687016,0.6766467065868264,False,False,40.90999984741211,762.6300048828125
b40c757557eaf539bc6da0bf,CLEAN_SHEET_R4_2026_V1,2026,2026-10-02T01:42:16.119823+00:00,2026-09-30,XLU,189,9M,5,-0.04805539834991769,0.005988023952095809,False,False,-0.06467065868263472,0.029940119760479042,False,False,0.24902722943220465,0.9341317365269461,True,True,39.439998626708984,762.6300048828125
e36a00e1ddd37d8fc7564b03,CLEAN_SHEET_R4_2026_V1,2026,2026-10-02T01:42:16.119823+00:00,2026-09-30,XLV,189,9M,5,-0.02393693609081229,0.7005988023952096,False,False,0.4862275449101796,0.8143712574850299,True,False,0.16770289645827255,0.2634730538922156,False,False,168.4199981689453,762.6300048828125
605804d89b1d985b3cca65ca,CLEAN_SHEET_R4_2026_V1,2026,2026-10-02T01:42:16.119823+00:00,2026-09-30,XLY,189,9M,5,-0.0388898216164424,0.19161676646706588,False,False,0.09820359281437127,0.2275449101796407,False,False,0.2380605443737767,0.8982035928143712,True,False,108.83999633789062,762.6300048828125
a0ae5f3d2b4a1b97191deca3,CLEAN_SHEET_R4_2026_V1,2026,2026-10-02T01:42:16.119823+00:00,2026-09-30,XME,189,9M,5,-0.029803165208598964,0.5029940119760479,False,False,0.4203592814371257,0.6706586826347305,False,False,0.26454594633311734,0.9640718562874252,True,True,103.55999755859375,762.6300048828125
6d73ddb34c426dc53e2faf64,CLEAN_SHEET_R4_2026_V1,2026,2026-10-02T01:42:16.119823+00:00,2026-09-30,XOP,189,9M,5,-0.014934801632560531,0.9401197604790419,True,True,0.6574850299401198,0.9520958083832335,True,True,0.23906160498991172,0.9041916167664671,True,True,179.3300018310547,762.6300048828125
16bbc9aa9077f0bbe37d0f18,CLEAN_SHEET_R4_2026_V1,2026,2026-10-02T01:42:16.119823+00:00,2026-09-30,XPH,189,9M,5,-0.007676476011514024,0.9940119760479041,True,True,0.3053892215568862,0.46706586826347307,False,False,0.188775810507977,0.48502994011976047,False,False,65.0,762.6300048828125
c8a6d530b530891c6ded1dd4,CLEAN_SHEET_R4_2026_V1,2026,2026-10-02T01:42:16.119823+00:00,2026-09-30,XRT,189,9M,5,-0.031329932729408025,0.46107784431137727,False,False,0.20239520958083834,0.32335329341317365,False,False,0.22205304682321858,0.7544910179640718,False,False,82.1500015258789,762.6300048828125
